INDEX,PROBABILITY
202896,0.66
202897,0.0
202898,0.86
202899,0.01
202900,0.01
202901,0.25
202902,0.0
202903,0.01
202904,0.0
202905,0.06
202906,0.0
202907,0.08
202908,0.0
202909,0.03
202910,0.0
202911,0.0
202912,0.0
202913,0.0
202914,0.0
202915,0.0
202916,0.09
202917,0.01
202918,0.0
202919,0.0
202920,0.01
202921,0.01
202922,0.03
202923,0.01
202924,0.06
202925,0.0
202926,0.03
202927,0.0
202928,0.02
202929,0.0
202930,0.03
202931,0.06
202932,0.01
202933,0.0
202934,0.0
202935,0.03
202936,0.02
202937,0.3
202938,0.07
202939,0.01
202940,0.17
202941,0.0
202942,0.0
202943,0.99
202944,0.06
202945,0.01
202946,0.0
202947,0.0
202948,0.02
202949,0.0
202950,0.03
202951,0.0
202952,0.0
202953,0.04
202954,0.01
202955,0.0
202956,0.02
202957,0.03
202958,0.21
202959,0.03
202960,0.16
202961,0.1
202962,0.02
202963,0.17
202964,0.07
202965,0.02
202966,0.57
202967,0.04
202968,0.04
202969,0.01
202970,0.05
202971,0.01
202972,0.01
202973,0.03
202974,0.0
202975,0.03
202976,0.05
202977,0.03
202978,0.04
202979,0.01
202980,0.02
202981,0.04
202982,0.0
202983,0.83
202984,0.0
202985,0.04
202986,0.0
202987,0.02
202988,0.05
202989,0.0
202990,0.04
202991,0.07
202992,0.0
202993,0.0
202994,0.03
202995,0.24
202996,0.0
202997,0.01
202998,0.0
202999,0.05
203000,0.25
203001,0.0
203002,0.03
203003,0.0
203004,0.73
203005,0.02
203006,0.0
203007,0.0
203008,0.03
203009,0.67
203010,0.0
203011,0.01
203012,0.04
203013,0.02
203014,0.0
203015,0.01
203016,0.0
203017,0.0
203018,0.0
203019,0.0
203020,0.09
203021,0.01
203022,0.03
203023,0.01
203024,0.02
203025,0.18
203026,0.0
203027,0.0
203028,0.05
203029,0.77
203030,0.0
203031,0.0
203032,0.0
203033,0.0
203034,0.02
203035,0.0
203036,0.0
203037,0.0
203038,0.15
203039,0.01
203040,0.02
203041,0.01
203042,0.02
203043,0.03
203044,0.02
203045,0.03
203046,0.12
203047,0.04
203048,0.08
203049,0.03
203050,0.03
203051,0.03
203052,0.04
203053,0.93
203054,0.06
203055,0.01
203056,0.0
203057,0.86
203058,0.0
203059,0.17
203060,0.08
203061,0.0
203062,0.02
203063,0.0
203064,0.01
203065,0.0
203066,0.0
203067,0.01
203068,0.0
203069,0.01
203070,0.03
203071,0.02
203072,0.01
203073,0.0
203074,0.03
203075,0.06
203076,0.0
203077,0.0
203078,0.02
203079,0.76
203080,0.0
203081,0.0
203082,0.01
203083,0.0
203084,0.02
203085,0.01
203086,0.06
203087,0.04
203088,0.03
203089,0.04
203090,0.32
203091,0.04
203092,0.0
203093,0.04
203094,0.03
203095,0.03
203096,0.0
203097,0.05
203098,0.07
203099,0.0
203100,0.01
203101,0.05
203102,0.0
203103,0.02
203104,0.03
203105,0.01
203106,0.04
203107,0.01
203108,0.24
203109,0.0
203110,0.01
203111,0.05
203112,0.04
203113,0.0
203114,0.0
203115,0.18
203116,0.0
203117,0.01
203118,0.01
203119,0.02
203120,0.0
203121,0.01
203122,0.03
203123,0.0
203124,0.01
203125,0.06
203126,0.01
203127,0.0
203128,0.0
203129,0.02
203130,0.02
203131,0.0
203132,0.02
203133,0.09
203134,0.01
203135,0.01
203136,0.03
203137,0.06
203138,0.01
203139,0.01
203140,0.0
203141,0.02
203142,0.03
203143,0.0
203144,0.01
203145,0.03
203146,0.13
203147,0.24
203148,0.0
203149,0.02
203150,0.47
203151,0.0
203152,0.0
203153,0.02
203154,0.0
203155,0.07
203156,0.05
203157,0.01
203158,0.11
203159,0.01
203160,0.01
203161,0.0
203162,0.02
203163,0.06
203164,0.05
203165,0.0
203166,0.02
203167,0.0
203168,0.01
203169,0.0
203170,0.02
203171,0.01
203172,0.01
203173,0.0
203174,0.02
203175,0.0
203176,0.08
203177,0.02
203178,0.96
203179,0.03
203180,0.03
203181,0.03
203182,0.12
203183,0.04
203184,0.01
203185,0.0
203186,0.04
203187,0.01
203188,0.0
203189,0.01
203190,0.01
203191,0.0
203192,0.0
203193,0.03
203194,0.03
203195,0.01
203196,0.01
203197,0.0
203198,0.01
203199,0.02
203200,0.0
203201,0.0
203202,0.01
203203,0.03
203204,0.11
203205,0.03
203206,0.0
203207,0.0
203208,0.03
203209,0.02
203210,0.01
203211,0.0
203212,0.0
203213,0.01
203214,0.04
203215,0.0
203216,0.03
203217,0.04
203218,0.16
203219,0.01
203220,0.1
203221,0.0
203222,0.02
203223,0.01
203224,0.0
203225,0.0
203226,0.01
203227,0.01
203228,0.01
203229,0.0
203230,0.04
203231,0.09
203232,0.01
203233,0.02
203234,0.02
203235,0.0
203236,0.66
203237,0.02
203238,0.08
203239,0.02
203240,0.22
203241,0.01
203242,0.01
203243,0.01
203244,0.02
203245,0.0
203246,0.0
203247,0.01
203248,0.02
203249,0.01
203250,0.0
203251,0.18
203252,0.05
203253,0.03
203254,0.01
203255,0.01
203256,0.01
203257,0.01
203258,0.0
203259,0.0
203260,0.02
203261,0.0
203262,0.0
203263,0.02
203264,0.09
203265,0.02
203266,0.01
203267,0.02
203268,0.03
203269,0.01
203270,0.01
203271,0.05
203272,0.0
203273,0.0
203274,0.03
203275,0.0
203276,0.01
203277,0.01
203278,0.74
203279,0.04
203280,0.055
203281,0.01
203282,0.01
203283,0.03
203284,0.01
203285,0.02
203286,0.46
203287,0.08
203288,0.03
203289,0.0
203290,0.03
203291,0.0
203292,0.01
203293,0.01
203294,0.01
203295,0.01
203296,0.03
203297,0.98
203298,0.01
203299,0.0
203300,0.0
203301,0.04
203302,0.0
203303,0.76
203304,0.01
203305,0.01
203306,0.01
203307,0.0
203308,0.59
203309,0.02
203310,0.01
203311,0.0
203312,0.32
203313,0.03
203314,0.09
203315,0.01
203316,0.5
203317,0.0
203318,0.02
203319,0.0
203320,0.01
203321,0.01
203322,0.01
203323,0.0
203324,0.01
203325,0.02
203326,0.1
203327,0.63
203328,0.0
203329,0.0
203330,0.0
203331,0.07
203332,0.02
203333,0.03
203334,0.02
203335,0.04
203336,0.07
203337,0.01
203338,0.05
203339,0.0
203340,0.0
203341,0.03
203342,0.0
203343,0.0
203344,0.03
203345,0.0
203346,0.01
203347,0.09
203348,0.0
203349,0.01
203350,0.01
203351,0.0
203352,0.03
203353,0.01
203354,0.2686904761904762
203355,0.0
203356,0.03
203357,0.01
203358,0.0
203359,0.01
203360,0.0
203361,0.35
203362,0.01
203363,0.0
203364,0.04
203365,0.25
203366,0.01
203367,0.02
203368,0.0
203369,0.01
203370,0.04
203371,0.04
203372,0.0
203373,0.0
203374,0.01
203375,0.31
203376,0.04
203377,0.0
203378,0.0
203379,0.0
203380,0.02
203381,0.0
203382,0.0
203383,0.01
203384,0.02
203385,0.0
203386,0.0
203387,0.01
203388,0.07
203389,0.0
203390,0.01
203391,0.0
203392,0.01
203393,0.04
203394,0.02
203395,0.01
203396,0.21
203397,0.05
203398,0.026666666666666665
203399,0.13
203400,0.85
203401,0.0
203402,0.0
203403,0.0
203404,0.01
203405,0.0
203406,0.01
203407,0.01
203408,0.01
203409,0.12
203410,0.02
203411,0.0
203412,0.0
203413,0.0
203414,0.0
203415,0.03
203416,0.0
203417,0.01
203418,0.0
203419,0.06
203420,0.02
203421,0.01
203422,0.01
203423,0.01
203424,0.93
203425,0.0
203426,0.0
203427,0.01
203428,0.83
203429,0.02
203430,0.0
203431,0.03
203432,0.02
203433,0.02
203434,0.0
203435,0.0
203436,0.0
203437,0.57
203438,0.32
203439,0.0
203440,0.0
203441,0.01
203442,0.01
203443,0.02
203444,0.0
203445,0.01
203446,0.02
203447,0.0
203448,0.09
203449,0.02
203450,0.02
203451,0.31
203452,0.0
203453,0.03
203454,0.03
203455,0.0
203456,0.0
203457,0.36
203458,0.01
203459,0.0
203460,0.04
203461,0.02
203462,0.0
203463,0.03
203464,0.01
203465,0.01
203466,0.0
203467,0.0
203468,0.69
203469,0.09
203470,0.0
203471,0.31
203472,0.06
203473,0.01
203474,0.07
203475,0.0
203476,0.08
203477,0.0
203478,0.15
203479,0.0
203480,0.03
203481,0.04
203482,0.07
203483,0.46
203484,0.0
203485,0.03
203486,0.01
203487,0.01
203488,0.02
203489,0.04
203490,0.01
203491,0.03
203492,0.15
203493,0.04
203494,0.08
203495,0.01
203496,0.04
203497,0.0
203498,0.02
203499,0.03
203500,0.0
203501,0.0
203502,0.01
203503,0.02
203504,0.0
203505,0.0
203506,0.04
203507,0.03
203508,0.0
203509,0.02
203510,0.02
203511,0.01
203512,0.01
203513,0.01
203514,0.0
203515,0.0
203516,0.0
203517,0.02
203518,0.0
203519,0.03
203520,0.0
203521,0.02
203522,0.0
203523,0.05
203524,0.02
203525,0.61
203526,0.0
203527,0.0
203528,0.01
203529,0.06
203530,0.0
203531,0.0
203532,0.06
203533,0.01
203534,0.04
203535,0.12
203536,0.0
203537,0.15
203538,0.02
203539,0.07
203540,0.0
203541,0.01
203542,0.0
203543,0.05
203544,0.01
203545,0.06
203546,0.0
203547,0.0
203548,0.01
203549,0.01
203550,0.0
203551,0.0
203552,0.0
203553,0.0
203554,0.01
203555,0.29
203556,0.0
203557,0.63
203558,0.01
203559,0.0
203560,0.01
203561,0.06
203562,0.0
203563,0.02
203564,0.08333333333333334
203565,0.01
203566,0.09
203567,0.01
203568,0.09
203569,0.0
203570,0.0
203571,0.02
203572,0.0
203573,0.01
203574,0.06
203575,0.01
203576,0.03
203577,0.01
203578,0.01
203579,0.07
203580,0.02
203581,0.95
203582,0.0
203583,0.0
203584,0.02
203585,0.03
203586,0.01
203587,0.0
203588,0.1
203589,0.03
203590,0.04
203591,0.03
203592,0.05
203593,0.67
203594,0.0
203595,0.09
203596,0.03
203597,0.0
203598,0.21
203599,0.0
203600,0.0
203601,0.0
203602,0.0
203603,0.0
203604,0.0
203605,0.0
203606,0.0
203607,0.0
203608,0.01
203609,0.05
203610,0.17
203611,0.24
203612,0.07
203613,0.11
203614,0.03
203615,0.0
203616,0.0
203617,0.17
203618,0.07
203619,0.06
203620,0.0
203621,0.0
203622,0.0
203623,0.01
203624,0.01
203625,0.01
203626,0.0
203627,0.03
203628,0.06
203629,0.01
203630,0.0
203631,0.78
203632,0.08
203633,0.03
203634,0.03
203635,0.0
203636,0.05
203637,0.91
203638,0.0
203639,0.01
203640,0.05
203641,0.01
203642,0.0
203643,0.15
203644,0.4
203645,0.27
203646,0.0
203647,0.0
203648,0.07
203649,0.01
203650,0.02
203651,0.04
203652,0.0
203653,0.52
203654,0.01
203655,0.17
203656,0.01
203657,0.06
203658,0.17
203659,0.04
203660,0.86
203661,0.0
203662,0.0
203663,0.01
203664,0.0
203665,0.0
203666,0.0
203667,0.0
203668,0.14
203669,0.01
203670,0.03
203671,0.0
203672,0.0
203673,0.02
203674,0.03
203675,0.04
203676,0.02
203677,0.0
203678,0.0
203679,0.0
203680,0.0
203681,0.01
203682,0.03
203683,0.01
203684,0.01
203685,0.0
203686,0.02
203687,0.01
203688,0.03
203689,0.05
203690,0.01
203691,0.02
203692,0.08
203693,0.01
203694,0.0
203695,0.07
203696,0.0
203697,0.03
203698,0.0
203699,0.02
203700,0.01
203701,0.0
203702,0.06
203703,0.13
203704,0.33
203705,0.03
203706,0.0
203707,0.03
203708,0.3
203709,0.02
203710,0.02
203711,0.01
203712,0.02
203713,0.85
203714,0.21
203715,0.01
203716,0.06
203717,0.02
203718,0.06
203719,0.01
203720,0.02
203721,0.01
203722,0.0
203723,0.61
203724,0.04
203725,0.0
203726,0.01
203727,0.0
203728,0.02
203729,0.0
203730,0.0
203731,0.01
203732,0.27
203733,0.01
203734,0.03
203735,0.08
203736,0.0
203737,0.04
203738,0.0
203739,0.0
203740,0.0
203741,0.02
203742,0.34
203743,0.02
203744,0.01
203745,0.03
203746,0.24
203747,0.5
203748,0.01
203749,0.03
203750,0.0
203751,0.0
203752,0.0
203753,0.01
203754,0.04
203755,0.0
203756,0.01
203757,0.04
203758,0.01
203759,0.0
203760,0.05
203761,0.04
203762,0.02
203763,0.03
203764,0.01
203765,0.08
203766,0.01
203767,0.01
203768,0.005
203769,0.02
203770,0.02
203771,0.03
203772,0.53
203773,0.0
203774,0.02
203775,0.01
203776,0.0
203777,0.03
203778,0.02
203779,0.0
203780,0.0
203781,0.0
203782,0.05
203783,0.02
203784,0.0
203785,0.0
203786,0.0
203787,0.01
203788,0.23
203789,0.01
203790,0.01
203791,0.0
203792,0.04
203793,0.04
203794,0.09
203795,0.02
203796,0.0
203797,0.27
203798,0.02
203799,0.12
203800,0.01
203801,0.01
203802,0.01
203803,0.01
203804,0.01
203805,0.0
203806,0.0
203807,0.0
203808,0.02
203809,0.01
203810,0.01
203811,0.2
203812,0.8
203813,0.05
203814,0.06
203815,0.04
203816,0.0
203817,0.0
203818,0.0
203819,0.0
203820,0.03
203821,0.0
203822,0.0
203823,0.0
203824,0.03
203825,0.08
203826,0.03
203827,0.0
203828,0.07
203829,0.0
203830,0.02
203831,0.07
203832,0.01
203833,0.88
203834,0.0
203835,0.1
203836,0.06
203837,0.0
203838,0.0
203839,0.0
203840,0.0
203841,0.03
203842,0.01
203843,0.0
203844,0.0
203845,0.03
203846,0.0
203847,0.03
203848,0.02
203849,0.0
203850,0.0
203851,0.96
203852,0.05
203853,0.0
203854,0.01
203855,0.0
203856,0.12
203857,0.76
203858,0.56
203859,0.01
203860,0.0
203861,0.0
203862,0.0
203863,0.09
203864,0.0
203865,0.0
203866,0.07
203867,0.02
203868,0.06
203869,0.01
203870,0.04
203871,0.18
203872,0.0
203873,0.07
203874,0.0
203875,0.0
203876,0.12
203877,0.01
203878,0.18
203879,0.01
203880,0.22
203881,0.0
203882,0.0
203883,0.06
203884,0.0
203885,0.0
203886,0.01
203887,0.03
203888,0.01
203889,0.01
203890,0.0
203891,0.05
203892,0.01
203893,0.0
203894,0.0
203895,0.052000000000000005
203896,0.02
203897,0.02
203898,0.0
203899,0.0
203900,0.0
203901,0.0
203902,0.0
203903,0.0
203904,0.01
203905,0.09
203906,0.0
203907,0.52
203908,0.0
203909,0.01
203910,0.02
203911,0.01
203912,0.03
203913,0.01
203914,0.04
203915,0.07
203916,0.89
203917,0.02
203918,0.02
203919,0.0
203920,0.01
203921,0.07
203922,0.19
203923,0.01
203924,0.35
203925,0.0
203926,0.03
203927,0.25
203928,0.0
203929,0.0
203930,0.01
203931,0.07
203932,0.0
203933,0.0
203934,0.02
203935,0.01
203936,0.0
203937,0.09
203938,0.02
203939,0.04
203940,0.07
203941,0.0
203942,0.0
203943,0.03
203944,0.03
203945,0.01
203946,0.01
203947,0.0
203948,0.0
203949,0.0
203950,0.04
203951,0.04
203952,0.89
203953,0.03
203954,0.01
203955,0.0
203956,0.01
203957,0.03
203958,0.0
203959,0.01
203960,0.01
203961,0.0
203962,0.67
203963,0.0
203964,0.03
203965,0.0
203966,0.02
203967,0.03
203968,0.02
203969,0.01
203970,0.01
203971,0.01
203972,0.0
203973,0.79
203974,0.01
203975,0.09
203976,0.01
203977,0.01
203978,0.01
203979,0.01
203980,0.03
203981,0.02
203982,0.04
203983,0.01
203984,0.01
203985,0.04333333333333333
203986,0.0
203987,0.0
203988,0.0
203989,0.03
203990,0.01
203991,0.04
203992,0.03
203993,0.0
203994,0.02
203995,0.01
203996,0.0
203997,0.01
203998,0.13
203999,0.0
204000,0.07
204001,0.0
204002,0.0
204003,0.03
204004,0.0
204005,0.05
204006,0.01
204007,0.0
204008,0.04
204009,0.01
204010,0.0
204011,0.0
204012,0.01
204013,0.05
204014,0.01
204015,0.0
204016,0.02
204017,0.27
204018,0.02
204019,0.04
204020,0.05
204021,0.04
204022,0.07
204023,0.02
204024,0.02
204025,0.01
204026,0.01
204027,0.01
204028,0.03
204029,0.02
204030,0.0
204031,0.02
204032,0.0
204033,0.0
204034,0.02
204035,0.0
204036,0.0
204037,0.02
204038,0.0
204039,0.01
204040,0.01
204041,0.03
204042,0.0
204043,0.05
204044,0.0
204045,0.01
204046,0.06
204047,0.01
204048,0.02
204049,0.0
204050,0.05
204051,0.0
204052,0.0
204053,0.08
204054,0.0
204055,0.01
204056,0.02
204057,0.02
204058,0.03
204059,0.08
204060,0.0
204061,0.0
204062,0.04
204063,0.02
204064,0.01
204065,0.0
204066,0.03
204067,0.03
204068,0.0
204069,0.95
204070,0.02
204071,0.05
204072,0.04
204073,0.0
204074,0.01
204075,0.0
204076,0.01
204077,0.0
204078,0.14
204079,0.01
204080,0.0
204081,0.05
204082,0.19
204083,0.0
204084,0.01
204085,0.0
204086,0.0
204087,0.0
204088,0.01
204089,0.0
204090,0.0
204091,0.63
204092,0.02
204093,0.02
204094,0.53
204095,0.0
204096,0.0
204097,0.03
204098,0.05
204099,0.0
204100,0.02
204101,0.15
204102,0.07
204103,0.74
204104,0.0
204105,0.016666666666666666
204106,0.0
204107,0.05
204108,0.04
204109,0.02
204110,0.02
204111,0.02
204112,0.0
204113,0.02
204114,0.0
204115,0.02
204116,0.0
204117,0.0
204118,0.0
204119,0.04
204120,0.0
204121,0.01
204122,0.01
204123,0.01
204124,0.01
204125,0.04
204126,0.38
204127,0.02
204128,0.02
204129,0.01
204130,0.07
204131,0.05
204132,0.01
204133,0.0
204134,0.02
204135,0.03
204136,0.02
204137,0.38
204138,0.01
204139,0.01
204140,0.0
204141,0.0
204142,0.01
204143,0.03
204144,0.09
204145,0.05
204146,0.07
204147,0.05
204148,0.12
204149,0.06
204150,0.01
204151,0.01
204152,0.0
204153,0.01
204154,0.02
204155,0.0
204156,0.06
204157,0.0
204158,0.0
204159,0.0
204160,0.0
204161,0.01
204162,0.02
204163,0.0
204164,0.0
204165,0.28
204166,0.02
204167,0.02
204168,0.09
204169,0.62
204170,0.33
204171,0.0
204172,0.07
204173,0.03
204174,0.01
204175,0.18
204176,0.02
204177,0.0
204178,0.11
204179,0.01
204180,0.0
204181,0.08
204182,0.0
204183,0.05
204184,0.01
204185,0.0
204186,0.02
204187,0.0
204188,0.01
204189,0.03
204190,0.0
204191,0.0
204192,0.26
204193,0.0
204194,0.0
204195,0.04
204196,0.01
204197,0.07
204198,0.02
204199,0.02
204200,0.0
204201,0.0
204202,0.02
204203,0.0
204204,0.01
204205,0.03
204206,0.04
204207,0.0
204208,0.03
204209,0.0
204210,0.01
204211,0.02
204212,0.07
204213,0.0
204214,0.03
204215,0.01
204216,0.0
204217,0.0
204218,0.03
204219,0.01
204220,0.0
204221,0.03
204222,0.0
204223,0.01
204224,0.02
204225,0.01
204226,0.02
204227,0.79
204228,0.05
204229,0.02
204230,0.0
204231,0.0
204232,0.01
204233,0.01
204234,0.04
204235,0.01
204236,0.0
204237,0.01
204238,0.01
204239,0.01
204240,0.0
204241,0.0
204242,0.0
204243,0.01
204244,0.01
204245,0.01
204246,0.03
204247,0.01
204248,0.01
204249,0.0
204250,0.05
204251,0.06
204252,0.0
204253,0.11
204254,0.01
204255,0.37
204256,0.13
204257,0.06
204258,0.0
204259,0.03
204260,0.07
204261,0.03
204262,0.0
204263,0.03
204264,0.01
204265,0.0
204266,0.11
204267,0.08
204268,0.0
204269,0.0
204270,0.01
204271,0.04
204272,0.0
204273,0.0
204274,0.0
204275,0.0
204276,0.07
204277,0.02
204278,0.01
204279,0.0
204280,0.08
204281,0.01
204282,0.02
204283,0.0
204284,0.2
204285,0.02
204286,0.01
204287,0.0
204288,0.16
204289,0.02
204290,0.03
204291,0.02
204292,0.03
204293,0.01
204294,0.0
204295,0.0
204296,0.02
204297,0.09
204298,0.0
204299,0.09
204300,0.04
204301,0.3
204302,0.03
204303,0.0
204304,0.0
204305,0.0
204306,0.0
204307,0.01
204308,0.04
204309,0.0
204310,0.0
204311,0.01
204312,0.0
204313,0.0
204314,0.0
204315,0.01
204316,0.0
204317,0.01
204318,0.0
204319,0.01
204320,0.03
204321,0.0
204322,0.0
204323,0.02
204324,0.01
204325,0.0
204326,0.02
204327,0.0
204328,0.1
204329,0.01
204330,0.01
204331,0.0
204332,0.0
204333,0.02
204334,0.12
204335,0.0
204336,0.1
204337,0.1
204338,0.43
204339,0.06
204340,0.01
204341,0.0
204342,0.05
204343,0.0
204344,0.0
204345,0.01
204346,0.1
204347,0.0
204348,0.03
204349,0.01
204350,0.0
204351,0.06
204352,0.04
204353,0.02
204354,0.0
204355,0.02
204356,0.02
204357,0.0
204358,0.17
204359,0.0
204360,0.02
204361,0.01
204362,0.0
204363,0.0
204364,0.0
204365,0.01
204366,0.0
204367,0.11
204368,0.05
204369,0.0
204370,0.02
204371,0.82
204372,0.03
204373,0.46
204374,0.0
204375,0.0
204376,0.03
204377,0.01
204378,0.0
204379,0.02
204380,0.06
204381,0.04
204382,0.05
204383,0.0
204384,0.0
204385,0.03
204386,0.01
204387,0.07
204388,0.03
204389,0.01
204390,0.02
204391,0.01
204392,0.05
204393,0.5
204394,0.0
204395,0.03
204396,0.01
204397,0.08
204398,0.68
204399,0.02
204400,0.03
204401,0.02
204402,0.0
204403,0.03
204404,0.01
204405,0.0
204406,0.02
204407,0.62
204408,0.0
204409,0.02
204410,0.0
204411,0.86
204412,0.01
204413,0.01
204414,0.04
204415,0.01
204416,0.0
204417,0.0
204418,0.03
204419,0.04
204420,0.02
204421,0.01
204422,0.03
204423,0.03
204424,0.03
204425,0.04
204426,0.02
204427,0.0
204428,0.03
204429,0.05
204430,0.0
204431,0.01
204432,0.09
204433,0.01
204434,0.0
204435,0.0
204436,0.0
204437,0.01
204438,0.0
204439,0.0
204440,0.01
204441,0.05
204442,0.01
204443,0.01
204444,0.0
204445,0.02
204446,0.0
204447,0.0
204448,0.1
204449,0.02
204450,0.01
204451,0.01
204452,0.02
204453,0.0
204454,0.06
204455,0.0
204456,0.02
204457,0.0
204458,0.49
204459,0.01
204460,0.04
204461,0.03
204462,0.01
204463,0.0
204464,0.0
204465,0.15
204466,0.02
204467,0.01
204468,0.0
204469,0.05
204470,0.01
204471,0.0
204472,0.01
204473,0.0
204474,0.02
204475,0.01
204476,0.02
204477,0.06
204478,0.0
204479,0.01
204480,0.0
204481,0.0
204482,0.01
204483,0.0
204484,0.01
204485,0.01
204486,0.0
204487,0.06
204488,0.03
204489,0.0
204490,0.01
204491,0.0
204492,0.04
204493,0.0
204494,0.0
204495,0.0
204496,0.01
204497,0.0
204498,0.01
204499,0.02
204500,0.06
204501,0.22
204502,0.04
204503,0.002
204504,0.026000000000000002
204505,0.14
204506,0.02
204507,0.01
204508,0.09
204509,0.01
204510,0.09
204511,0.0
204512,0.0
204513,0.0
204514,0.01
204515,0.01
204516,0.04
204517,0.04
204518,0.0
204519,0.01
204520,0.02
204521,0.01
204522,0.03
204523,0.02
204524,0.0
204525,0.04
204526,0.02
204527,0.06
204528,0.0
204529,0.04
204530,0.0
204531,0.05
204532,0.05
204533,0.02
204534,0.0
204535,0.03
204536,0.0
204537,0.01
204538,0.0
204539,0.52
204540,0.52
204541,0.02
204542,0.02
204543,0.03
204544,0.01
204545,0.03
204546,0.1
204547,0.01
204548,0.02
204549,0.02
204550,0.0
204551,0.04
204552,0.0
204553,0.04
204554,0.02
204555,0.0
204556,0.0
204557,0.01
204558,0.0
204559,0.02
204560,0.0
204561,0.2
204562,0.01
204563,0.03
204564,0.23
204565,0.0
204566,0.0
204567,0.0
204568,0.03
204569,0.0
204570,0.0
204571,0.04
204572,0.0
204573,0.04
204574,0.01
204575,0.0
204576,0.06
204577,0.04
204578,0.02
204579,0.61
204580,0.0
204581,0.06
204582,0.0
204583,0.05
204584,0.01
204585,0.05
204586,0.05
204587,0.01
204588,0.02
204589,0.03
204590,0.02
204591,0.08
204592,0.08
204593,0.019
204594,0.08
204595,0.34
204596,0.01
204597,0.02
204598,0.04
204599,0.0
204600,0.0
204601,0.02
204602,0.0
204603,0.03
204604,0.0
204605,0.3238333333333334
204606,0.05
204607,0.81
204608,0.02
204609,0.04
204610,0.0
204611,0.03
204612,0.32
204613,0.01
204614,0.01
204615,0.0
204616,0.0
204617,0.0
204618,0.0
204619,0.01
204620,0.0
204621,0.02
204622,0.0
204623,0.06
204624,0.0
204625,0.0
204626,0.3
204627,0.0
204628,0.01
204629,0.0
204630,0.01
204631,0.0
204632,0.04
204633,0.0
204634,0.04
204635,0.01
204636,0.14
204637,0.0
204638,0.03
204639,0.0
204640,0.02
204641,0.12
204642,0.12
204643,0.0
204644,0.0
204645,0.05
204646,0.07
204647,0.01
204648,0.02
204649,0.0
204650,0.0
204651,0.05
204652,0.0
204653,0.0
204654,0.01
204655,0.01
204656,0.0
204657,0.0
204658,0.05
204659,0.71
204660,0.02
204661,0.01
204662,0.01
204663,0.01
204664,0.02
204665,0.07
204666,0.02
204667,0.0
204668,0.03
204669,0.03
204670,0.01
204671,0.01
204672,0.03
204673,0.03
204674,0.08
204675,0.0
204676,0.65
204677,0.02
204678,0.0
204679,0.05
204680,0.63
204681,0.05
204682,0.47
204683,0.02
204684,0.04
204685,0.01
204686,0.96
204687,0.0
204688,0.01
204689,0.0
204690,0.03
204691,0.06
204692,0.01
204693,0.09
204694,0.0
204695,0.0
204696,0.0
204697,0.06
204698,0.17
204699,0.04
204700,0.0
204701,0.0
204702,0.02
204703,0.01
204704,0.0
204705,0.05
204706,0.0
204707,0.4
204708,0.0
204709,0.01
204710,0.01
204711,0.05
204712,0.02
204713,0.01
204714,0.0
204715,0.03
204716,0.03
204717,0.0
204718,0.01
204719,0.0
204720,0.05
204721,0.09
204722,0.025
204723,0.01
204724,0.02
204725,0.0
204726,0.27516666666666667
204727,0.02
204728,0.02
204729,0.05
204730,0.0
204731,0.98
204732,0.17
204733,0.26
204734,0.02
204735,0.03
204736,0.01
204737,0.06
204738,0.09
204739,0.0
204740,0.0
204741,1.0
204742,0.0
204743,0.05
204744,0.73
204745,0.06
204746,0.0
204747,0.0
204748,0.86
204749,0.37
204750,0.0
204751,0.03
204752,0.04
204753,0.0
204754,0.01
204755,0.01
204756,0.01
204757,0.01
204758,0.0
204759,0.01
204760,0.11
204761,0.0
204762,0.0
204763,0.8
204764,0.01
204765,0.03
204766,0.0
204767,0.0
204768,0.05
204769,0.0
204770,0.03
204771,0.06
204772,0.02
204773,0.02
204774,0.01
204775,0.72
204776,0.01
204777,0.01
204778,0.05
204779,0.0
204780,0.0
204781,0.09
204782,0.01
204783,0.0
204784,0.02
204785,0.3
204786,0.02
204787,0.0
204788,0.0
204789,0.03
204790,0.0
204791,0.17
204792,0.21
204793,0.69
204794,0.03
204795,0.3
204796,0.0
204797,0.0
204798,0.0
204799,0.0
204800,0.0
204801,0.01
204802,0.0
204803,0.04
204804,0.02
204805,0.0
204806,0.38
204807,0.56
204808,0.0
204809,0.03
204810,0.01
204811,0.07
204812,0.01
204813,0.03
204814,0.02
204815,0.04
204816,0.0
204817,0.02
204818,0.01
204819,0.0
204820,0.1805
204821,0.05
204822,0.0
204823,0.03
204824,0.02
204825,0.0
204826,0.03
204827,0.01
204828,0.0
204829,0.0
204830,0.34
204831,0.02
204832,0.02
204833,0.52
204834,0.0
204835,0.0
204836,0.05
204837,0.13
204838,0.01
204839,0.03
204840,0.0
204841,0.03
204842,0.0
204843,0.94
204844,0.0
204845,0.01
204846,0.0
204847,0.01
204848,0.05
204849,0.06
204850,0.0
204851,0.03
204852,0.0
204853,0.03
204854,0.01
204855,0.08
204856,0.01
204857,0.04
204858,0.03
204859,0.03
204860,0.12
204861,0.0
204862,0.02
204863,0.28
204864,0.05
204865,0.0
204866,0.01
204867,0.0
204868,0.05
204869,0.02
204870,0.0
204871,0.14
204872,0.05
204873,0.0
204874,0.02
204875,0.02
204876,0.01
204877,0.06
204878,0.0
204879,0.0
204880,0.18
204881,0.03
204882,0.0
204883,0.0
204884,0.0
204885,0.03
204886,0.02
204887,0.07
204888,0.02
204889,0.01
204890,0.1
204891,0.04
204892,0.03
204893,0.03
204894,0.67
204895,0.01
204896,0.0
204897,0.04
204898,0.0
204899,0.01
204900,0.01
204901,0.05
204902,0.02
204903,0.0
204904,0.05
204905,0.03
204906,0.01
204907,0.0
204908,0.05
204909,0.02
204910,0.01
204911,0.01
204912,0.11
204913,0.01
204914,0.01
204915,0.03
204916,0.17
204917,0.02
204918,0.02
204919,0.0
204920,0.03
204921,0.0
204922,0.03
204923,0.0
204924,0.14
204925,0.02
204926,0.01
204927,0.13
204928,0.02
204929,0.0
204930,0.0
204931,0.02
204932,0.07
204933,0.16
204934,0.01
204935,0.01
204936,0.02
204937,0.02
204938,0.05
204939,0.83
204940,0.0
204941,0.1
204942,0.02
204943,0.01
204944,0.03
204945,0.0
204946,0.0
204947,0.0
204948,0.06
204949,0.07
204950,0.01
204951,0.01
204952,0.0
204953,0.03
204954,0.04
204955,0.01
204956,0.02
204957,0.0
204958,0.0
204959,0.03
204960,0.01
204961,0.0
204962,0.01
204963,0.11
204964,0.01
204965,0.01
204966,0.01
204967,0.01
204968,0.0
204969,0.01
204970,0.05
204971,0.02
204972,0.01
204973,0.01
204974,0.0
204975,0.0
204976,0.0
204977,0.01
204978,0.0
204979,0.04
204980,0.01
204981,0.01
204982,0.0
204983,0.0
204984,0.45
204985,0.0
204986,0.0
204987,0.03
204988,0.02
204989,0.04
204990,0.0
204991,0.05
204992,0.0
204993,0.04
204994,0.0
204995,0.14
204996,0.02
204997,0.33
204998,0.01
204999,0.01
205000,0.0
205001,0.03
205002,0.06
205003,0.0
205004,0.0
205005,0.0
205006,0.0
205007,0.0
205008,0.0
205009,0.02
205010,0.04
205011,0.08
205012,0.02
205013,0.0
205014,0.0
205015,0.01
205016,0.7
205017,0.03
205018,0.0
205019,0.0
205020,0.0
205021,0.02
205022,0.03
205023,0.0
205024,0.04
205025,0.01
205026,0.03
205027,0.03
205028,0.0
205029,0.0
205030,0.1
205031,0.0
205032,0.05
205033,0.0
205034,0.1
205035,0.05
205036,0.0
205037,0.11
205038,0.06
205039,0.01
205040,0.05
205041,0.01
205042,0.01
205043,0.03
205044,0.02
205045,0.01
205046,0.0
205047,0.15
205048,0.01
205049,0.07
205050,0.01
205051,0.97
205052,0.03
205053,0.05
205054,0.04
205055,0.01
205056,0.0
205057,0.02
205058,0.01
205059,0.53
205060,0.05
205061,0.0
205062,0.01
205063,0.73
205064,0.27
205065,0.01
205066,0.01
205067,0.21416666666666667
205068,0.07
205069,0.37
205070,0.0
205071,0.01
205072,0.0
205073,0.28
205074,0.01
205075,0.03
205076,0.01
205077,0.02
205078,0.02
205079,0.0
205080,0.0
205081,0.04
205082,0.0
205083,0.01
205084,0.01
205085,0.02
205086,0.13
205087,0.0
205088,0.02
205089,0.0
205090,0.02
205091,0.01
205092,0.05
205093,0.03
205094,0.62
205095,0.0
205096,0.1
205097,0.07
205098,0.0
205099,0.02
205100,0.01
205101,0.01
205102,0.02
205103,0.0
205104,0.01
205105,0.02
205106,0.28
205107,0.28
205108,0.01
205109,0.35
205110,0.04
205111,0.04
205112,0.01
205113,0.0
205114,0.02
205115,0.02
205116,0.0
205117,0.02
205118,0.0
205119,0.27
205120,0.01
205121,0.0
205122,0.0
205123,0.04
205124,0.0
205125,0.0
205126,0.05
205127,0.0
205128,0.07
205129,0.03
205130,0.0
205131,0.15333333333333335
205132,0.0
205133,0.01
205134,0.01
205135,0.0
205136,0.04
205137,0.11
205138,0.02
205139,0.02
205140,0.0
205141,0.0
205142,0.01
205143,0.51
205144,0.0
205145,0.0
205146,0.99
205147,0.04
205148,0.11
205149,0.05
205150,0.0
205151,0.08
205152,0.0
205153,0.0
205154,0.01
205155,0.06
205156,0.03
205157,0.17
205158,0.01
205159,0.0
205160,0.11
205161,0.0
205162,0.01
205163,0.01
205164,0.06
205165,0.0
205166,0.05
205167,0.01
205168,0.06
205169,0.0
205170,0.01
205171,0.09
205172,0.01
205173,0.0
205174,0.11
205175,0.0
205176,0.0
205177,0.09
205178,0.01
205179,0.0
205180,0.0
205181,0.0
205182,0.04
205183,0.47
205184,0.0
205185,0.01
205186,0.0
205187,0.16
205188,0.02
205189,0.0
205190,0.04
205191,0.02
205192,0.02
205193,0.75
205194,0.02
205195,0.0
205196,0.03
205197,0.05
205198,0.0
205199,0.0
205200,0.02
205201,0.03
205202,0.06
205203,0.0
205204,0.02
205205,0.15
205206,0.01
205207,0.01
205208,0.01
205209,0.01
205210,0.04
205211,0.01
205212,0.06
205213,0.0
205214,0.0
205215,0.02
205216,0.04
205217,0.0
205218,0.02
205219,0.05
205220,0.02
205221,0.12
205222,0.0
205223,0.12
205224,0.02
205225,0.04
205226,0.03
205227,0.0
205228,0.01
205229,0.11
205230,0.0
205231,0.02
205232,0.04
205233,0.0
205234,0.0
205235,0.0
205236,0.0
205237,0.02
205238,0.05
205239,0.02
205240,0.06
205241,0.03
205242,0.06
205243,0.0
205244,0.05
205245,0.01
205246,0.02
205247,0.01
205248,0.0
205249,0.02
205250,0.0
205251,0.05
205252,0.02
205253,0.0
205254,0.01
205255,0.01
205256,0.0
205257,0.34
205258,0.05
205259,0.08
205260,0.06
205261,0.05
205262,0.0
205263,0.06
205264,0.0
205265,0.0
205266,0.0
205267,0.79
205268,0.02
205269,0.03
205270,0.0
205271,0.0
205272,0.02
205273,0.19
205274,0.0
205275,0.0
205276,0.005
205277,0.01
205278,0.5
205279,0.5
205280,0.07
205281,0.08
205282,0.0
205283,0.012222222222222223
205284,0.0
205285,0.0
205286,0.0
205287,0.05
205288,0.14
205289,0.01
205290,0.0
205291,0.0
205292,0.0
205293,0.02
205294,0.02
205295,0.0
205296,0.02
205297,0.18
205298,0.03
205299,0.01
205300,0.05
205301,0.23
205302,0.01
205303,0.0
205304,0.1
205305,0.01
205306,0.07
205307,0.02
205308,0.02
205309,0.08
205310,0.18
205311,0.0
205312,0.01
205313,0.01
205314,0.08
205315,0.01
205316,0.02
205317,0.06
205318,0.0
205319,0.0
205320,0.01
205321,0.01
205322,0.07
205323,0.01
205324,0.0
205325,0.01
205326,0.0
205327,0.01
205328,0.0
205329,0.31
205330,0.0
205331,0.0
205332,0.0
205333,0.01
205334,0.1
205335,0.01
205336,0.01
205337,0.02
205338,0.66
205339,0.03
205340,0.03
205341,0.03
205342,0.97
205343,0.66
205344,0.01
205345,0.16
205346,0.01
205347,0.03
205348,0.01
205349,0.01
205350,0.01
205351,0.04
205352,0.02
205353,0.38
205354,0.0
205355,0.59
205356,0.02
205357,0.02
205358,0.0
205359,0.0
205360,0.01
205361,0.0
205362,0.0
205363,0.12
205364,0.32
205365,0.52
205366,0.03
205367,0.01
205368,0.03
205369,0.01
205370,0.01
205371,0.0
205372,0.0
205373,0.0
205374,0.0
205375,0.03
205376,0.01
205377,0.6
205378,0.1
205379,0.04
205380,0.0
205381,0.0
205382,0.04
205383,0.0
205384,0.02
205385,0.13
205386,0.16
205387,0.02
205388,0.3
205389,0.05
205390,0.02
205391,0.02
205392,0.84
205393,0.01
205394,0.03
205395,0.0
205396,0.02
205397,0.0
205398,0.53
205399,0.0
205400,0.01
205401,0.0
205402,0.01
205403,0.04
205404,0.04
205405,0.01
205406,0.0
205407,0.01
205408,0.02
205409,0.01
205410,0.01
205411,0.0
205412,0.0
205413,0.01
205414,0.0
205415,0.0
205416,0.0
205417,0.0
205418,0.06
205419,0.03
205420,0.1
205421,0.04
205422,0.0
205423,0.02
205424,0.03
205425,0.02
205426,0.01
205427,0.0
205428,0.0
205429,0.07
205430,0.0
205431,0.23
205432,0.07
205433,0.0
205434,0.0
205435,0.02
205436,0.01
205437,0.03
205438,0.09
205439,0.0
205440,0.8
205441,0.0
205442,0.01
205443,0.01
205444,0.0
205445,0.0
205446,0.01
205447,0.02
205448,0.02
205449,0.0
205450,0.0
205451,0.11
205452,0.02
205453,0.0
205454,0.01
205455,0.0
205456,0.01
205457,0.1
205458,0.02
205459,0.01
205460,0.01
205461,0.5
205462,0.01
205463,0.01
205464,0.02
205465,0.39
205466,0.05
205467,0.04
205468,0.02
205469,0.0
205470,0.03
205471,0.04
205472,0.19
205473,0.01
205474,0.03
205475,0.0
205476,0.0
205477,0.02
205478,0.37
205479,0.0
205480,0.02
205481,0.08
205482,0.79
205483,0.0
205484,0.0
205485,0.08
205486,0.0
205487,0.01
205488,0.02
205489,0.0
205490,0.0
205491,0.17
205492,0.0
205493,0.0
205494,0.63
205495,0.01
205496,0.01
205497,0.0
205498,0.02
205499,0.05
205500,0.01
205501,0.01
205502,0.01
205503,0.07
205504,0.02
205505,0.0
205506,0.04
205507,0.0
205508,0.02
205509,0.01
205510,0.0
205511,0.0
205512,0.05
205513,0.0
205514,0.02
205515,0.0
205516,0.0
205517,0.02
205518,0.01
205519,0.03
205520,0.0
205521,0.48
205522,0.01
205523,0.13
205524,0.06
205525,0.05
205526,0.01
205527,0.0
205528,0.02
205529,0.04
205530,0.0
205531,0.01
205532,0.01
205533,0.0
205534,0.03
205535,0.02
205536,0.01
205537,0.05
205538,0.02
205539,0.04
205540,0.0
205541,0.01
205542,0.0
205543,0.01
205544,0.0
205545,0.0
205546,0.0
205547,0.02
205548,0.0
205549,0.03
205550,0.03
205551,0.0
205552,0.0
205553,0.04
205554,0.01
205555,0.02
205556,0.04
205557,0.01
205558,0.06
205559,0.12
205560,0.47
205561,0.01
205562,0.0
205563,0.02
205564,0.0
205565,0.0
205566,0.02
205567,0.0
205568,0.03
205569,0.02
205570,0.26
205571,0.07
205572,0.01
205573,0.04
205574,0.0
205575,0.01
205576,0.09
205577,0.01
205578,0.0
205579,0.01
205580,0.0
205581,0.02
205582,0.0
205583,0.01
205584,0.03
205585,0.02
205586,0.39
205587,0.04
205588,0.0
205589,0.02
205590,0.02
205591,0.02
205592,0.01
205593,0.03
205594,0.0
205595,0.02
205596,0.01
205597,0.0
205598,0.14
205599,0.0
205600,0.0
205601,0.0
205602,0.0
205603,0.22
205604,0.0
205605,0.67
205606,0.01
205607,0.01
205608,0.0
205609,0.0
205610,0.02
205611,0.01
205612,0.47
205613,0.01
205614,0.05
205615,0.04
205616,0.0
205617,0.0
205618,0.0
205619,0.09
205620,0.28
205621,0.01
205622,0.01
205623,0.0
205624,0.0
205625,0.0
205626,0.04
205627,0.0
205628,0.05
205629,0.0
205630,0.03
205631,0.0
205632,0.0
205633,0.06
205634,0.0
205635,0.02
205636,0.03
205637,0.01
205638,0.21
205639,0.02
205640,0.05
205641,0.0
205642,0.0
205643,0.0
205644,0.09
205645,0.04
205646,0.0
205647,0.01
205648,0.01
205649,0.0
205650,0.01
205651,0.01
205652,0.0
205653,0.0
205654,0.0
205655,0.0
205656,0.01
205657,0.01
205658,0.02
205659,0.0
205660,0.0
205661,0.06
205662,0.41
205663,0.03
205664,0.0
205665,0.01
205666,0.04
205667,0.01
205668,0.91
205669,0.02
205670,0.02
205671,0.01
205672,0.04
205673,0.0
205674,0.05
205675,0.03
205676,0.42
205677,0.0
205678,0.08
205679,0.03
205680,0.04
205681,0.0
205682,0.03
205683,0.06
205684,0.0
205685,0.04
205686,0.0
205687,0.0
205688,0.01
205689,0.02
205690,0.0
205691,0.02
205692,0.02
205693,0.04
205694,0.03
205695,0.22
205696,0.03
205697,0.16
205698,0.03
205699,0.0
205700,0.03
205701,0.0
205702,0.0
205703,0.13
205704,0.0
205705,0.04
205706,0.0
205707,0.0
205708,0.0
205709,0.73
205710,0.04
205711,0.01
205712,0.01
205713,0.02
205714,0.01
205715,0.0
205716,0.05
205717,0.0
205718,0.0
205719,0.0
205720,0.0
205721,0.0
205722,0.08
205723,0.26
205724,0.06
205725,0.04
205726,0.77
205727,0.02
205728,0.0
205729,0.41
205730,0.0
205731,0.01
205732,0.0
205733,0.05
205734,0.0
205735,0.91
205736,0.0
205737,0.0
205738,0.02
205739,0.0
205740,0.87
205741,0.01
205742,0.02
205743,0.09
205744,0.03
205745,0.02
205746,0.06
205747,0.01
205748,0.05
205749,0.0
205750,0.03
205751,0.0
205752,0.01
205753,0.01
205754,0.0
205755,0.09
205756,0.46
205757,0.05
205758,0.05
205759,0.0
205760,0.11
205761,0.11
205762,0.02
205763,0.26
205764,0.03
205765,0.0
205766,0.02
205767,0.115
205768,0.06
205769,0.0
205770,0.0
205771,0.04
205772,0.05
205773,0.0
205774,0.02
205775,0.0
205776,0.06
205777,0.0
205778,0.01
205779,0.0
205780,0.66
205781,0.04
205782,0.07
205783,0.05
205784,0.01
205785,0.01
205786,0.04
205787,0.0
205788,0.05
205789,0.06
205790,0.03
205791,0.0
205792,0.02
205793,0.0
205794,0.03
205795,0.52
205796,0.0
205797,0.03
205798,0.0
205799,0.25
205800,0.02
205801,0.3
205802,0.02
205803,0.0
205804,0.0
205805,0.0
205806,0.0
205807,0.0
205808,0.03
205809,0.01
205810,0.0
205811,0.02
205812,0.06
205813,0.01
205814,0.01
205815,0.09
205816,0.01
205817,0.04
205818,0.0
205819,0.03
205820,0.01
205821,0.0
205822,0.05
205823,0.02
205824,0.72
205825,0.04
205826,0.0
205827,0.07
205828,0.04
205829,0.03
205830,0.0
205831,0.0
205832,0.0
205833,0.07
205834,0.13633333333333333
205835,0.01
205836,0.01
205837,0.0
205838,0.63
205839,0.0
205840,0.05
205841,0.0
205842,0.14
205843,0.07
205844,0.05
205845,0.01
205846,0.0
205847,0.03
205848,0.84
205849,0.05
205850,0.12
205851,0.02
205852,0.05
205853,0.02
205854,0.07
205855,0.0
205856,0.05
205857,0.18
205858,0.0
205859,0.0
205860,0.07
205861,0.37
205862,0.0
205863,0.0
205864,0.02
205865,0.02
205866,0.08
205867,0.22
205868,0.0
205869,0.02
205870,0.01
205871,0.04
205872,0.01
205873,0.0
205874,0.15
205875,0.09
205876,0.01
205877,0.01
205878,0.03
205879,0.0
205880,0.02
205881,0.01
205882,0.0
205883,0.01
205884,0.01
205885,0.0
205886,0.01
205887,0.0
205888,0.12
205889,0.0
205890,0.12
205891,0.96
205892,0.06
205893,0.01
205894,0.0
205895,0.01
205896,0.82
205897,0.01
205898,0.01
205899,0.02
205900,0.0
205901,0.01
205902,0.01
205903,0.18
205904,0.06
205905,0.02
205906,0.02
205907,0.01
205908,0.04
205909,0.01
205910,0.02
205911,0.02
205912,0.0
205913,0.01
205914,0.0
205915,0.01
205916,0.0
205917,0.02
205918,0.32
205919,0.09
205920,0.01
205921,0.01
205922,0.0
205923,0.03
205924,0.23
205925,0.02
205926,0.99
205927,0.02
205928,0.0
205929,0.0
205930,0.02
205931,0.0
205932,0.03
205933,0.01
205934,0.0
205935,0.01
205936,0.09
205937,0.01
205938,0.0
205939,0.02
205940,0.0
205941,0.01
205942,0.0
205943,0.03
205944,0.0
205945,0.05
205946,0.01
205947,0.0
205948,0.0
205949,0.05
205950,0.03
205951,0.04
205952,0.0
205953,0.08
205954,0.0
205955,0.46
205956,0.02
205957,0.01
205958,0.0
205959,0.0
205960,0.0
205961,0.0
205962,0.13
205963,0.0
205964,0.02
205965,0.02
205966,0.06
205967,0.0
205968,0.0
205969,0.0
205970,0.01
205971,0.0
205972,0.0
205973,0.0
205974,0.04
205975,0.02
205976,0.02
205977,0.0
205978,0.0
205979,0.0
205980,0.01
205981,0.01
205982,0.03
205983,0.11
205984,0.02
205985,0.01
205986,0.0
205987,0.01
205988,0.0
205989,0.0
205990,0.01
205991,0.0
205992,0.0
205993,0.0
205994,0.0
205995,0.03
205996,0.84
205997,0.02
205998,0.0
205999,0.0
206000,0.01
206001,0.0
206002,0.0
206003,0.12666666666666665
206004,0.01
206005,0.0
206006,0.0
206007,0.04
206008,0.04
206009,0.02
206010,0.02
206011,0.07
206012,0.0
206013,0.02
206014,0.02
206015,0.0
206016,0.0
206017,0.0
206018,0.01
206019,0.02
206020,0.06
206021,0.01
206022,0.04
206023,0.31
206024,0.01
206025,0.01
206026,0.03
206027,0.0
206028,0.02
206029,0.09
206030,0.0
206031,0.11
206032,0.86
206033,0.01
206034,0.03
206035,0.0
206036,0.01
206037,0.0
206038,0.04
206039,0.0
206040,0.09
206041,0.0
206042,0.02
206043,0.05
206044,0.0
206045,0.0
206046,0.02
206047,0.03
206048,0.0
206049,0.0
206050,0.2
206051,0.05
206052,0.01
206053,0.01
206054,0.06
206055,0.0
206056,0.96
206057,0.05
206058,0.01
206059,0.01
206060,0.02
206061,0.67
206062,0.03
206063,0.0
206064,0.84
206065,0.12
206066,0.0
206067,0.09
206068,0.01
206069,0.01
206070,0.01
206071,0.02
206072,0.06
206073,0.0
206074,0.0
206075,0.0
206076,0.0
206077,0.08
206078,0.0
206079,0.06
206080,0.0
206081,0.0
206082,0.05
206083,0.05
206084,0.01
206085,0.0
206086,0.0
206087,0.0
206088,0.2
206089,0.02
206090,0.0
206091,0.0
206092,0.01
206093,0.0
206094,0.01
206095,0.02
206096,0.06
206097,0.0
206098,0.01
206099,0.0
206100,0.72
206101,0.04
206102,0.0
206103,0.0
206104,0.86
206105,0.02
206106,0.0
206107,0.02
206108,0.0
206109,0.0
206110,0.0
206111,0.01
206112,0.05
206113,0.02
206114,0.06
206115,0.02
206116,0.0
206117,0.01
206118,0.05
206119,0.0
206120,0.01
206121,0.07
206122,0.0
206123,0.02
206124,0.03
206125,0.07333333333333333
206126,0.03
206127,0.0
206128,0.03
206129,0.04
206130,0.02
206131,0.0
206132,0.0
206133,0.08
206134,0.03
206135,0.0
206136,0.0
206137,0.0
206138,0.08
206139,0.05
206140,0.03
206141,0.0
206142,0.0
206143,0.07
206144,0.05
206145,0.0
206146,0.0
206147,0.0
206148,0.01
206149,0.01
206150,0.0
206151,0.02
206152,0.0
206153,0.01
206154,0.0
206155,0.01
206156,0.04
206157,0.02
206158,0.72
206159,0.08
206160,0.03
206161,0.0
206162,0.0
206163,0.0
206164,0.13
206165,0.0
206166,0.05
206167,0.01
206168,0.0
206169,0.0
206170,0.04
206171,0.0
206172,0.01
206173,0.0
206174,0.28
206175,0.0
206176,0.16
206177,0.01
206178,0.0
206179,0.03
206180,0.02
206181,0.39
206182,0.01
206183,0.0
206184,0.0
206185,0.97
206186,0.02
206187,0.05
206188,0.08
206189,0.01
206190,0.04
206191,0.0
206192,0.0
206193,0.01
206194,0.01
206195,0.0
206196,0.0
206197,0.25
206198,0.0
206199,0.01
206200,0.0
206201,0.0
206202,0.0
206203,0.0
206204,0.06
206205,0.04
206206,0.03
206207,0.0
206208,0.02
206209,0.0
206210,0.03
206211,0.02
206212,0.0
206213,0.01
206214,0.0
206215,0.92
206216,0.01
206217,0.0
206218,0.04
206219,0.11
206220,0.03
206221,0.01
206222,0.0
206223,0.02
206224,0.04
206225,0.01
206226,0.0
206227,0.02
206228,0.0
206229,0.01
206230,0.0
206231,0.0
206232,0.01
206233,0.0
206234,0.0
206235,0.31
206236,0.02
206237,0.0
206238,0.01
206239,0.02
206240,0.03
206241,0.0
206242,0.0
206243,0.12
206244,0.0
206245,0.02
206246,0.01
206247,0.04
206248,0.02
206249,0.02
206250,0.03
206251,0.02
206252,0.02
206253,0.1
206254,0.0
206255,0.06
206256,0.06
206257,0.01
206258,0.06
206259,0.0
206260,0.03
206261,0.05
206262,0.68
206263,0.01
206264,0.0
206265,0.01
206266,0.01
206267,0.0
206268,0.02
206269,0.0
206270,0.06
206271,0.0
206272,0.0
206273,0.0
206274,0.03
206275,0.06
206276,0.03
206277,0.02
206278,0.02
206279,0.48
206280,0.0
206281,0.0
206282,0.03
206283,0.01
206284,0.03
206285,0.0
206286,0.03
206287,0.02
206288,0.01
206289,0.51
206290,0.0
206291,0.05
206292,0.01
206293,0.02
206294,0.01
206295,0.93
206296,0.02
206297,0.01
206298,0.0
206299,0.0
206300,0.0
206301,0.0
206302,0.01
206303,0.0
206304,0.05
206305,0.01
206306,0.02
206307,0.05
206308,0.0
206309,0.17
206310,0.01
206311,0.33
206312,0.0
206313,0.03
206314,0.01
206315,0.0
206316,0.01
206317,0.0
206318,0.01
206319,0.0
206320,0.01
206321,0.96
206322,0.0
206323,0.01
206324,0.02
206325,0.01
206326,0.4
206327,0.0
206328,0.0
206329,0.0
206330,0.0
206331,0.0
206332,0.01
206333,0.02
206334,0.82
206335,0.02
206336,0.0
206337,0.48
206338,0.0
206339,0.01
206340,0.03
206341,0.04
206342,0.0
206343,0.02
206344,0.02
206345,0.02
206346,0.0
206347,0.01
206348,0.07
206349,0.06
206350,0.02
206351,0.07
206352,0.03
206353,0.02
206354,0.16
206355,0.01
206356,0.04
206357,0.0
206358,0.0
206359,0.02
206360,0.03
206361,0.01
206362,0.03
206363,0.03
206364,0.05
206365,0.27
206366,0.03
206367,0.16
206368,0.01
206369,0.01
206370,0.11
206371,0.02
206372,0.0
206373,0.01
206374,0.01
206375,0.02
206376,0.0
206377,0.04
206378,0.83
206379,0.08
206380,0.0
206381,0.0
206382,0.01
206383,0.03
206384,0.01
206385,0.0
206386,0.03
206387,0.14
206388,0.0
206389,0.09
206390,0.0
206391,0.04
206392,0.03
206393,0.05
206394,0.0
206395,0.0
206396,0.0
206397,0.0
206398,0.85
206399,0.01
206400,0.01
206401,0.01
206402,0.06
206403,0.34
206404,0.02
206405,0.0
206406,0.01
206407,0.29
206408,0.03
206409,0.01
206410,0.0
206411,0.0
206412,0.0
206413,0.0
206414,0.0
206415,0.15
206416,0.02
206417,0.05
206418,0.35
206419,0.03
206420,0.05
206421,0.0
206422,0.01
206423,0.0
206424,0.06
206425,0.01
206426,0.04
206427,0.57
206428,0.01
206429,0.0
206430,0.09
206431,0.43
206432,0.01
206433,0.03
206434,0.01
206435,0.4
206436,0.0
206437,0.05
206438,0.01
206439,0.01
206440,0.0
206441,0.01
206442,0.06
206443,0.06
206444,0.0
206445,0.03
206446,0.0
206447,0.46
206448,0.09
206449,0.08
206450,0.72
206451,0.06
206452,0.09
206453,0.0
206454,0.0
206455,0.03
206456,0.0
206457,0.0
206458,0.0
206459,0.0
206460,0.0
206461,0.01
206462,0.06
206463,0.01
206464,0.01
206465,0.02
206466,0.01
206467,0.01
206468,0.0
206469,0.0
206470,0.01
206471,0.0
206472,0.09
206473,0.0
206474,0.16
206475,0.0
206476,0.01
206477,0.02
206478,0.0
206479,0.03
206480,0.02
206481,0.16
206482,0.01
206483,0.0
206484,0.01
206485,0.01
206486,0.01
206487,0.01
206488,0.04052380952380953
206489,0.0
206490,0.01
206491,0.0
206492,0.09
206493,0.0
206494,0.04
206495,0.39
206496,0.02
206497,0.0
206498,0.09
206499,0.0
206500,0.97
206501,0.0
206502,0.02
206503,0.01
206504,0.0
206505,0.04
206506,0.01
206507,0.06
206508,0.02
206509,0.01
206510,0.01
206511,0.0
206512,0.34
206513,0.03
206514,0.0
206515,0.0
206516,0.05
206517,0.8716666666666667
206518,0.01
206519,0.7
206520,0.01
206521,0.0
206522,0.01
206523,0.02
206524,0.03
206525,0.0
206526,0.01
206527,0.08
206528,0.14
206529,0.01
206530,0.0
206531,0.0
206532,0.0
206533,0.005
206534,0.01
206535,0.11
206536,0.43
206537,0.01
206538,0.0
206539,0.0
206540,0.04
206541,0.0
206542,0.01
206543,0.03
206544,0.09
206545,0.0
206546,0.02
206547,0.03
206548,0.09
206549,0.02
206550,0.0
206551,0.0
206552,0.01
206553,0.05
206554,0.01
206555,0.01
206556,0.64
206557,0.05
206558,0.01
206559,0.0
206560,0.06
206561,0.0
206562,0.01
206563,0.0
206564,0.02
206565,0.03
206566,0.11
206567,0.02
206568,0.03
206569,0.02
206570,0.0
206571,0.06
206572,0.0
206573,0.03
206574,0.16
206575,0.0
206576,0.01
206577,0.01
206578,0.09
206579,0.0
206580,0.0
206581,0.02
206582,0.0
206583,0.01
206584,0.08
206585,0.0
206586,0.47
206587,0.03
206588,0.03
206589,0.0
206590,0.01
206591,0.01
206592,0.0
206593,0.02
206594,0.02
206595,0.01
206596,0.0
206597,0.01
206598,0.1
206599,0.02
206600,0.0
206601,0.54
206602,0.0
206603,0.02
206604,0.0
206605,0.02
206606,0.15
206607,0.01
206608,0.0
206609,0.03
206610,0.0
206611,0.0
206612,0.1
206613,0.03
206614,0.76
206615,0.0
206616,0.02
206617,0.0
206618,0.01
206619,0.01
206620,0.45
206621,0.03
206622,0.0
206623,0.0
206624,0.01
206625,0.0
206626,0.02
206627,0.05
206628,0.1
206629,0.01
206630,0.0
206631,0.04
206632,0.0
206633,0.07
206634,0.0
206635,0.6
206636,0.01
206637,0.03
206638,0.0
206639,0.03
206640,0.0
206641,0.01
206642,0.1
206643,0.06
206644,0.0
206645,0.01
206646,0.02
206647,0.04
206648,0.04
206649,0.02
206650,0.05
206651,0.0
206652,0.0
206653,0.02
206654,0.0
206655,0.0
206656,0.0
206657,0.02
206658,0.0
206659,0.01
206660,0.0
206661,0.013333333333333332
206662,0.01
206663,0.01
206664,0.02
206665,0.1
206666,0.05
206667,0.01
206668,0.11
206669,0.0
206670,0.02
206671,0.0
206672,0.0
206673,0.01
206674,0.01
206675,0.02
206676,0.01
206677,0.02
206678,0.0
206679,0.01
206680,0.02
206681,0.03
206682,0.11
206683,0.01
206684,0.0
206685,0.03
206686,0.03
206687,0.0
206688,0.0
206689,0.0
206690,0.0
206691,0.63
206692,0.11
206693,0.02
206694,0.0
206695,0.0
206696,0.58
206697,0.01
206698,0.0
206699,0.14
206700,0.01
206701,0.0
206702,0.03
206703,0.0
206704,0.0
206705,0.02
206706,0.02
206707,0.0
206708,0.01
206709,0.1
206710,0.06
206711,0.0
206712,0.03
206713,0.09
206714,0.0
206715,0.01
206716,0.01
206717,0.05
206718,0.02
206719,0.01
206720,0.02
206721,0.0025
206722,0.01
206723,0.0
206724,0.0
206725,0.29
206726,0.0
206727,0.01
206728,0.03
206729,0.0
206730,0.03
206731,0.06
206732,0.01
206733,0.02
206734,0.03
206735,0.01
206736,0.0
206737,0.09
206738,0.03
206739,0.05
206740,0.0
206741,0.0
206742,0.04
206743,0.02
206744,0.01
206745,0.01
206746,0.04
206747,0.0
206748,0.45
206749,0.01
206750,0.0
206751,0.01
206752,0.02
206753,0.0
206754,0.0
206755,0.0
206756,0.83
206757,0.0
206758,0.0
206759,0.0
206760,0.01
206761,0.0
206762,0.0
206763,0.05
206764,0.53
206765,0.0
206766,0.01
206767,0.06
206768,0.0
206769,0.78
206770,0.07
206771,0.09
206772,0.74
206773,0.01
206774,0.01
206775,0.01
206776,0.02
206777,0.0
206778,0.02
206779,0.01
206780,0.02
206781,0.02
206782,0.0
206783,0.01
206784,0.02
206785,0.07
206786,0.02
206787,0.48
206788,0.0
206789,0.03
206790,0.0
206791,0.0
206792,0.01
206793,0.0
206794,0.04
206795,0.07
206796,0.01
206797,0.1
206798,0.02
206799,0.03
206800,0.05
206801,0.15
206802,0.02
206803,0.0
206804,0.05
206805,0.03
206806,0.01
206807,0.02
206808,0.01
206809,0.02
206810,0.0
206811,0.03
206812,0.17
206813,0.05
206814,0.0
206815,0.27
206816,0.07
206817,0.05
206818,0.01
206819,0.01
206820,0.0
206821,0.01
206822,0.09
206823,0.05
206824,0.0
206825,0.0
206826,0.51
206827,0.05
206828,0.0
206829,0.02
206830,0.04
206831,0.07
206832,0.03
206833,0.08
206834,0.11
206835,0.03
206836,0.01
206837,0.0
206838,0.01
206839,0.01
206840,0.02
206841,0.01
206842,0.0
206843,0.04
206844,0.29
206845,0.02
206846,0.34
206847,0.0
206848,0.07
206849,0.0
206850,0.0
206851,0.02
206852,0.02
206853,0.01
206854,0.02
206855,0.13
206856,0.01
206857,0.09
206858,0.62
206859,0.01
206860,0.01
206861,0.0
206862,0.05
206863,0.0
206864,0.01
206865,0.01
206866,0.71
206867,0.02
206868,0.01
206869,0.11
206870,0.01
206871,0.04
206872,0.06
206873,0.0
206874,0.03
206875,0.04
206876,0.01
206877,0.02
206878,0.1
206879,0.01
206880,0.02
206881,0.0
206882,0.0
206883,0.02
206884,0.03
206885,0.12
206886,0.0
206887,0.01
206888,0.07
206889,0.04
206890,0.0
206891,0.0
206892,0.09
206893,0.01
206894,0.01
206895,0.01
206896,0.08
206897,0.45
206898,0.0
206899,0.01
206900,0.04
206901,0.04
206902,0.0
206903,0.02
206904,0.01
206905,0.0
206906,0.08
206907,0.0
206908,0.01
206909,0.11
206910,0.02
206911,0.0
206912,0.03
206913,0.0
206914,0.11
206915,0.01
206916,0.0
206917,0.0
206918,0.0
206919,0.0
206920,0.01
206921,0.02
206922,0.07
206923,0.04
206924,0.23
206925,0.01
206926,0.08
206927,0.06
206928,0.01
206929,0.0
206930,0.02
206931,0.0
206932,0.72
206933,0.37
206934,0.01
206935,0.0
206936,0.03
206937,0.45
206938,0.01
206939,0.03
206940,0.01
206941,0.09
206942,0.02
206943,0.03
206944,0.01
206945,0.03
206946,0.27
206947,0.02
206948,0.15
206949,0.0
206950,0.02
206951,0.02
206952,0.0
206953,0.06
206954,0.01
206955,0.0
206956,0.0
206957,0.26
206958,0.01
206959,0.03
206960,0.05
206961,0.01
206962,0.0
206963,0.05
206964,0.01
206965,0.0
206966,0.0
206967,0.012
206968,0.01
206969,0.05
206970,0.02
206971,0.01
206972,0.02
206973,0.82
206974,0.0
206975,0.01
206976,0.0
206977,0.0
206978,0.04
206979,0.0
206980,0.14
206981,0.055
206982,0.04
206983,0.0
206984,0.01
206985,0.04
206986,0.01
206987,0.0
206988,0.01
206989,0.08
206990,0.05
206991,0.0
206992,0.0
206993,0.01
206994,0.21
206995,0.02
206996,0.0
206997,0.01
206998,0.03
206999,0.02
207000,0.0
207001,0.01
207002,0.0
207003,0.0
207004,0.04
207005,0.01
207006,0.0
207007,0.02
207008,0.0
207009,0.04
207010,0.0
207011,0.05
207012,0.0
207013,0.0
207014,0.01
207015,0.05
207016,0.04
207017,0.0
207018,0.0
207019,0.01
207020,0.02
207021,0.0
207022,0.13
207023,0.1
207024,0.0
207025,0.14
207026,0.39
207027,0.0
207028,0.0
207029,0.02
207030,0.0
207031,0.7
207032,0.0
207033,0.01
207034,0.0
207035,0.03
207036,0.03
207037,0.01
207038,0.0
207039,0.02
207040,0.02
207041,0.03
207042,0.02
207043,0.31
207044,0.04
207045,0.17
207046,0.01
207047,0.04
207048,0.06
207049,0.0
207050,0.01
207051,0.0
207052,0.04
207053,0.0
207054,0.02
207055,0.0
207056,0.0
207057,0.02
207058,0.223
207059,0.05
207060,0.04
207061,0.01
207062,0.0
207063,0.0
207064,0.0
207065,0.04
207066,0.03
207067,0.0
207068,0.45
207069,0.01
207070,0.01
207071,0.02
207072,0.0
207073,0.03
207074,0.0
207075,0.0
207076,0.04
207077,0.69
207078,0.0
207079,0.01
207080,0.85
207081,0.09
207082,0.0
207083,0.02
207084,0.13
207085,0.02
207086,0.0
207087,0.0
207088,0.11
207089,0.01
207090,0.03
207091,0.01
207092,0.02
207093,0.0
207094,0.01
207095,0.94
207096,0.01
207097,0.0
207098,0.04
207099,0.0
207100,0.0
207101,0.01
207102,0.0
207103,0.11
207104,0.0
207105,0.01
207106,0.0
207107,0.75
207108,0.0
207109,0.0
207110,0.08
207111,0.28
207112,0.0
207113,0.07
207114,0.01
207115,0.0
207116,0.0
207117,0.88
207118,0.04
207119,0.0
207120,0.0
207121,0.02
207122,0.04
207123,0.0
207124,0.12
207125,0.0
207126,0.03
207127,0.01
207128,0.04
207129,0.47
207130,0.22
207131,0.02
207132,0.0
207133,0.0
207134,0.0
207135,0.21
207136,0.02
207137,0.0
207138,0.03
207139,0.28
207140,0.01
207141,0.47
207142,0.01
207143,0.02
207144,0.03
207145,0.03
207146,0.02
207147,0.03
207148,0.02
207149,0.01
207150,0.02
207151,0.06
207152,0.0
207153,0.45
207154,0.0
207155,0.0
207156,0.04
207157,0.01
207158,0.0
207159,0.04
207160,0.0
207161,0.0
207162,0.06
207163,0.0
207164,0.0
207165,0.01
207166,0.01
207167,0.21
207168,0.15
207169,0.0
207170,0.02
207171,0.0
207172,0.0
207173,0.0
207174,0.0
207175,0.01
207176,0.07
207177,0.02
207178,0.02
207179,0.03
207180,0.11
207181,0.0
207182,0.05
207183,0.0
207184,0.03
207185,0.01
207186,0.03
207187,0.02
207188,0.0
207189,0.0
207190,0.0
207191,0.01
207192,0.02
207193,0.0
207194,0.14
207195,0.01
207196,0.0
207197,0.07
207198,0.55
207199,0.01
207200,0.0
207201,0.0
207202,0.01
207203,0.03
207204,0.01
207205,0.0
207206,0.0
207207,0.0
207208,0.01
207209,0.03
207210,0.0
207211,0.07
207212,0.01
207213,0.0
207214,0.34
207215,0.01
207216,0.0
207217,0.03
207218,0.25
207219,0.48
207220,0.06
207221,0.0
207222,0.01
207223,0.0
207224,0.41
207225,0.0
207226,0.04
207227,0.0
207228,0.0
207229,0.0
207230,0.1
207231,0.31
207232,0.0
207233,0.01
207234,0.0
207235,0.01
207236,0.02
207237,0.01
207238,0.01
207239,0.0
207240,0.01
207241,0.0
207242,0.01
207243,0.08
207244,0.01
207245,0.02
207246,0.32
207247,0.0
207248,0.0
207249,0.0
207250,0.09
207251,0.0
207252,0.07
207253,0.0
207254,0.0
207255,0.0
207256,0.0
207257,0.01
207258,0.01
207259,0.0
207260,0.0
207261,0.0
207262,0.0
207263,0.06
207264,0.0
207265,0.05
207266,0.0
207267,0.01
207268,0.02
207269,0.02
207270,0.02
207271,0.01
207272,0.01
207273,0.86
207274,0.0
207275,0.01
207276,0.0
207277,0.0
207278,0.02
207279,0.03
207280,0.01
207281,0.02
207282,0.01
207283,0.01
207284,0.78
207285,0.01
207286,0.03
207287,0.05
207288,0.0
207289,0.03
207290,0.58
207291,0.69
207292,0.08
207293,0.0
207294,0.02
207295,0.01
207296,0.04
207297,0.06
207298,0.0
207299,0.01
207300,0.0
207301,0.0
207302,0.02
207303,0.02
207304,0.0
207305,0.0
207306,0.0
207307,0.04
207308,0.0
207309,0.0
207310,0.02
207311,0.0
207312,0.01
207313,0.0
207314,0.02
207315,0.0
207316,0.04
207317,0.01
207318,0.0
207319,0.03
207320,0.0
207321,0.0
207322,0.04
207323,0.03
207324,0.03
207325,0.0
207326,0.0
207327,0.0
207328,0.04
207329,0.01
207330,0.0
207331,0.02
207332,0.63
207333,0.01
207334,0.04
207335,0.01
207336,0.0
207337,0.0
207338,0.0
207339,0.29
207340,0.01
207341,0.01
207342,0.0
207343,0.02
207344,0.0
207345,0.01
207346,0.0
207347,0.02
207348,0.01
207349,0.0
207350,0.01
207351,0.0
207352,0.0
207353,0.07
207354,0.04
207355,0.42
207356,0.04
207357,0.03
207358,0.1
207359,0.01
207360,0.05
207361,0.02
207362,0.46
207363,0.23
207364,0.0
207365,0.0
207366,0.0
207367,0.0
207368,0.04
207369,0.01
207370,0.01
207371,0.0
207372,0.02
207373,0.0
207374,0.09
207375,0.01
207376,0.01
207377,0.0
207378,0.01
207379,0.02
207380,0.0
207381,0.01
207382,0.0
207383,0.02
207384,0.07
207385,0.02
207386,0.0
207387,0.01
207388,0.0
207389,0.0
207390,0.05
207391,0.01
207392,0.05
207393,0.01
207394,0.02
207395,0.0
207396,0.0
207397,0.01
207398,0.03
207399,0.0
207400,0.0
207401,0.0
207402,0.0
207403,0.01
207404,0.81
207405,0.01
207406,0.13
207407,0.04
207408,0.68
207409,0.03
207410,0.1
207411,0.0
207412,0.0
207413,0.03
207414,0.01
207415,0.01
207416,0.02
207417,0.01
207418,0.34
207419,0.01
207420,0.0
207421,0.01
207422,0.0
207423,0.0
207424,0.02
207425,0.14
207426,0.03
207427,0.0
207428,0.0
207429,0.0
207430,0.0
207431,0.0
207432,0.06
207433,0.86
207434,0.0
207435,0.0
207436,0.0
207437,0.01
207438,0.0
207439,0.03
207440,0.01
207441,0.0
207442,0.03
207443,0.01
207444,0.04
207445,0.04
207446,0.01
207447,0.02
207448,0.04
207449,0.01
207450,0.0
207451,0.62
207452,0.0
207453,0.02
207454,0.11
207455,0.1
207456,0.06
207457,0.03
207458,0.0
207459,0.03
207460,0.0
207461,0.3
207462,0.0
207463,0.0
207464,0.16
207465,0.0
207466,0.61
207467,0.02
207468,0.9
207469,0.01
207470,0.0
207471,0.07
207472,0.02
207473,0.0
207474,0.02
207475,0.01
207476,0.01
207477,0.02
207478,0.04
207479,0.0
207480,0.03
207481,0.01
207482,0.04
207483,0.72
207484,0.04
207485,0.14
207486,0.03
207487,0.01
207488,0.01
207489,0.01
207490,0.07
207491,0.01
207492,0.01
207493,0.03
207494,0.91
207495,0.01
207496,0.0
207497,0.07
207498,0.03
207499,0.0
207500,0.03
207501,0.0
207502,0.02
207503,0.0
207504,0.01
207505,0.84
207506,0.17
207507,0.77
207508,0.03
207509,0.04
207510,0.0
207511,0.05
207512,0.97
207513,0.05
207514,0.0
207515,0.06
207516,0.02
207517,0.01
207518,0.01
207519,0.05
207520,0.02
207521,0.01
207522,0.02
207523,0.01
207524,0.85
207525,0.03
207526,0.01
207527,0.01
207528,0.03
207529,0.02
207530,0.0
207531,0.04
207532,0.02
207533,0.01
207534,0.75
207535,0.0
207536,0.03
207537,0.01
207538,0.01
207539,0.0
207540,0.11
207541,0.0
207542,0.01
207543,0.0
207544,0.09
207545,0.09
207546,0.0
207547,0.1
207548,0.01
207549,0.02
207550,0.01
207551,0.01
207552,0.01
207553,0.02
207554,0.01
207555,0.02
207556,0.0
207557,0.01
207558,0.0
207559,0.01
207560,0.02
207561,0.01
207562,0.54
207563,0.0
207564,0.01
207565,0.05
207566,0.36
207567,0.02
207568,0.14
207569,0.01
207570,0.0
207571,0.0
207572,0.01
207573,0.01
207574,0.03
207575,0.76
207576,0.16
207577,0.0
207578,0.51
207579,0.03
207580,0.0
207581,0.04
207582,0.0
207583,0.03
207584,0.0
207585,0.24
207586,0.02
207587,0.01
207588,0.12
207589,0.0
207590,0.0
207591,0.02
207592,0.04
207593,0.0
207594,0.0
207595,0.0
207596,0.01
207597,0.0
207598,0.0
207599,0.01
207600,0.0
207601,0.05
207602,0.08
207603,0.022000000000000002
207604,0.0
207605,0.34
207606,0.01
207607,0.1
207608,0.08
207609,0.02
207610,0.0
207611,0.0
207612,0.14666666666666667
207613,0.96
207614,0.03
207615,0.0
207616,0.08
207617,0.03
207618,0.0
207619,0.01
207620,0.0
207621,0.04
207622,0.03
207623,0.0
207624,0.01
207625,0.0
207626,0.02
207627,0.01
207628,0.07
207629,0.0
207630,0.25
207631,0.0
207632,0.01
207633,0.0
207634,0.01
207635,0.07
207636,0.0
207637,0.03
207638,0.01
207639,0.01
207640,0.01
207641,0.01
207642,0.03
207643,0.33
207644,0.01
207645,0.0
207646,0.04
207647,0.04
207648,0.0
207649,0.01
207650,0.0
207651,0.03
207652,0.01
207653,0.01
207654,0.01
207655,0.2
207656,0.01
207657,0.0
207658,0.0
207659,0.0
207660,0.1
207661,0.07
207662,0.02
207663,0.01
207664,0.35
207665,0.01
207666,0.03
207667,0.02
207668,0.0
207669,0.0
207670,0.0
207671,0.05
207672,0.05
207673,0.01
207674,0.07
207675,0.01
207676,0.03
207677,0.01
207678,0.0
207679,0.02
207680,0.04
207681,0.02
207682,0.02
207683,0.02
207684,0.01
207685,0.01
207686,0.0
207687,0.0
207688,0.01
207689,0.035
207690,0.0
207691,0.0
207692,0.41
207693,0.01
207694,0.31
207695,0.0
207696,0.0
207697,0.02
207698,0.02
207699,0.07
207700,0.0
207701,0.02
207702,0.05
207703,0.0
207704,0.02
207705,0.0
207706,0.0
207707,0.0
207708,0.0
207709,0.04
207710,0.09
207711,0.01
207712,0.02
207713,0.04
207714,0.0
207715,0.9
207716,0.01
207717,0.01
207718,0.0
207719,0.0
207720,0.74
207721,0.01
207722,0.01
207723,0.0
207724,0.05
207725,0.01
207726,0.03
207727,0.1
207728,0.01
207729,0.39
207730,0.01
207731,0.04
207732,0.0
207733,0.01
207734,0.0
207735,0.01
207736,0.0
207737,0.02
207738,0.29
207739,0.0
207740,0.0
207741,0.02
207742,0.08
207743,0.0
207744,0.03
207745,0.0
207746,0.0
207747,0.21
207748,0.0
207749,0.01
207750,0.05
207751,0.0
207752,0.01
207753,0.02
207754,0.01
207755,0.02
207756,0.03
207757,0.0
207758,0.01
207759,0.03
207760,0.0
207761,0.0
207762,0.09
207763,0.0
207764,0.0
207765,0.02
207766,0.02
207767,0.01
207768,0.1
207769,0.09
207770,0.02
207771,0.12
207772,0.34
207773,0.01
207774,0.01
207775,0.89
207776,0.0
207777,0.03
207778,0.02
207779,0.0
207780,0.02
207781,0.03
207782,0.03
207783,0.17
207784,0.0
207785,0.01
207786,0.03
207787,0.01
207788,0.02
207789,0.02
207790,0.01
207791,0.0
207792,0.0
207793,0.02
207794,0.04
207795,0.06
207796,0.03
207797,0.03
207798,0.0
207799,0.0
207800,0.01
207801,0.01
207802,0.03
207803,0.0
207804,0.22
207805,0.07
207806,0.29
207807,0.0
207808,0.1
207809,0.0
207810,0.1
207811,0.0
207812,0.0
207813,0.01
207814,0.06
207815,0.0
207816,0.0
207817,0.13
207818,0.01
207819,0.0
207820,0.01
207821,0.0
207822,0.03
207823,0.03
207824,0.18
207825,0.02
207826,0.01
207827,0.0
207828,0.01
207829,0.18
207830,0.0
207831,0.37
207832,0.0
207833,0.0
207834,0.0
207835,0.01
207836,0.01
207837,0.0
207838,0.02
207839,0.02
207840,0.07
207841,0.0
207842,0.03
207843,0.01
207844,0.04
207845,0.02
207846,0.01
207847,0.02
207848,0.0
207849,0.16
207850,0.01
207851,0.01
207852,0.12
207853,0.02
207854,0.0
207855,0.04
207856,0.0
207857,0.06
207858,0.17600000000000002
207859,0.0
207860,0.0
207861,0.17
207862,0.0
207863,0.0
207864,0.0
207865,0.05
207866,0.01
207867,0.0
207868,0.08
207869,0.0
207870,0.0
207871,0.03
207872,0.02
207873,0.16
207874,0.0
207875,0.62
207876,0.06
207877,0.02
207878,0.03
207879,0.01
207880,0.02
207881,0.59
207882,0.03
207883,0.01
207884,0.0
207885,0.09
207886,0.0
207887,0.01
207888,0.02
207889,0.01
207890,0.01
207891,0.1
207892,0.01
207893,0.6
207894,0.0
207895,0.06
207896,0.0
207897,0.67
207898,0.01
207899,0.0
207900,0.0
207901,0.02
207902,0.01
207903,0.0
207904,0.02
207905,0.03
207906,0.0
207907,0.01
207908,0.06
207909,0.01
207910,0.01
207911,0.01
207912,0.0
207913,0.14
207914,0.18
207915,0.02
207916,0.0
207917,0.03
207918,0.02
207919,0.02
207920,0.09
207921,0.0
207922,0.0
207923,0.0
207924,0.05
207925,0.02
207926,0.0
207927,0.01
207928,0.03
207929,0.01
207930,0.0
207931,0.01
207932,0.0
207933,0.01
207934,0.0
207935,0.51
207936,0.0
207937,0.04
207938,0.01
207939,0.0
207940,0.06
207941,0.04
207942,0.0
207943,0.03
207944,0.01
207945,0.002
207946,0.0
207947,0.02
207948,0.0
207949,0.08
207950,0.0
207951,0.04
207952,0.09
207953,0.01
207954,0.01
207955,0.0
207956,0.02
207957,0.02
207958,0.01
207959,0.07
207960,0.01
207961,0.03
207962,0.02
207963,0.01
207964,0.86
207965,0.0
207966,0.08
207967,0.01
207968,0.0
207969,0.08
207970,0.0
207971,0.0
207972,0.0
207973,0.0
207974,0.0
207975,0.07
207976,0.0
207977,0.0
207978,0.0
207979,0.01
207980,0.08
207981,0.02
207982,0.06
207983,0.02
207984,0.01
207985,0.01
207986,0.03
207987,0.04
207988,0.03
207989,0.01
207990,0.0
207991,0.02
207992,0.01
207993,0.0
207994,0.02
207995,0.02
207996,0.01
207997,0.01
207998,0.02
207999,0.0
208000,0.04
208001,0.03
208002,0.01
208003,0.06
208004,0.35
208005,0.0
208006,0.0
208007,0.06
208008,0.0
208009,0.01
208010,0.0
208011,0.06
208012,0.23
208013,0.01
208014,0.01
208015,0.01
208016,0.03
208017,0.02
208018,0.01
208019,0.02
208020,0.07
208021,0.0
208022,0.02
208023,0.05
208024,0.0
208025,0.0
208026,0.0
208027,0.02
208028,0.03
208029,0.11
208030,0.0
208031,0.01
208032,0.02
208033,0.04
208034,0.01
208035,0.02
208036,0.04
208037,0.01
208038,0.04
208039,0.01
208040,0.22
208041,0.01
208042,0.0
208043,0.0
208044,0.01
208045,0.04
208046,0.01
208047,0.0
208048,0.44
208049,0.02
208050,0.03
208051,0.02
208052,0.02
208053,0.0
208054,0.02
208055,0.0
208056,0.21
208057,0.01
208058,0.01
208059,0.14
208060,0.01
208061,0.13
208062,0.12
208063,0.01
208064,0.0
208065,0.0
208066,0.0
208067,0.0
208068,0.11
208069,0.08
208070,0.04
208071,0.03
208072,0.56
208073,0.01
208074,0.0
208075,0.0
208076,0.03
208077,0.01
208078,0.0
208079,0.01
208080,0.0
208081,0.01
208082,0.02
208083,0.02
208084,0.0
208085,0.0
208086,0.003333333333333333
208087,0.01
208088,0.0
208089,0.0
208090,0.52
208091,0.01
208092,0.04
208093,0.0
208094,0.0
208095,0.06
208096,0.01
208097,0.0
208098,0.01
208099,0.01
208100,0.0
208101,0.0
208102,0.0
208103,0.0
208104,0.0
208105,0.0
208106,0.0
208107,0.0
208108,0.01
208109,0.01
208110,0.01
208111,0.0
208112,0.0
208113,0.01
208114,0.02
208115,0.0
208116,0.03
208117,0.02
208118,0.0
208119,0.05
208120,0.05
208121,0.0
208122,0.02
208123,0.02
208124,0.1
208125,0.04
208126,0.0
208127,0.01
208128,0.22
208129,0.01
208130,0.08
208131,0.0
208132,0.53
208133,0.04
208134,0.01
208135,0.01
208136,0.0
208137,0.03
208138,0.0
208139,0.03
208140,0.01
208141,0.02
208142,0.0
208143,0.01
208144,0.0
208145,0.01
208146,0.01
208147,0.01
208148,0.19
208149,0.05
208150,0.0
208151,0.02
208152,0.0
208153,0.07
208154,0.0
208155,0.04
208156,0.01
208157,0.01
208158,0.0
208159,0.0
208160,0.03
208161,0.05
208162,0.01
208163,0.07
208164,0.0
208165,0.0
208166,0.0
208167,0.08
208168,0.01
208169,0.18
208170,0.01
208171,0.03
208172,0.54
208173,0.01
208174,0.0
208175,0.03
208176,0.47
208177,0.05
208178,0.0
208179,0.04
208180,0.01
208181,0.01
208182,0.0
208183,0.02
208184,0.02
208185,0.0
208186,0.02
208187,0.02
208188,0.02
208189,0.02
208190,0.0
208191,0.02
208192,0.01
208193,0.03
208194,0.0
208195,0.02
208196,0.01
208197,0.0
208198,0.19
208199,0.0
208200,0.0
208201,0.02
208202,0.09
208203,0.01
208204,0.0
208205,0.0
208206,0.04
208207,0.0
208208,0.04
208209,0.01
208210,0.01
208211,0.02
208212,0.06
208213,0.0
208214,0.0
208215,0.0
208216,0.01
208217,0.03
208218,0.01
208219,0.05
208220,0.0
208221,0.0
208222,0.02
208223,0.0
208224,0.16
208225,0.01
208226,0.02
208227,0.17
208228,0.02
208229,0.0
208230,0.1
208231,0.03
208232,0.01
208233,0.01
208234,0.02
208235,0.83
208236,0.03
208237,0.05
208238,0.03
208239,0.04
208240,0.06
208241,0.01
208242,0.04
208243,0.12
208244,0.0
208245,0.06
208246,0.02
208247,0.0
208248,0.06
208249,0.69
208250,0.01
208251,0.0
208252,0.0
208253,0.02
208254,0.02
208255,0.0
208256,0.04
208257,0.04
208258,0.01
208259,0.0
208260,0.47
208261,0.0
208262,0.01
208263,0.0
208264,0.14
208265,0.03
208266,0.65
208267,0.0
208268,0.04
208269,0.01
208270,0.0
208271,0.01
208272,0.07
208273,0.0
208274,0.0
208275,0.03
208276,0.03
208277,0.0
208278,0.0
208279,0.0
208280,0.05
208281,0.04
208282,0.06
208283,0.05
208284,0.01
208285,0.71
208286,0.0
208287,0.01
208288,0.02
208289,0.02
208290,0.08
208291,0.0
208292,0.02
208293,0.87
208294,0.07
208295,0.05
208296,0.01
208297,0.0
208298,0.0
208299,0.22
208300,0.0
208301,0.0
208302,0.01
208303,0.01
208304,0.01
208305,0.01
208306,0.0
208307,0.0
208308,0.02
208309,0.03
208310,0.0
208311,0.01
208312,0.01
208313,0.66
208314,0.04
208315,0.02
208316,0.0
208317,0.0
208318,0.0
208319,0.0
208320,0.01
208321,0.01
208322,0.03
208323,0.06
208324,0.01
208325,0.08
208326,0.06
208327,0.01
208328,0.3
208329,0.04
208330,0.4
208331,0.0
208332,0.05
208333,0.01
208334,0.02
208335,0.03
208336,0.0
208337,0.01
208338,0.07
208339,0.04
208340,0.0
208341,0.02
208342,0.01
208343,0.01
208344,0.01
208345,0.04
208346,0.0
208347,0.01
208348,0.09
208349,0.0
208350,0.0
208351,0.03
208352,0.02
208353,0.0
208354,0.01
208355,0.45
208356,0.0
208357,0.01
208358,0.32
208359,0.02
208360,0.05
208361,0.07
208362,0.02
208363,0.03
208364,0.01
208365,0.0
208366,0.04
208367,0.02
208368,0.0
208369,0.0
208370,0.0
208371,0.0
208372,0.0
208373,0.02
208374,0.0
208375,0.01
208376,0.0
208377,0.056666666666666664
208378,0.01
208379,0.0
208380,0.02
208381,0.82
208382,0.03
208383,0.04
208384,0.03
208385,0.66
208386,0.0
208387,0.06
208388,0.0
208389,0.02
208390,0.1
208391,0.18
208392,0.03
208393,0.06
208394,0.06
208395,0.01
208396,0.09
208397,0.0475
208398,0.0
208399,0.11
208400,0.02
208401,0.09
208402,0.76
208403,0.0
208404,0.0
208405,0.01
208406,0.0
208407,0.03
208408,0.01
208409,0.0
208410,0.03
208411,0.01
208412,0.18
208413,0.02
208414,0.0
208415,0.0
208416,0.01
208417,0.0
208418,0.01
208419,0.0
208420,0.08
208421,0.0
208422,0.0
208423,0.83
208424,0.0
208425,0.04
208426,0.0
208427,0.01
208428,0.01
208429,0.01
208430,0.0
208431,0.05
208432,0.0
208433,0.03
208434,0.04
208435,0.04
208436,0.0
208437,0.04
208438,0.02
208439,0.0
208440,0.0
208441,0.0
208442,0.0
208443,0.0
208444,0.0
208445,0.59
208446,0.01
208447,0.05
208448,0.0
208449,0.11
208450,0.54
208451,0.03
208452,0.0
208453,0.0
208454,0.01
208455,0.0
208456,0.01
208457,0.01
208458,0.03
208459,0.03
208460,0.0
208461,0.2601666666666666
208462,0.01
208463,0.06
208464,0.05
208465,0.02
208466,0.0
208467,0.09
208468,0.03666666666666667
208469,0.05
208470,0.0
208471,0.02
208472,0.0
208473,0.01
208474,0.1
208475,0.01
208476,0.01
208477,0.01
208478,0.01
208479,0.06
208480,0.01
208481,0.02
208482,0.02
208483,0.02
208484,0.0
208485,0.01
208486,0.01
208487,0.6
208488,0.0
208489,0.38
208490,0.01
208491,0.0
208492,0.02
208493,0.03
208494,0.02
208495,0.29
208496,0.0
208497,0.07
208498,0.02
208499,0.23
208500,0.0
208501,0.01
208502,0.01
208503,0.02
208504,0.0
208505,0.0
208506,0.0
208507,0.32
208508,0.17
208509,0.53
208510,0.01
208511,0.02
208512,0.01
208513,0.0
208514,0.1
208515,0.0
208516,0.02
208517,0.01
208518,0.05
208519,0.31
208520,0.03
208521,0.0
208522,0.0
208523,0.02
208524,0.0
208525,0.0
208526,0.02
208527,0.06
208528,0.0
208529,0.02
208530,0.06
208531,0.02
208532,0.14
208533,0.9
208534,0.0
208535,0.03
208536,0.0
208537,0.04
208538,0.0
208539,0.0
208540,0.0
208541,0.03
208542,0.01
208543,0.02
208544,0.0
208545,0.05
208546,0.05
208547,0.01
208548,0.02
208549,0.0
208550,0.01
208551,0.02
208552,0.1
208553,0.06
208554,0.02
208555,0.02
208556,0.8
208557,0.04
208558,0.0
208559,0.01
208560,0.0
208561,0.03
208562,0.46
208563,0.08
208564,0.04
208565,0.1
208566,0.0
208567,0.0
208568,0.0
208569,0.0
208570,0.91
208571,0.0
208572,0.03
208573,0.02
208574,0.0
208575,0.02
208576,0.01
208577,0.0
208578,0.04
208579,0.0
208580,0.1
208581,0.01
208582,0.03
208583,0.03
208584,0.01
208585,0.01
208586,0.06
208587,0.01
208588,0.0
208589,0.01
208590,0.0
208591,0.04
208592,0.0
208593,0.16
208594,0.0
208595,0.0
208596,0.09
208597,0.0
208598,0.0
208599,0.0
208600,0.0
208601,0.06
208602,0.01
208603,0.0
208604,0.01
208605,0.81
208606,0.02
208607,0.0
208608,0.01
208609,0.0
208610,0.04
208611,0.01
208612,0.01
208613,0.01
208614,0.01
208615,0.02
208616,0.02
208617,0.02
208618,0.01
208619,0.0
208620,0.15
208621,0.01
208622,0.03
208623,0.0
208624,0.04
208625,0.03
208626,0.04
208627,0.03
208628,0.0
208629,0.02
208630,0.01
208631,0.0
208632,0.0
208633,0.0
208634,0.06
208635,0.03
208636,0.45
208637,0.0
208638,0.03
208639,0.03
208640,0.0
208641,0.05
208642,0.04
208643,0.11
208644,0.03
208645,0.0
208646,0.0
208647,0.43
208648,0.02
208649,0.11
208650,0.0
208651,0.01
208652,0.01
208653,0.03
208654,0.0
208655,0.0
208656,0.27
208657,0.0
208658,0.03
208659,0.05
208660,0.47
208661,0.0
208662,0.0
208663,0.0
208664,0.91
208665,0.01
208666,0.01
208667,0.22
208668,0.02
208669,0.0
208670,0.0
208671,0.2
208672,0.02
208673,0.07
208674,0.01
208675,0.01
208676,0.01
208677,0.02
208678,0.01
208679,0.01
208680,0.01
208681,0.0
208682,0.0
208683,0.02
208684,0.03
208685,0.0
208686,0.05
208687,0.0
208688,0.02
208689,0.11
208690,0.01
208691,0.01
208692,0.0
208693,0.03
208694,0.01
208695,0.0
208696,0.02
208697,0.03
208698,0.02
208699,0.0
208700,0.0
208701,0.0
208702,0.0
208703,0.02
208704,0.01
208705,0.02
208706,0.01
208707,0.01
208708,0.0
208709,0.0
208710,0.03
208711,0.18
208712,0.01
208713,0.04
208714,0.04
208715,0.06
208716,0.0
208717,0.03
208718,0.0
208719,0.0
208720,0.03
208721,0.0
208722,0.0
208723,0.0
208724,0.0
208725,0.07
208726,0.08
208727,0.01
208728,0.02
208729,0.01
208730,0.02
208731,0.84
208732,0.05
208733,0.0
208734,0.0
208735,0.0
208736,0.02
208737,0.0
208738,0.07
208739,0.07
208740,0.03
208741,0.01
208742,0.22
208743,0.06
208744,0.0
208745,0.03
208746,0.01
208747,0.01
208748,0.01
208749,0.0
208750,0.01
208751,0.06
208752,0.0
208753,0.0
208754,0.22
208755,0.01
208756,0.02
208757,0.0
208758,0.0
208759,0.01
208760,0.49
208761,0.1
208762,0.04
208763,0.04
208764,0.0
208765,0.05
208766,0.01
208767,0.02
208768,0.0
208769,0.02
208770,0.0
208771,0.01
208772,0.03
208773,0.06
208774,0.07
208775,0.01
208776,0.02
208777,0.0
208778,0.0
208779,0.01
208780,0.01
208781,0.02
208782,0.01
208783,0.01
208784,0.01
208785,0.01
208786,0.04
208787,0.01
208788,0.02
208789,0.01
208790,0.02
208791,0.0
208792,0.03
208793,0.08
208794,0.03
208795,0.1
208796,0.02
208797,0.0
208798,0.01
208799,0.0
208800,0.0
208801,0.04
208802,0.0
208803,0.02
208804,0.0
208805,0.03
208806,0.02
208807,0.01
208808,0.04
208809,0.04
208810,0.08
208811,0.01
208812,0.8
208813,0.02
208814,0.01
208815,0.01
208816,0.04
208817,0.01
208818,0.0
208819,0.0
208820,0.05
208821,0.64
208822,0.01
208823,0.02
208824,0.0
208825,0.06
208826,0.0
208827,0.0
208828,0.04
208829,0.0
208830,0.0
208831,0.22
208832,0.02
208833,0.0
208834,0.05
208835,0.1
208836,0.0
208837,0.04
208838,0.01
208839,0.01
208840,0.02
208841,0.51
208842,0.0
208843,0.01
208844,0.01
208845,0.02
208846,0.0
208847,0.01
208848,0.04
208849,0.0
208850,0.0
208851,0.02
208852,0.03
208853,0.01
208854,0.0
208855,0.01
208856,0.11
208857,0.01
208858,0.02
208859,0.01
208860,0.8
208861,0.0
208862,0.0
208863,0.01
208864,0.48
208865,0.02
208866,0.03
208867,0.07
208868,0.01
208869,0.0
208870,0.01
208871,0.57
208872,0.0
208873,0.08
208874,0.93
208875,0.0
208876,0.02
208877,0.67
208878,0.02
208879,0.01
208880,0.0
208881,0.01
208882,0.0
208883,0.21
208884,0.04
208885,0.0
208886,0.0
208887,0.02
208888,0.02
208889,0.0
208890,0.01
208891,0.03
208892,0.0
208893,0.0
208894,0.0
208895,0.0
208896,0.01
208897,0.02
208898,0.01
208899,0.0
208900,0.04
208901,0.0
208902,0.0
208903,0.14
208904,0.0
208905,0.02
208906,0.03
208907,0.03
208908,0.05
208909,0.0
208910,0.03
208911,0.0
208912,0.71
208913,0.01
208914,0.03
208915,0.02
208916,0.0
208917,0.87
208918,0.0
208919,0.02
208920,0.0
208921,0.03
208922,0.08
208923,0.0
208924,0.01
208925,0.12
208926,0.02
208927,0.01
208928,0.0
208929,0.01
208930,0.0
208931,0.0
208932,0.94
208933,0.0
208934,0.01
208935,0.0
208936,0.0
208937,0.37
208938,0.02
208939,0.0
208940,0.03
208941,0.0
208942,0.0
208943,0.01
208944,0.02
208945,0.0
208946,0.04
208947,0.06
208948,0.02
208949,0.0
208950,0.0
208951,0.0
208952,0.0
208953,0.06
208954,0.08
208955,0.0
208956,0.02
208957,0.0
208958,0.0
208959,0.01
208960,0.03
208961,0.01
208962,0.04
208963,0.05
208964,0.04
208965,0.05
208966,0.69
208967,0.86
208968,0.0
208969,0.0
208970,0.0
208971,0.01
208972,0.0
208973,0.01
208974,0.01
208975,0.03
208976,0.0
208977,0.01
208978,0.0
208979,0.0
208980,0.67
208981,0.01
208982,0.02
208983,0.0
208984,0.0
208985,0.0
208986,0.0
208987,0.02
208988,0.01
208989,0.0
208990,0.86
208991,0.72
208992,0.22
208993,0.01
208994,0.01
208995,0.06
208996,0.0
208997,0.0
208998,0.01
208999,0.08
209000,0.03
209001,0.01
209002,0.0
209003,0.08
209004,0.02
209005,0.02
209006,0.0
209007,0.0
209008,0.02
209009,0.03
209010,0.01
209011,0.0
209012,0.0
209013,0.13
209014,0.0
209015,0.01
209016,0.14
209017,0.07
209018,0.0
209019,0.0
209020,0.0
209021,0.0
209022,0.0
209023,0.01
209024,0.02
209025,0.01
209026,0.04
209027,0.77
209028,0.0
209029,0.0
209030,0.02
209031,0.01
209032,0.04
209033,0.01
209034,0.71
209035,0.02
209036,0.0
209037,0.85
209038,0.19
209039,0.12
209040,0.01
209041,0.01
209042,0.05
209043,0.01
209044,0.01
209045,0.03
209046,0.06
209047,0.02
209048,0.06
209049,0.0
209050,0.01
209051,0.01
209052,0.01
209053,0.01
209054,0.01
209055,0.0
209056,0.07
209057,0.34
209058,0.64
209059,0.0
209060,0.02
209061,0.03
209062,0.0
209063,0.02
209064,0.0
209065,0.01
209066,0.01
209067,0.0
209068,0.0
209069,0.04
209070,0.03
209071,0.01
209072,0.06
209073,0.01
209074,0.0
209075,0.03
209076,0.0
209077,0.01
209078,0.0
209079,0.01
209080,0.0
209081,0.01
209082,0.0
209083,0.08
209084,0.78
209085,0.07
209086,0.0
209087,0.0
209088,0.0
209089,0.02
209090,0.0
209091,0.0
209092,0.05
209093,0.0
209094,0.01
209095,0.02
209096,0.1
209097,0.2
209098,0.22
209099,0.07
209100,0.01
209101,0.0
209102,0.03
209103,0.02
209104,0.04
209105,0.0
209106,0.0
209107,0.95
209108,0.84
209109,0.0
209110,0.02
209111,0.0
209112,0.09
209113,0.0
209114,0.0
209115,0.04
209116,0.0
209117,0.08
209118,0.03
209119,0.93
209120,0.04
209121,0.03
209122,0.0
209123,0.05
209124,0.01
209125,0.03
209126,0.01
209127,0.06
209128,0.0
209129,0.0
209130,0.37
209131,0.01
209132,0.0
209133,0.0
209134,0.01
209135,0.0
209136,0.02
209137,0.03
209138,0.0
209139,0.02
209140,0.03
209141,0.0
209142,0.16
209143,0.0
209144,0.03
209145,0.16
209146,0.06
209147,0.02
209148,0.0
209149,0.11
209150,0.0
209151,0.04
209152,0.0
209153,0.0
209154,0.0
209155,0.01
209156,0.01
209157,0.02
209158,0.0
209159,0.8316666666666667
209160,0.03
209161,0.0
209162,0.03
209163,0.0
209164,0.01
209165,0.07
209166,0.01
209167,0.01
209168,0.03
209169,0.04
209170,0.03
209171,0.0
209172,0.02
209173,0.0
209174,0.01
209175,0.03
209176,0.02
209177,0.05
209178,0.03
209179,0.55
209180,0.76
209181,0.0
209182,0.04
209183,0.02
209184,0.0
209185,0.03
209186,0.02
209187,0.1
209188,0.0
209189,0.01
209190,0.0
209191,0.01
209192,0.02
209193,0.15
209194,0.02
209195,0.0
209196,0.0
209197,0.0
209198,0.22
209199,0.01
209200,0.04
209201,0.01
209202,0.01
209203,0.01
209204,0.0
209205,0.0
209206,0.02
209207,0.02
209208,0.01
209209,0.01
209210,0.26
209211,0.02
209212,0.03
209213,0.01
209214,0.0
209215,0.0
209216,0.0
209217,0.29
209218,0.0
209219,0.36
209220,0.05
209221,0.03
209222,0.09
209223,0.01
209224,0.09
209225,0.0
209226,0.03
209227,0.03
209228,0.0
209229,0.0
209230,0.05
209231,0.01
209232,0.08
209233,0.105
209234,0.08
209235,0.0
209236,0.0
209237,0.01
209238,0.0
209239,0.01
209240,0.0
209241,0.13
209242,0.01
209243,0.0
209244,0.01
209245,0.0
209246,0.03
209247,0.02
209248,0.01
209249,0.0
209250,0.0
209251,0.02
209252,0.01
209253,0.81
209254,0.03
209255,0.0
209256,0.57
209257,0.01
209258,0.19
209259,0.0
209260,0.0
209261,0.0
209262,0.06
209263,0.0
209264,0.01
209265,0.03
209266,0.17
209267,0.02
209268,0.03
209269,0.02
209270,0.82
209271,0.0
209272,0.78
209273,0.02
209274,0.0
209275,0.0
209276,0.0
209277,0.04
209278,0.01
209279,0.0
209280,0.03
209281,0.02
209282,0.03
209283,0.03
209284,0.0
209285,0.02
209286,0.03
209287,0.01
209288,0.01
209289,0.0
209290,0.03
209291,0.01
209292,0.03
209293,0.88
209294,0.01
209295,0.01
209296,0.04
209297,0.07
209298,0.02
209299,0.04
209300,0.05
209301,0.01
209302,0.03
209303,0.0
209304,0.0
209305,0.01
209306,0.04
209307,0.04
209308,0.02
209309,0.01
209310,0.13
209311,0.0
209312,0.17
209313,0.08
209314,0.0
209315,0.0
209316,0.01
209317,0.02
209318,0.02
209319,0.0
209320,0.07
209321,0.09
209322,0.04
209323,0.01
209324,0.015
209325,0.0
209326,0.0
209327,0.0
209328,0.01
209329,0.08
209330,0.01
209331,0.04
209332,0.0
209333,0.01
209334,0.0
209335,0.0
209336,0.54
209337,0.0
209338,0.01
209339,0.03
209340,0.14
209341,0.01
209342,0.92
209343,0.84
209344,0.02
209345,0.04
209346,0.0
209347,0.0
209348,0.02
209349,0.05
209350,0.0
209351,0.01
209352,0.0
209353,0.35
209354,0.06
209355,0.0
209356,0.02
209357,0.02
209358,0.0
209359,0.05
209360,0.44
209361,0.0
209362,0.0
209363,0.04
209364,0.06
209365,0.0
209366,0.07
209367,0.0
209368,0.02
209369,0.01
209370,0.03
209371,0.0
209372,0.09
209373,0.0
209374,0.0
209375,0.02
209376,0.07
209377,0.08
209378,0.01
209379,0.04
209380,0.01
209381,0.03
209382,0.01
209383,0.0
209384,0.0
209385,0.01
209386,0.03
209387,0.01
209388,0.32
209389,0.03
209390,0.0
209391,0.49
209392,0.04
209393,0.0
209394,0.01
209395,0.07
209396,0.01
209397,0.02
209398,0.01
209399,0.06
209400,0.02
209401,0.0
209402,0.01
209403,0.01
209404,0.02
209405,0.07
209406,0.02
209407,0.0
209408,0.0
209409,0.0
209410,0.38
209411,0.06
209412,0.0
209413,0.03
209414,0.0
209415,0.04
209416,0.01
209417,0.0
209418,0.0
209419,0.64
209420,0.73
209421,0.08
209422,0.01
209423,0.0
209424,0.57
209425,0.0
209426,0.03
209427,0.01
209428,0.05
209429,0.0
209430,0.0
209431,0.14
209432,0.01
209433,0.03
209434,0.03
209435,0.0
209436,0.02
209437,0.03
209438,0.01
209439,0.05
209440,0.01
209441,0.01
209442,0.0
209443,0.03
209444,0.0
209445,0.06
209446,0.0
209447,0.01
209448,0.0
209449,0.01
209450,0.15
209451,0.05
209452,0.79
209453,0.04
209454,0.03
209455,0.0
209456,0.1
209457,0.0
209458,0.02
209459,0.0
209460,0.07
209461,0.04
209462,0.0
209463,0.01
209464,0.02
209465,0.02
209466,0.01
209467,0.03
209468,0.0
209469,0.01
209470,0.045
209471,0.02
209472,0.05
209473,0.03
209474,0.01
209475,0.01
209476,0.01
209477,0.12
209478,0.0
209479,0.0
209480,0.01
209481,0.04
209482,0.02
209483,0.0
209484,0.01
209485,0.02
209486,0.0
209487,0.02
209488,0.09
209489,0.0
209490,0.0
209491,0.0
209492,0.02
209493,0.0
209494,0.0
209495,0.03
209496,0.0
209497,0.03
209498,0.03
209499,0.03
209500,0.39
209501,0.0
209502,0.23
209503,0.0
209504,0.0
209505,0.02
209506,0.0
209507,0.06
209508,0.0
209509,0.02
209510,0.0
209511,0.17
209512,0.01
209513,0.01
209514,0.01
209515,0.01
209516,0.08
209517,0.06
209518,0.02
209519,0.05
209520,0.06
209521,0.0
209522,0.01
209523,0.01
209524,0.22
209525,0.04
209526,0.0
209527,0.0
209528,0.01
209529,0.0
209530,0.0
209531,0.01
209532,0.78
209533,0.01
209534,0.0
209535,0.0
209536,0.15
209537,0.01
209538,0.01
209539,0.01
209540,0.05
209541,0.0
209542,0.0
209543,0.02
209544,0.01
209545,0.02
209546,0.02
209547,0.0
209548,0.01
209549,0.03
209550,0.23
209551,0.0
209552,0.02
209553,0.0
209554,0.03
209555,0.07
209556,0.0
209557,0.0
209558,0.84
209559,0.02
209560,0.01
209561,0.04
209562,0.01
209563,0.0
209564,0.28
209565,0.32
209566,0.585
209567,0.02
209568,0.03
209569,0.04
209570,0.92
209571,0.04
209572,0.0
209573,0.01
209574,0.0
209575,0.67
209576,0.04
209577,0.02
209578,0.02
209579,0.0
209580,0.0
209581,0.0
209582,0.02
209583,0.02
209584,0.02
209585,0.02
209586,0.0
209587,0.02
209588,0.02
209589,0.0
209590,0.0
209591,0.02
209592,0.02
209593,0.14
209594,0.02
209595,0.01
209596,0.02
209597,0.06
209598,0.0
209599,0.01
209600,0.0
209601,0.0
209602,0.01
209603,0.01
209604,0.01
209605,0.0
209606,0.0
209607,0.0
209608,0.02
209609,0.01
209610,0.7
209611,0.01
209612,0.01
209613,0.25
209614,0.02
209615,0.01
209616,0.03
209617,0.01
209618,0.0
209619,0.01
209620,0.08
209621,0.0
209622,0.42
209623,0.0
209624,0.0
209625,0.02
209626,0.0
209627,0.37
209628,0.01
209629,0.0
209630,0.05
209631,0.92
209632,0.02
209633,0.02
209634,0.03
209635,0.0
209636,0.03
209637,0.0
209638,0.0
209639,0.03
209640,0.0
209641,0.0
209642,0.0
209643,0.0
209644,0.0
209645,0.0
209646,0.0
209647,0.01
209648,0.0
209649,0.0
209650,0.0
209651,0.0
209652,0.8
209653,0.04
209654,0.06
209655,0.04
209656,0.02
209657,0.0
209658,0.01
209659,0.0
209660,0.16
209661,0.01
209662,0.02333333333333333
209663,0.01
209664,0.06
209665,0.02
209666,0.02
209667,0.0
209668,0.01
209669,0.01
209670,0.06
209671,0.05
209672,0.04
209673,0.0
209674,0.32
209675,0.02
209676,0.04
209677,0.0
209678,0.49
209679,0.02
209680,0.01
209681,0.05
209682,0.01
209683,0.0
209684,0.03
209685,0.0
209686,0.01
209687,0.08
209688,0.05
209689,0.19
209690,0.03
209691,0.0
209692,0.0
209693,0.01
209694,0.0
209695,0.16
209696,0.06
209697,0.04
209698,0.01
209699,0.0
209700,0.0
209701,0.03
209702,0.01
209703,0.21
209704,0.06
209705,0.04
209706,0.0
209707,0.01
209708,0.01
209709,0.01
209710,0.01
209711,0.01
209712,0.02
209713,0.01
209714,0.01
209715,0.0
209716,0.04
209717,0.01
209718,0.0
209719,0.04
209720,0.0
209721,0.0
209722,0.0
209723,0.0
209724,0.02
209725,0.0
209726,0.0
209727,0.11
209728,0.01
209729,0.03
209730,0.04
209731,0.0
209732,0.01
209733,0.0
209734,0.05
209735,0.0
209736,0.01
209737,0.01
209738,0.2
209739,0.01
209740,0.83
209741,0.27
209742,0.04
209743,0.04
209744,0.02
209745,0.03
209746,0.0
209747,0.0
209748,0.04
209749,0.05
209750,0.01
209751,0.05
209752,0.01
209753,0.0
209754,0.0
209755,0.0
209756,0.04
209757,0.0
209758,0.0
209759,0.04
209760,0.0
209761,0.0
209762,0.0
209763,0.01
209764,0.01
209765,0.03
209766,0.03
209767,0.0
209768,0.58
209769,0.02
209770,0.01
209771,0.01
209772,0.0
209773,0.01
209774,0.02
209775,0.03
209776,0.01
209777,0.33
209778,0.02
209779,0.01
209780,0.01
209781,0.0
209782,0.0
209783,0.01
209784,0.01
209785,0.0
209786,0.03
209787,0.0
209788,0.12
209789,0.01
209790,0.02
209791,0.01
209792,0.05
209793,0.01
209794,0.05
209795,0.01
209796,0.81
209797,0.05
209798,0.63
209799,0.01
209800,0.09
209801,0.039
209802,0.53
209803,0.06
209804,0.04
209805,0.0
209806,0.0
209807,0.0
209808,0.0
209809,0.0
209810,0.01
209811,0.44
209812,0.01
209813,0.04
209814,0.0
209815,0.01
209816,0.0
209817,0.01
209818,0.02
209819,0.11
209820,0.05
209821,0.06
209822,0.46
209823,0.94
209824,0.0
209825,0.0
209826,0.0
209827,0.07
209828,0.01
209829,0.0
209830,0.01
209831,0.0
209832,0.01
209833,0.0
209834,0.13
209835,0.01
209836,0.01
209837,0.0
209838,0.03
209839,0.0
209840,0.01
209841,0.01
209842,0.0
209843,0.02
209844,0.01
209845,0.03
209846,0.0
209847,0.08
209848,0.03
209849,0.0
209850,0.0
209851,0.0
209852,0.0
209853,0.01
209854,0.02
209855,0.0
209856,0.05
209857,0.07
209858,0.03
209859,0.01
209860,0.0
209861,0.0
209862,0.27
209863,0.0
209864,0.02
209865,0.03
209866,0.01
209867,0.52
209868,0.0
209869,0.04
209870,0.07
209871,0.0
209872,0.0
209873,0.0
209874,0.03
209875,0.01
209876,0.01
209877,0.0
209878,0.01
209879,0.01
209880,0.0
209881,0.0
209882,0.04
209883,0.0
209884,0.0
209885,0.08
209886,0.03
209887,0.0
209888,0.1
209889,0.0
209890,0.05
209891,0.04
209892,0.03
209893,0.01
209894,0.0
209895,0.03
209896,0.05
209897,0.03
209898,0.0
209899,0.0
209900,0.01
209901,0.01
209902,0.01
209903,0.0
209904,0.0
209905,0.04
209906,0.02
209907,0.01
209908,0.07
209909,0.01
209910,0.66
209911,0.07
209912,0.01
209913,0.0
209914,0.0
209915,0.02
209916,0.08
209917,0.01
209918,0.0
209919,0.09
209920,0.01
209921,0.02
209922,0.17
209923,0.0
209924,0.03
209925,0.0
209926,0.0
209927,0.08
209928,0.17
209929,0.06
209930,0.0
209931,0.0
209932,0.02
209933,0.02
209934,0.0
209935,0.04
209936,0.05
209937,0.0
209938,0.01
209939,0.0
209940,0.29
209941,0.08
209942,0.03
209943,0.02
209944,0.0
209945,0.0
209946,0.02
209947,0.0
209948,0.01
209949,0.04
209950,0.01
209951,0.05
209952,0.05
209953,0.01
209954,0.02
209955,0.01
209956,0.03
209957,0.07
209958,0.0
209959,0.02
209960,0.01
209961,0.0
209962,0.0
209963,0.0
209964,0.13
209965,0.0
209966,0.16
209967,0.01
209968,0.0
209969,0.02
209970,0.0
209971,0.0
209972,0.01
209973,0.04
209974,0.0
209975,0.07
209976,0.0
209977,0.02
209978,0.01
209979,0.06
209980,0.91
209981,0.03
209982,0.08
209983,0.0
209984,0.06
209985,0.01
209986,0.0
209987,0.02
209988,0.02
209989,0.02
209990,0.03
209991,0.0
209992,0.0
209993,0.0
209994,0.05
209995,0.18
209996,0.03
209997,0.0
209998,0.0
209999,0.0
210000,0.0
210001,0.0
210002,0.0
210003,0.05
210004,0.02
210005,0.01
210006,0.02
210007,0.0
210008,0.0
210009,0.02
210010,0.01
210011,0.0
210012,0.02
210013,0.02
210014,0.1
210015,0.03
210016,0.0
210017,0.0
210018,0.0
210019,0.08
210020,0.05
210021,0.0
210022,0.01
210023,0.03
210024,0.0
210025,0.0
210026,0.09
210027,0.03
210028,0.0
210029,0.02
210030,0.04
210031,0.0
210032,0.02333333333333333
210033,0.03
210034,0.01
210035,0.02
210036,0.02
210037,0.02
210038,0.0
210039,0.06
210040,0.0
210041,0.0
210042,0.0
210043,0.0
210044,0.02
210045,0.0
210046,0.01
210047,0.0
210048,0.11
210049,0.0
210050,0.05
210051,0.0
210052,0.0
210053,0.21
210054,0.08
210055,0.0
210056,0.02
210057,0.0
210058,0.24
210059,0.22
210060,0.16
210061,0.0
210062,0.0
210063,0.72
210064,0.0
210065,0.38
210066,0.02
210067,0.0
210068,0.77
210069,0.0
210070,0.7
210071,0.01
210072,0.02
210073,0.01
210074,0.01
210075,0.0
210076,0.0
210077,0.0
210078,0.0
210079,0.01
210080,0.01
210081,0.01
210082,0.0
210083,0.72
210084,0.0
210085,0.01
210086,0.01
210087,0.46
210088,0.03
210089,0.02
210090,0.01
210091,0.0
210092,0.01
210093,0.01
210094,0.01
210095,0.29
210096,0.05
210097,0.0
210098,0.01
210099,0.03
210100,0.0
210101,0.53
210102,0.09
210103,0.0
210104,0.0
210105,0.0
210106,0.01
210107,0.02
210108,0.0
210109,0.02
210110,0.0
210111,0.02
210112,0.0
210113,0.0
210114,0.02
210115,0.22
210116,0.0
210117,0.02
210118,0.02
210119,0.02
210120,0.0
210121,0.01
210122,0.02
210123,0.04
210124,0.01
210125,0.03
210126,0.0
210127,0.03
210128,0.09
210129,0.0
210130,0.0
210131,0.0
210132,0.41608333333333325
210133,0.0
210134,0.03
210135,0.0
210136,0.01
210137,0.06
210138,0.02
210139,0.02
210140,0.13
210141,0.03
210142,0.0
210143,0.0
210144,0.0
210145,0.42
210146,0.16
210147,0.05
210148,0.04
210149,0.03
210150,0.05
210151,0.0
210152,0.0
210153,0.48
210154,0.03
210155,0.0
210156,0.03
210157,0.01
210158,0.0
210159,0.0
210160,0.01
210161,0.06333333333333332
210162,0.0
210163,0.02
210164,0.02
210165,0.11
210166,0.88
210167,0.02
210168,0.01
210169,0.01
210170,0.03
210171,0.0
210172,0.13
210173,0.02
210174,0.01
210175,0.02
210176,0.01
210177,0.01
210178,0.0
210179,0.04
210180,0.13
210181,0.01
210182,0.04
210183,0.0
210184,0.01
210185,0.01
210186,0.0
210187,0.0
210188,0.11
210189,0.0
210190,0.12
210191,0.09
210192,0.0
210193,0.02
210194,0.04
210195,0.0
210196,0.0
210197,0.07
210198,0.01
210199,0.02
210200,0.0
210201,0.02
210202,0.0
210203,0.0
210204,0.01
210205,0.04
210206,0.01
210207,0.02
210208,0.01
210209,0.0
210210,0.01
210211,0.02
210212,0.0
210213,0.02
210214,0.0
210215,0.01
210216,0.02
210217,0.01
210218,0.02
210219,0.01
210220,0.05
210221,0.04
210222,0.95
210223,0.86
210224,0.0
210225,0.0
210226,0.01
210227,0.46
210228,0.02
210229,0.02
210230,0.02
210231,0.01
210232,0.0
210233,0.01
210234,0.0
210235,0.03
210236,0.0
210237,0.01
210238,0.06
210239,0.78
210240,0.0
210241,0.06
210242,0.11
210243,0.0
210244,0.04
210245,0.01
210246,0.0
210247,0.02
210248,0.01
210249,0.0
210250,0.0
210251,0.0
210252,0.0
210253,0.0
210254,0.02
210255,0.01
210256,0.04
210257,0.01
210258,0.0
210259,0.09
210260,0.06
210261,0.13
210262,0.0
210263,0.0
210264,0.02
210265,0.01
210266,0.0
210267,0.06
210268,0.0
210269,0.02
210270,0.02
210271,0.84
210272,0.01
210273,0.0
210274,0.01
210275,0.0
210276,0.0
210277,0.07
210278,0.01
210279,0.03
210280,0.0
210281,0.01
210282,0.0
210283,0.07
210284,0.06
210285,0.01
210286,0.0
210287,0.01
210288,0.1
210289,0.0
210290,0.08
210291,0.02
210292,0.02
210293,0.39
210294,0.0
210295,0.01
210296,0.85
210297,0.0
210298,0.01
210299,0.0
210300,0.26
210301,0.0
210302,0.01
210303,0.0
210304,0.03
210305,0.11
210306,0.01
210307,0.01
210308,0.16
210309,0.43
210310,0.01
210311,0.92
210312,0.0
210313,0.02
210314,0.02
210315,0.0
210316,0.0
210317,0.02
210318,0.01
210319,0.06
210320,0.0
210321,0.0
210322,0.0
210323,0.03
210324,0.01
210325,0.0
210326,0.01
210327,0.0
210328,0.06
210329,0.02
210330,0.0
210331,0.02
210332,0.02
210333,0.0
210334,0.01
210335,0.0
210336,0.04
210337,0.01
210338,0.0
210339,0.04
210340,0.02
210341,0.0
210342,0.02
210343,0.09
210344,0.03
210345,0.0
210346,0.0
210347,0.02
210348,0.02
210349,0.11599999999999999
210350,0.01
210351,0.0
210352,0.06
210353,0.0
210354,0.075
210355,0.01
210356,0.01
210357,0.03
210358,0.1
210359,0.09
210360,0.03
210361,0.01
210362,0.04
210363,0.04
210364,0.03
210365,0.0
210366,0.07
210367,0.17
210368,0.0
210369,0.19
210370,0.0
210371,0.03
210372,0.68
210373,0.01
210374,0.04
210375,0.04
210376,0.93
210377,0.91
210378,0.01
210379,0.04
210380,0.05
210381,0.07
210382,0.01
210383,0.0
210384,0.0
210385,0.02
210386,0.29
210387,0.0
210388,0.01
210389,0.02
210390,0.0
210391,0.05
210392,0.0
210393,0.0
210394,0.25
210395,0.08
210396,0.03
210397,0.82
210398,0.03
210399,0.05
210400,0.0
210401,0.0
210402,0.0
210403,0.04
210404,0.01
210405,0.05
210406,0.03
210407,0.0
210408,0.03
210409,0.01
210410,0.0
210411,0.0
210412,0.25
210413,0.0
210414,0.01
210415,0.01
210416,0.04
210417,0.0
210418,0.01
210419,0.0
210420,0.02
210421,0.34
210422,0.01
210423,0.0
210424,0.02
210425,0.0
210426,0.0
210427,0.03
210428,0.0
210429,0.0
210430,0.01
210431,0.01
210432,0.0
210433,0.02
210434,0.06
210435,0.0
210436,0.02
210437,0.0
210438,0.0
210439,0.0
210440,0.02
210441,0.0
210442,0.0
210443,0.0
210444,0.01
210445,0.06
210446,0.0
210447,0.01
210448,0.59
210449,0.01
210450,0.06
210451,0.13
210452,0.035
210453,0.02
210454,0.01
210455,0.01
210456,0.0
210457,0.01
210458,0.0
210459,0.1
210460,0.115
210461,0.76
210462,0.0
210463,0.0
210464,0.01
210465,0.02
210466,0.04
210467,0.02
210468,0.01
210469,0.02
210470,0.03
210471,0.01
210472,0.03
210473,0.21
210474,0.26
210475,0.0
210476,0.01
210477,0.01
210478,0.01
210479,0.0
210480,0.03
210481,0.0
210482,0.01
210483,0.25
210484,0.02
210485,0.0
210486,0.0
210487,0.0325
210488,0.01
210489,0.03
210490,0.04
210491,0.01
210492,0.06
210493,0.04
210494,0.01
210495,0.05
210496,0.0
210497,0.0
210498,0.52
210499,0.0
210500,0.0
210501,0.04
210502,0.01
210503,0.12
210504,0.01
210505,0.0
210506,0.2
210507,0.13
210508,0.25
210509,0.0
210510,0.01
210511,0.02
210512,0.0
210513,0.0
210514,0.03
210515,0.03
210516,0.05
210517,0.01
210518,0.0
210519,0.0
210520,0.01
210521,0.02
210522,0.01
210523,0.11
210524,0.11
210525,0.0
210526,0.0
210527,0.42
210528,0.14
210529,0.25
210530,0.03
210531,0.04
210532,0.0
210533,0.0
210534,0.01
210535,0.0
210536,0.0
210537,0.01
210538,0.04
210539,0.01
210540,0.07
210541,0.11
210542,0.01
210543,0.0
210544,0.06
210545,0.01
210546,0.05
210547,0.0
210548,0.04
210549,0.0
210550,0.51
210551,0.05
210552,0.01
210553,0.0
210554,0.06
210555,0.01
210556,0.04
210557,0.02
210558,0.07
210559,0.0
210560,0.04
210561,0.0
210562,0.0
210563,0.01
210564,0.0
210565,0.01
210566,0.0
210567,0.01
210568,0.02
210569,0.05
210570,0.05
210571,0.0
210572,0.01
210573,0.06
210574,0.0
210575,0.0
210576,0.0
210577,0.01
210578,0.01
210579,0.04
210580,0.01
210581,0.0
210582,0.0
210583,0.01
210584,0.0
210585,0.06
210586,0.03
210587,0.02
210588,0.03
210589,0.06
210590,0.27
210591,0.0
210592,0.04
210593,0.085
210594,0.01
210595,0.0
210596,0.01
210597,0.01
210598,0.03
210599,0.03
210600,0.0
210601,0.02
210602,0.09
210603,0.06
210604,0.0
210605,0.0
210606,0.09
210607,0.0
210608,0.0
210609,0.03
210610,0.08
210611,0.04
210612,0.01
210613,0.0
210614,0.0
210615,0.02
210616,0.0
210617,0.01
210618,0.49
210619,0.03
210620,0.05
210621,0.02
210622,0.01
210623,0.0
210624,0.0
210625,0.01
210626,0.03
210627,0.02
210628,0.01
210629,0.0
210630,0.02
210631,0.01
210632,0.01
210633,0.02
210634,0.0
210635,0.01
210636,0.8
210637,0.05
210638,0.03
210639,0.03
210640,0.01
210641,0.24
210642,0.02
210643,0.0
210644,0.02
210645,0.02
210646,0.04
210647,0.0
210648,0.02
210649,0.01
210650,0.67
210651,0.1
210652,0.01
210653,0.0
210654,0.02
210655,0.1075
210656,0.0
210657,0.04
210658,0.0
210659,0.0
210660,0.43
210661,0.0
210662,0.0
210663,0.02
210664,0.53
210665,0.05
210666,0.01
210667,0.02
210668,0.02
210669,0.01
210670,0.02
210671,0.75
210672,0.02
210673,0.01
210674,0.0
210675,0.04
210676,0.16
210677,0.01
210678,0.02
210679,0.02
210680,0.02
210681,0.0
210682,0.13
210683,0.09
210684,0.11
210685,0.02
210686,0.16
210687,0.0
210688,0.04
210689,0.04
210690,0.01
210691,0.04
210692,0.01
210693,0.01
210694,0.03
210695,0.01
210696,0.01
210697,0.01
210698,0.0
210699,0.0
210700,0.05
210701,0.04
210702,0.01
210703,0.39
210704,0.05
210705,0.0
210706,0.09
210707,0.01
210708,0.02
210709,0.0
210710,0.14
210711,0.01
210712,0.0
210713,0.01
210714,0.03
210715,0.0
210716,0.01
210717,0.01
210718,0.0
210719,0.0
210720,0.0
210721,0.05
210722,0.03
210723,0.01
210724,0.0
210725,0.08
210726,0.03
210727,0.01
210728,0.01
210729,0.01
210730,0.0
210731,0.0
210732,0.0
210733,0.01
210734,0.0
210735,0.03
210736,0.03
210737,0.01
210738,0.01
210739,0.0
210740,0.0
210741,0.0
210742,0.02
210743,0.02
210744,0.0
210745,0.0
210746,0.01
210747,0.0
210748,0.0
210749,0.07
210750,0.02
210751,0.0
210752,0.01
210753,0.08
210754,0.0
210755,0.0
210756,0.0
210757,0.0
210758,0.0
210759,0.09
210760,0.0
210761,0.03
210762,0.02
210763,0.02
210764,0.06
210765,0.01
210766,0.0
210767,0.02
210768,0.01
210769,0.0
210770,0.0
210771,0.0
210772,0.09
210773,0.02
210774,0.0
210775,0.0
210776,0.02
210777,0.0
210778,0.3
210779,0.01
210780,0.2
210781,0.0
210782,0.0
210783,0.03
210784,0.03
210785,0.17
210786,0.01
210787,0.01
210788,0.01
210789,0.04
210790,0.0
210791,0.04
210792,0.0
210793,0.0
210794,0.13
210795,0.01
210796,0.01
210797,0.0
210798,0.0
210799,0.0
210800,0.02
210801,0.03
210802,0.02
210803,0.01
210804,0.01
210805,0.01
210806,0.02
210807,0.02
210808,0.05
210809,0.0
210810,0.0
210811,0.0
210812,0.03
210813,0.01
210814,0.06
210815,0.06
210816,0.6
210817,0.02
210818,0.06
210819,0.0
210820,0.0
210821,0.0
210822,0.03
210823,0.54
210824,0.04
210825,0.04
210826,0.08
210827,0.01
210828,0.02
210829,0.01
210830,0.07
210831,0.01
210832,0.0
210833,0.03
210834,0.88
210835,0.0
210836,0.31
210837,0.01
210838,0.33
210839,0.02
210840,0.01
210841,0.01
210842,0.0
210843,0.0
210844,0.01
210845,0.02
210846,0.02
210847,0.04
210848,0.0
210849,0.0
210850,0.0
210851,0.05
210852,0.08
210853,0.01
210854,0.01
210855,0.72
210856,0.0
210857,0.01
210858,0.71
210859,0.0
210860,0.02
210861,0.95
210862,0.0
210863,0.03
210864,0.01
210865,0.01
210866,0.0
210867,0.0
210868,0.2
210869,0.02
210870,0.03
210871,0.0
210872,0.0
210873,0.87
210874,0.0
210875,0.08
210876,0.0
210877,0.0
210878,0.0
210879,0.01
210880,0.01
210881,0.42
210882,0.01
210883,0.0
210884,0.02
210885,0.0
210886,0.05
210887,0.16
210888,0.0
210889,0.01
210890,0.01
210891,0.04
210892,0.0
210893,0.02
210894,0.0
210895,0.04
210896,0.01
210897,0.37
210898,0.05
210899,0.03
210900,0.74
210901,0.0
210902,0.76
210903,0.02
210904,0.0
210905,0.01
210906,0.07
210907,0.01
210908,0.0
210909,0.09
210910,0.01
210911,0.03
210912,0.1
210913,0.0
210914,0.03
210915,0.01
210916,0.01
210917,0.01
210918,0.01
210919,0.02
210920,0.01
210921,0.0
210922,0.08
210923,0.02
210924,0.01
210925,0.0
210926,0.02
210927,0.06
210928,0.0
210929,0.05
210930,0.05
210931,0.0
210932,0.01
210933,0.02
210934,0.07
210935,0.12
210936,0.02
210937,0.01
210938,0.02
210939,0.0
210940,0.02
210941,0.03
210942,0.16
210943,0.01
210944,0.12
210945,0.0
210946,0.01
210947,0.01
210948,0.0
210949,0.02
210950,0.0
210951,0.18
210952,0.0
210953,0.0
210954,0.0
210955,0.03
210956,0.13
210957,0.01
210958,0.01
210959,0.0
210960,0.57
210961,0.0
210962,0.09
210963,0.0
210964,0.0
210965,0.13
210966,0.0
210967,0.02
210968,0.01
210969,0.0
210970,0.02
210971,0.0
210972,0.0
210973,0.03
210974,0.01
210975,0.0
210976,0.01
210977,0.0
210978,0.06
210979,0.01
210980,0.06
210981,0.0
210982,0.0
210983,0.16
210984,0.07
210985,0.02
210986,0.0
210987,0.16
210988,0.11666666666666665
210989,0.04
210990,0.24
210991,0.0
210992,0.04
210993,0.04
210994,0.01
210995,0.02
210996,0.0
210997,0.01
210998,0.01
210999,0.01
211000,0.0
211001,0.15
211002,0.0
211003,0.01
211004,0.0
211005,0.02
211006,0.95
211007,0.0
211008,0.01
211009,0.06
211010,0.07
211011,0.0
211012,0.01
211013,0.19
211014,0.02
211015,0.1
211016,0.01
211017,0.01
211018,0.16
211019,0.0
211020,0.0
211021,0.03
211022,0.02
211023,0.06
211024,0.01
211025,0.54
211026,0.0
211027,0.01
211028,0.01
211029,0.02
211030,0.01
211031,0.01
211032,0.02
211033,0.06
211034,0.04
211035,0.0
211036,0.06
211037,0.04
211038,0.41
211039,0.04
211040,0.06
211041,0.05
211042,0.0
211043,0.01
211044,0.0
211045,0.01
211046,0.02
211047,0.01
211048,0.26
211049,0.02
211050,0.02
211051,0.0
211052,0.06
211053,0.11
211054,0.05
211055,0.0
211056,0.07
211057,0.0
211058,0.05
211059,0.04
211060,0.01
211061,0.17
211062,0.02
211063,0.1
211064,0.01
211065,0.0
211066,0.0
211067,0.01
211068,0.01
211069,0.02
211070,0.01
211071,0.07
211072,0.03
211073,0.01
211074,0.0
211075,0.06
211076,0.0
211077,0.12
211078,0.37
211079,0.01
211080,0.0
211081,0.0
211082,0.02
211083,0.02
211084,0.0
211085,0.0
211086,0.01
211087,0.01
211088,0.01
211089,0.0
211090,0.0
211091,0.01
211092,0.01
211093,0.13
211094,0.0
211095,0.01
211096,0.01
211097,0.01
211098,0.01
211099,0.01
211100,0.08
211101,0.0
211102,0.29
211103,0.0
211104,0.02
211105,0.01
211106,0.0
211107,0.15
211108,0.0
211109,0.01
211110,0.0
211111,0.04
211112,0.02
211113,0.0
211114,0.02
211115,0.05
211116,0.0
211117,0.03
211118,0.0
211119,0.0125
211120,0.0
211121,0.01
211122,0.08
211123,0.01
211124,0.02
211125,0.0
211126,0.03
211127,0.0
211128,0.02
211129,0.02
211130,0.01
211131,0.05
211132,0.0
211133,0.01
211134,0.0
211135,0.03
211136,0.01
211137,0.07
211138,0.0
211139,0.01
211140,0.03
211141,0.02
211142,0.73
211143,0.02
211144,0.01
211145,0.16
211146,0.04
211147,0.02
211148,0.0
211149,0.0
211150,0.02
211151,0.0
211152,0.0
211153,0.24
211154,0.23
211155,0.04
211156,0.12
211157,0.01
211158,0.0
211159,0.0
211160,0.13
211161,0.01
211162,0.02
211163,0.02
211164,0.0
211165,0.01
211166,0.0
211167,0.0
211168,0.02
211169,0.65
211170,0.06
211171,0.0
211172,0.18
211173,0.42
211174,0.0
211175,0.02
211176,0.93
211177,0.0
211178,0.03
211179,0.03
211180,0.01
211181,0.01
211182,0.36
211183,0.03
211184,0.08
211185,0.03
211186,0.02
211187,0.0
211188,0.03
211189,0.0
211190,0.0
211191,0.04
211192,0.31
211193,0.05
211194,0.0
211195,0.02
211196,0.0
211197,0.01
211198,0.0
211199,0.01
211200,0.0
211201,0.01
211202,0.2
211203,0.02
211204,0.33
211205,0.05
211206,0.03
211207,0.01
211208,0.01
211209,0.48
211210,0.02
211211,0.0
211212,0.0
211213,0.06
211214,0.02
211215,0.01
211216,0.01
211217,0.04
211218,0.0
211219,0.01
211220,0.01
211221,0.06
211222,0.14
211223,0.01
211224,0.03
211225,0.1
211226,0.01
211227,0.0
211228,0.02
211229,0.01
211230,0.02
211231,0.02
211232,0.0
211233,0.17
211234,0.0
211235,0.89
211236,0.6325000000000001
211237,0.04
211238,0.11
211239,0.01
211240,0.06
211241,0.1
211242,0.05
211243,0.03
211244,0.03
211245,0.01
211246,0.21
211247,0.0
211248,0.0
211249,0.01
211250,0.01
211251,0.0
211252,0.03
211253,0.0
211254,0.02
211255,0.77
211256,0.01
211257,0.83
211258,0.0
211259,0.05
211260,0.01
211261,0.02
211262,0.0
211263,0.21
211264,0.03
211265,0.02
211266,0.02
211267,0.01
211268,0.02
211269,0.15
211270,0.0
211271,0.01
211272,0.0
211273,0.02
211274,0.02
211275,0.0
211276,0.01
211277,0.01
211278,0.07
211279,0.06
211280,0.15
211281,0.73
211282,0.04
211283,0.01
211284,0.0
211285,0.05
211286,0.01
211287,0.0
211288,0.0
211289,0.14
211290,0.01
211291,0.68
211292,0.02
211293,0.02
211294,0.06
211295,0.0
211296,0.0
211297,0.0
211298,0.57
211299,0.01
211300,0.03
211301,0.01
211302,0.0
211303,0.0
211304,0.01
211305,0.01
211306,0.0
211307,0.02
211308,0.0
211309,0.04
211310,0.01
211311,0.52
211312,0.02
211313,0.02
211314,0.06333333333333332
211315,0.15
211316,0.71
211317,0.07
211318,0.05
211319,0.2
211320,0.12
211321,0.04
211322,0.05
211323,0.05
211324,0.0
211325,0.01
211326,0.06
211327,0.0
211328,0.25
211329,0.02
211330,0.01
211331,0.8
211332,0.01
211333,0.01
211334,0.03
211335,0.02
211336,0.05
211337,0.2
211338,0.0
211339,0.0
211340,0.0
211341,0.09
211342,0.02
211343,0.0
211344,0.0
211345,0.0
211346,0.07
211347,0.01
211348,0.02
211349,0.01
211350,0.02
211351,0.0
211352,0.0
211353,0.01
211354,0.01
211355,0.01
211356,0.0
211357,0.02
211358,0.03
211359,0.01
211360,0.05
211361,0.04
211362,0.0
211363,0.0
211364,0.0
211365,0.01
211366,0.03
211367,0.01
211368,0.0
211369,0.01
211370,0.03
211371,0.0
211372,0.0
211373,0.02
211374,0.01
211375,0.01
211376,0.0
211377,0.0
211378,0.0
211379,0.0
211380,0.01
211381,0.13
211382,0.0
211383,0.01
211384,0.0
211385,0.02
211386,0.02
211387,0.02
211388,0.06
211389,0.0
211390,0.02
211391,0.04
211392,0.05
211393,0.14
211394,0.07
211395,0.19
211396,0.04
211397,0.03
211398,0.01
211399,0.03
211400,0.21
211401,0.01
211402,0.0
211403,0.01
211404,0.42
211405,0.03666666666666667
211406,0.69
211407,0.03
211408,0.01
211409,0.14
211410,0.04
211411,0.03
211412,0.02
211413,0.0
211414,0.23
211415,0.0
211416,0.02
211417,0.53
211418,0.0
211419,0.78
211420,0.0
211421,0.01
211422,0.02
211423,0.05
211424,0.0
211425,0.0
211426,0.0
211427,0.1
211428,0.0
211429,0.01
211430,0.04
211431,0.01
211432,0.01
211433,0.04
211434,0.1
211435,0.0
211436,0.0
211437,0.83
211438,0.01
211439,0.0
211440,0.05
211441,0.01
211442,0.04
211443,0.0
211444,0.0
211445,0.0
211446,0.0
211447,0.02
211448,0.1
211449,0.01
211450,0.05
211451,0.29
211452,0.01
211453,0.03
211454,0.05
211455,0.0
211456,0.0
211457,0.04
211458,0.0
211459,0.0
211460,0.07
211461,0.02
211462,0.0
211463,0.02
211464,0.0
211465,0.0
211466,0.03
211467,0.0
211468,0.0
211469,0.01
211470,0.0
211471,0.13
211472,0.02
211473,0.0
211474,0.0
211475,0.06
211476,0.01
211477,0.04
211478,0.12
211479,0.06
211480,0.93
211481,0.03
211482,0.05
211483,0.75
211484,0.02
211485,0.03
211486,0.01
211487,0.0
211488,0.01
211489,0.07
211490,0.0
211491,0.02
211492,0.02
211493,0.0
211494,0.0
211495,0.33
211496,0.03
211497,0.02
211498,0.02
211499,0.0
211500,0.02
211501,0.01
211502,0.05
211503,0.0
211504,0.01
211505,0.0
211506,0.0
211507,0.63
211508,0.01
211509,0.01
211510,0.01
211511,0.05
211512,0.0
211513,0.04
211514,0.0
211515,0.11
211516,0.11
211517,0.03
211518,0.03
211519,0.03
211520,0.01
211521,0.25
211522,0.05
211523,0.13
211524,0.04
211525,0.0
211526,0.0
211527,0.04
211528,0.0
211529,0.03
211530,0.0
211531,0.09
211532,0.0
211533,0.0
211534,0.39
211535,0.01
211536,0.02
211537,0.0
211538,0.0
211539,0.03
211540,0.04
211541,0.06
211542,0.01
211543,0.0
211544,0.0
211545,0.0
211546,0.01
211547,0.0
211548,0.0
211549,0.01
211550,0.0
211551,0.02
211552,0.02
211553,0.01
211554,0.03
211555,0.0
211556,0.03
211557,0.0
211558,0.01
211559,0.0
211560,0.02
211561,0.17
211562,0.0
211563,0.01
211564,0.13
211565,0.01
211566,0.04
211567,0.93
211568,0.04
211569,0.04
211570,0.0
211571,0.11
211572,0.0
211573,0.0
211574,0.0
211575,0.01
211576,0.0
211577,0.02
211578,0.12
211579,0.03
211580,0.03
211581,0.01
211582,0.0
211583,0.01
211584,0.01
211585,0.0
211586,0.02
211587,0.05
211588,0.0
211589,0.0
211590,0.01
211591,0.06
211592,0.0
211593,0.04
211594,0.0
211595,0.03
211596,0.0
211597,0.0
211598,0.0
211599,0.02
211600,0.0
211601,0.0
211602,0.42
211603,0.99
211604,0.0
211605,0.04
211606,0.0
211607,0.04
211608,0.11
211609,0.0
211610,0.0
211611,0.02
211612,0.21
211613,0.02
211614,0.0
211615,0.02
211616,0.01
211617,0.1
211618,0.01
211619,0.01
211620,0.0
211621,0.01
211622,0.03
211623,0.04
211624,0.0
211625,0.02
211626,0.66
211627,0.02
211628,0.0
211629,0.02
211630,0.02
211631,0.01
211632,0.11
211633,0.11
211634,0.02
211635,0.51
211636,0.02
211637,0.0
211638,0.02
211639,0.0
211640,0.2
211641,0.02
211642,0.04
211643,0.0
211644,0.02
211645,0.06
211646,0.0
211647,0.03
211648,0.01
211649,0.03
211650,0.15
211651,0.96
211652,0.01
211653,0.0
211654,0.01
211655,0.01
211656,0.0
211657,0.03
211658,0.02
211659,0.01
211660,0.0
211661,0.04
211662,0.01
211663,0.01
211664,0.0
211665,0.05
211666,0.0
211667,0.0
211668,0.02
211669,0.01
211670,0.44
211671,0.06
211672,0.18
211673,0.0
211674,0.01
211675,0.03
211676,0.01
211677,0.0
211678,0.08
211679,0.01
211680,0.18
211681,0.18
211682,0.0
211683,0.02
211684,0.0
211685,0.01
211686,0.0
211687,0.11
211688,0.2
211689,0.05
211690,0.0
211691,0.11
211692,0.01
211693,0.0
211694,0.08
211695,0.01
211696,0.0
211697,0.0
211698,0.03
211699,0.06
211700,0.0
211701,0.04
211702,0.04
211703,0.04
211704,0.08
211705,0.01
211706,0.03
211707,0.03
211708,0.01
211709,0.0
211710,0.01
211711,0.03
211712,0.0
211713,0.67
211714,0.0
211715,0.0
211716,0.02
211717,0.0
211718,0.02
211719,0.04
211720,0.83
211721,0.01
211722,0.03
211723,0.02
211724,0.86
211725,0.4
211726,0.04
211727,0.0
211728,0.02
211729,0.01
211730,0.03
211731,0.0
211732,0.03
211733,0.0
211734,0.01
211735,0.03
211736,0.75
211737,0.01
211738,0.04
211739,0.01
211740,0.01
211741,0.02
211742,0.0
211743,0.02
211744,0.04
211745,0.04
211746,0.96
211747,0.92
211748,0.14
211749,0.0
211750,0.06
211751,0.01
211752,0.06
211753,0.01
211754,0.01
211755,0.02
211756,0.0
211757,0.0
211758,0.0
211759,0.0
211760,0.01
211761,0.0
211762,0.94
211763,0.09
211764,0.0
211765,0.79
211766,0.0
211767,0.04
211768,0.08
211769,0.01
211770,0.01
211771,0.0
211772,0.09
211773,0.08
211774,0.25
211775,0.0
211776,0.02
211777,0.0
211778,0.0
211779,0.01
211780,0.89
211781,0.01
211782,0.03
211783,0.06
211784,0.03
211785,0.0
211786,0.0
211787,0.0
211788,0.02
211789,0.0
211790,0.01
211791,0.0
211792,0.04
211793,0.03
211794,0.0
211795,0.02
211796,0.0
211797,0.04
211798,0.02
211799,0.0
211800,0.0
211801,0.04
211802,0.01
211803,0.03
211804,0.01
211805,0.09
211806,0.02
211807,0.02
211808,0.01
211809,0.24
211810,0.72
211811,0.02
211812,0.05
211813,0.01
211814,0.0
211815,0.01
211816,0.0
211817,0.13
211818,0.0
211819,0.01
211820,0.0
211821,0.02
211822,0.0
211823,0.03
211824,0.84
211825,0.1
211826,0.01
211827,0.05
211828,0.16
211829,0.03
211830,0.02
211831,0.46
211832,0.01
211833,0.15
211834,0.0
211835,0.02
211836,0.0
211837,0.3
211838,0.03
211839,0.01
211840,0.04
211841,0.02
211842,0.0
211843,0.01
211844,0.13
211845,0.03
211846,0.0
211847,0.06
211848,0.0
211849,0.05
211850,0.02
211851,0.03
211852,0.0
211853,0.03
211854,0.03
211855,0.01
211856,0.01
211857,0.04
211858,0.23
211859,0.02
211860,0.0
211861,0.04
211862,0.01
211863,0.0
211864,0.04
211865,0.01
211866,0.0
211867,0.0
211868,0.03
211869,0.03
211870,0.0
211871,0.08
211872,0.02
211873,0.0
211874,0.01
211875,0.0
211876,0.0
211877,0.03
211878,0.04
211879,0.0
211880,0.01
211881,0.0
211882,0.05
211883,0.14
211884,0.06
211885,0.05
211886,0.06
211887,0.03
211888,0.0
211889,0.46
211890,0.06690476190476191
211891,0.0
211892,0.01
211893,0.04
211894,0.0
211895,0.07
211896,0.0
211897,0.0
211898,0.03
211899,0.0
211900,0.44
211901,0.0
211902,0.01
211903,0.0
211904,0.01
211905,0.0
211906,0.03
211907,0.0
211908,0.25
211909,0.84
211910,0.0
211911,0.04
211912,0.04
211913,0.02
211914,0.0
211915,0.0
211916,0.15
211917,0.02
211918,0.02
211919,0.0
211920,0.0
211921,0.02
211922,0.03
211923,0.09
211924,0.0
211925,0.0
211926,0.0
211927,0.0
211928,0.0
211929,0.0
211930,0.01
211931,0.02
211932,0.03
211933,0.0
211934,0.02
211935,0.03
211936,0.0
211937,0.02
211938,0.15
211939,0.07
211940,0.06
211941,0.01
211942,0.0
211943,0.03
211944,0.0
211945,0.04
211946,0.04
211947,0.02
211948,0.07
211949,0.01
211950,0.0
211951,0.0
211952,0.01
211953,0.0
211954,0.0
211955,0.01
211956,0.03
211957,0.01
211958,0.01
211959,0.0
211960,0.06
211961,0.01
211962,0.0
211963,0.02
211964,0.0
211965,0.83
211966,0.05
211967,0.0
211968,0.01
211969,0.01
211970,0.1
211971,0.0
211972,0.01
211973,0.02
211974,0.0
211975,0.01
211976,0.0
211977,0.06
211978,0.0
211979,0.01
211980,0.12
211981,0.0
211982,0.02
211983,0.05
211984,0.0
211985,0.03
211986,0.06
211987,0.05
211988,0.0
211989,0.07
211990,0.01
211991,0.37
211992,0.0
211993,0.04052380952380953
211994,0.0
211995,0.0
211996,0.0
211997,0.06
211998,0.06
211999,0.0
212000,0.03
212001,0.01
212002,0.0
212003,0.03
212004,0.02
212005,0.03
212006,0.01
212007,0.07
212008,0.0
212009,0.01
212010,0.11
212011,0.0
212012,0.09
212013,0.0
212014,0.01
212015,0.62
212016,0.0
212017,0.02
212018,0.1
212019,0.02
212020,0.0
212021,0.01
212022,0.0
212023,0.88
212024,0.01
212025,0.02
212026,0.15666666666666668
212027,0.01
212028,0.92
212029,0.02
212030,0.11
212031,0.01
212032,0.1
212033,0.0
212034,0.0
212035,0.0
212036,0.14
212037,0.0
212038,0.03
212039,0.0
212040,0.0
212041,0.01
212042,0.01
212043,0.0
212044,0.01
212045,0.01
212046,0.09
212047,0.99
212048,0.07
212049,0.02
212050,0.0
212051,0.01
212052,0.0
212053,0.08
212054,0.02
212055,0.02
212056,0.03
212057,0.04
212058,0.01
212059,0.07
212060,0.0
212061,0.99
212062,0.02
212063,0.01
212064,0.01
212065,0.028333333333333335
212066,0.0
212067,0.0
212068,0.02
212069,0.01
212070,0.01
212071,0.01
212072,0.03
212073,0.03
212074,0.01
212075,0.01
212076,0.0
212077,0.01
212078,0.26
212079,0.05
212080,0.0
212081,0.02
212082,0.01
212083,0.35
212084,0.06
212085,0.02
212086,0.04
212087,0.0
212088,0.4
212089,0.01
212090,0.09
212091,0.0
212092,0.05
212093,0.0
212094,0.01
212095,0.0
212096,0.02
212097,0.12
212098,0.05
212099,0.01
212100,0.57
212101,0.0
212102,0.02
212103,0.0
212104,0.06
212105,0.02
212106,0.01
212107,0.0
212108,0.01
212109,0.02
212110,0.02
212111,0.67
212112,0.0
212113,0.0
212114,0.0
212115,0.02
212116,0.0
212117,0.0
212118,0.0
212119,0.52
212120,0.03
212121,0.01
212122,0.22333333333333333
212123,0.01
212124,0.0
212125,0.63
212126,0.02
212127,0.02
212128,0.13
212129,0.0
212130,0.06
212131,0.0
212132,0.01
212133,0.0
212134,0.03
212135,0.07
212136,0.01
212137,0.0
212138,0.0
212139,0.01
212140,0.01
212141,0.01
212142,0.0
212143,0.04
212144,0.38
212145,0.03
212146,0.15
212147,0.0
212148,0.1
212149,0.06
212150,0.055
212151,0.0
212152,0.06
212153,0.19
212154,0.03
212155,0.0
212156,0.0
212157,0.01
212158,0.03
212159,0.03
212160,0.16
212161,0.0
212162,0.02
212163,0.05
212164,0.02
212165,0.01
212166,0.0
212167,0.03
212168,0.03
212169,0.0
212170,0.0
212171,0.01
212172,0.03
212173,0.0
212174,0.03
212175,0.15
212176,0.02
212177,0.04
212178,0.01
212179,0.0
212180,0.02
212181,0.1
212182,0.0
212183,0.47
212184,0.0
212185,0.24
212186,0.03
212187,0.01
212188,0.01
212189,0.28
212190,0.07
212191,0.0
212192,0.02
212193,0.0
212194,0.0
212195,0.03
212196,0.0
212197,0.01
212198,0.22
212199,0.04
212200,0.01
212201,0.01
212202,0.05
212203,0.01
212204,0.0
212205,0.51
212206,0.1
212207,0.0
212208,0.04
212209,0.0
212210,0.0
212211,0.01
212212,0.01
212213,0.0
212214,0.02
212215,0.0
212216,0.02
212217,0.03
212218,0.07
212219,0.0
212220,0.19
212221,0.2
212222,0.0
212223,0.25
212224,0.01
212225,0.06
212226,0.0
212227,0.01
212228,0.0
212229,0.04
212230,0.0
212231,0.01
212232,0.01
212233,0.0
212234,0.06
212235,0.02
212236,0.0
212237,0.53
212238,0.0
212239,0.03
212240,0.0
212241,0.08
212242,0.03
212243,0.04
212244,0.01
212245,0.04
212246,0.0
212247,0.02
212248,0.0
212249,0.05
212250,0.0
212251,0.02
212252,0.0
212253,0.05
212254,0.36
212255,0.01
212256,0.04
212257,0.06
212258,0.0
212259,0.01
212260,0.03
212261,0.1
212262,0.0
212263,0.0
212264,0.01
212265,0.35
212266,0.07
212267,0.0
212268,0.0
212269,0.01
212270,0.03
212271,0.05
212272,0.0
212273,0.02
212274,0.0
212275,0.0
212276,0.0
212277,0.01
212278,0.0
212279,0.0
212280,0.0
212281,0.02
212282,0.0
212283,0.92
212284,0.0
212285,0.05
212286,0.01
212287,0.02
212288,0.0
212289,0.0
212290,0.0
212291,0.01
212292,0.05
212293,0.01
212294,0.04
212295,0.0
212296,0.01
212297,0.01
212298,0.03
212299,0.0
212300,0.0
212301,0.01
212302,0.04
212303,0.02
212304,0.01
212305,0.0
212306,0.01
212307,0.01
212308,0.0
212309,0.0
212310,0.0
212311,0.02
212312,0.65
212313,0.0
212314,0.09
212315,0.0
212316,0.0
212317,0.01
212318,0.03
212319,0.0
212320,0.05
212321,0.07
212322,0.03333333333333333
212323,0.01
212324,0.01
212325,0.01
212326,0.46
212327,0.02
212328,0.01
212329,0.01
212330,0.01
212331,0.01
212332,0.0
212333,0.0
212334,0.0
212335,0.01
212336,0.07
212337,0.49
212338,0.01
212339,0.0
212340,0.06
212341,0.04
212342,0.0
212343,0.62
212344,0.02
212345,0.02
212346,0.01
212347,0.01
212348,0.06
212349,0.01
212350,0.0
212351,0.0
212352,0.02
212353,0.0
212354,0.0
212355,0.0
212356,0.08
212357,0.03
212358,0.01
212359,0.01
212360,0.0
212361,0.0
212362,0.02
212363,0.11
212364,0.0
212365,0.02
212366,0.03
212367,0.0
212368,0.1
212369,0.03
212370,0.0
212371,0.0
212372,0.0
212373,0.09
212374,0.0
212375,0.0
212376,0.02
212377,0.01
212378,0.02
212379,0.0
212380,0.0
212381,0.06
212382,0.05
212383,0.02
212384,0.0
212385,0.0
212386,0.0
212387,0.0
212388,0.05
212389,0.0
212390,0.02
212391,0.02
212392,0.0
212393,0.02
212394,0.01
212395,0.0
212396,0.0
212397,0.0
212398,0.03
212399,0.2
212400,0.02
212401,0.0
212402,0.01
212403,0.0
212404,0.28
212405,0.05
212406,0.01
212407,0.08
212408,0.01
212409,0.01
212410,0.11
212411,0.0
212412,0.0
212413,0.0
212414,0.02
212415,0.02
212416,0.0
212417,0.01
212418,0.0
212419,0.86
212420,0.05
212421,0.01
212422,0.3
212423,0.02
212424,0.0
212425,0.0
212426,0.0
212427,0.03
212428,0.03
212429,0.01
212430,0.03
212431,0.01
212432,0.02
212433,0.02
212434,0.0
212435,0.01
212436,0.01
212437,0.84
212438,0.01
212439,0.07
212440,0.01
212441,0.0
212442,0.03
212443,0.02
212444,0.0
212445,0.0
212446,0.0
212447,0.01
212448,0.01
212449,0.01
212450,0.03
212451,0.0
212452,0.05
212453,0.04
212454,0.37
212455,0.01
212456,0.0
212457,0.03
212458,0.0
212459,0.01
212460,0.0
212461,0.01
212462,0.01
212463,0.01
212464,0.01
212465,0.04
212466,0.0
212467,0.03
212468,0.03
212469,0.7
212470,0.01
212471,0.01
212472,0.0
212473,0.21
212474,0.04
212475,0.02
212476,0.0
212477,0.01
212478,0.01
212479,0.0
212480,0.0
212481,0.01
212482,0.02
212483,0.0
212484,0.03
212485,0.02
212486,0.01
212487,0.01
212488,0.0
212489,0.0
212490,0.05
212491,0.52
212492,0.0
212493,0.0
212494,0.0
212495,0.0
212496,0.03
212497,0.0
212498,0.01
212499,0.01
212500,0.02
212501,0.01
212502,0.01
212503,0.14
212504,0.02
212505,0.04
212506,0.14
212507,0.02
212508,0.26
212509,0.03
212510,0.02
212511,0.0
212512,0.01
212513,0.73
212514,0.0
212515,0.04
212516,0.0
212517,0.0
212518,0.01
212519,0.01
212520,0.05
212521,0.11
212522,0.0
212523,0.36
212524,0.78
212525,0.01
212526,0.02
212527,0.0
212528,0.01
212529,0.0
212530,0.28
212531,0.0
212532,0.0
212533,0.01
212534,0.01
212535,0.0
212536,0.0
212537,0.02
212538,0.0
212539,0.0
212540,0.01
212541,0.0
212542,0.06
212543,0.01
212544,0.01
212545,0.0
212546,0.05
212547,0.01
212548,0.01
212549,0.01
212550,0.04
212551,0.06
212552,0.0
212553,0.02
212554,0.0
212555,0.1
212556,0.01
212557,0.19
212558,0.03
212559,0.07
212560,0.03
212561,0.0
212562,0.0
212563,0.01
212564,0.01
212565,0.0
212566,0.01
212567,0.01
212568,0.04
212569,0.05
212570,0.0
212571,0.02
212572,0.01
212573,0.03
212574,0.0
212575,0.12
212576,0.09
212577,0.01
212578,0.01
212579,0.0
212580,0.0
212581,0.01
212582,0.0
212583,0.02
212584,0.11
212585,0.0
212586,0.04
212587,0.0
212588,0.0
212589,0.0
212590,0.01
212591,0.04
212592,0.0
212593,0.04
212594,0.16
212595,0.0
212596,0.03
212597,0.0
212598,0.02
212599,0.01
212600,0.03
212601,0.03
212602,0.0
212603,0.04
212604,0.025
212605,0.0
212606,0.02
212607,0.0
212608,0.03
212609,0.01
212610,0.0
212611,0.0
212612,0.01
212613,0.01
212614,0.06
212615,0.01
212616,0.0
212617,0.43
212618,0.0
212619,0.0
212620,0.29
212621,0.0
212622,0.01
212623,0.02
212624,0.01
212625,0.0
212626,0.01
212627,0.0
212628,0.0
212629,0.03
212630,0.03
212631,0.04
212632,0.0
212633,0.02
212634,0.0
212635,0.05
212636,0.0
212637,0.02
212638,0.5
212639,0.01
212640,0.0
212641,0.08
212642,0.06
212643,0.04
212644,0.01
212645,0.0
212646,0.21
212647,0.04
212648,0.01
212649,0.02
212650,0.0
212651,0.0
212652,0.01
212653,0.0
212654,0.21
212655,0.0
212656,0.01
212657,0.0
212658,0.09
212659,0.0
212660,0.0
212661,0.01
212662,0.02
212663,0.0
212664,0.7
212665,0.27
212666,0.11199999999999999
212667,0.06
212668,0.01
212669,0.0
212670,0.01
212671,0.01
212672,0.01
212673,0.0
212674,0.07
212675,0.0
212676,0.02
212677,0.06
212678,0.03
212679,0.15
212680,0.0
212681,0.01
212682,0.09
212683,0.03
212684,0.01
212685,0.01
212686,0.03
212687,0.0
212688,0.02
212689,0.0
212690,0.0
212691,0.09
212692,0.01
212693,0.01
212694,0.0
212695,0.0
212696,0.14
212697,0.04
212698,0.02
212699,0.05
212700,0.31
212701,0.0
212702,0.07
212703,0.0
212704,0.03
212705,0.0
212706,0.12
212707,0.02
212708,0.96
212709,0.02
212710,0.02
212711,0.04
212712,0.0
212713,0.0
212714,0.02
212715,0.01
212716,0.03
212717,0.04
212718,0.02
212719,0.0
212720,0.03
212721,0.01
212722,0.0
212723,0.06
212724,0.02
212725,0.54
212726,0.01
212727,0.14
212728,0.02
212729,0.0
212730,0.0
212731,0.01
212732,0.01
212733,0.0
212734,0.04
212735,0.0
212736,0.0
212737,0.01
212738,0.05
212739,0.1
212740,0.22
212741,0.01
212742,0.01
212743,0.0
212744,0.05
212745,0.07
212746,0.0
212747,0.01
212748,0.03
212749,0.31
212750,0.83
212751,0.0
212752,0.07
212753,0.39
212754,0.33
212755,0.0
212756,0.05
212757,0.05
212758,0.02
212759,0.12
212760,0.0
212761,0.03
212762,0.01
212763,0.05
212764,0.01
212765,0.01
212766,0.01
212767,0.01
212768,0.0
212769,0.0
212770,0.0
212771,0.01
212772,0.17
212773,0.01
212774,0.1
212775,0.21
212776,0.0
212777,0.0
212778,0.0
212779,0.06
212780,0.01
212781,0.02
212782,0.01
212783,0.0
212784,0.02
212785,0.05
212786,0.01
212787,0.04
212788,0.0
212789,0.06
212790,0.01
212791,0.08666666666666666
212792,0.98
212793,0.0
212794,0.03
212795,0.01
212796,0.03
212797,0.0
212798,0.01
212799,0.01
212800,0.01
212801,0.06
212802,0.0
212803,0.03
212804,0.0
212805,0.01
212806,0.0
212807,0.0
212808,0.04
212809,0.0
212810,0.01
212811,0.02
212812,0.01
212813,0.0
212814,0.03
212815,0.01
212816,0.0
212817,0.05
212818,0.0
212819,0.28
212820,0.05
212821,0.0
212822,0.03
212823,0.03
212824,0.69
212825,0.02
212826,0.0
212827,0.01
212828,0.0
212829,0.03
212830,0.0
212831,0.0
212832,0.06
212833,0.2
212834,0.0
212835,0.01
212836,0.03
212837,0.0
212838,0.02
212839,0.0
212840,0.0
212841,0.05
212842,0.0
212843,0.01
212844,0.02
212845,0.02
212846,0.01
212847,0.01
212848,0.05
212849,0.03
212850,0.09
212851,0.01
212852,0.25
212853,0.31
212854,0.01
212855,0.01
212856,0.07
212857,0.04
212858,0.01
212859,0.01
212860,0.0
212861,0.01
212862,0.47
212863,0.01
212864,0.0
212865,0.0
212866,0.0
212867,0.0
212868,0.01
212869,0.01
212870,0.01
212871,0.0
212872,0.0
212873,0.01
212874,0.06
212875,0.02
212876,0.23
212877,0.01
212878,0.02
212879,0.01
212880,0.0
212881,0.04
212882,0.0
212883,0.22
212884,0.013333333333333332
212885,0.0
212886,0.01
212887,0.02
212888,0.2
212889,0.0
212890,0.0
212891,0.02
212892,0.01
212893,0.01
212894,0.09
212895,0.16
212896,0.0
212897,0.0
212898,0.4
212899,0.01
212900,0.01
212901,0.08
212902,0.02
212903,0.0
212904,0.02
212905,0.0
212906,0.01
212907,0.0
212908,0.02
212909,0.0
212910,0.0
212911,0.0
212912,0.04
212913,0.01
212914,0.01
212915,0.02
212916,0.01
212917,0.04
212918,0.01
212919,0.39
212920,0.0
212921,0.01
212922,0.02
212923,0.12
212924,0.04
212925,0.02
212926,0.03
212927,0.0
212928,0.15
212929,0.66
212930,0.08
212931,0.0
212932,0.0
212933,0.82
212934,0.09
212935,0.04
212936,0.01
212937,0.03
212938,0.01
212939,0.03
212940,0.02
212941,0.28
212942,0.0
212943,0.01
212944,0.0
212945,0.0
212946,0.02
212947,0.03
212948,0.01
212949,0.04
212950,0.145
212951,0.01
212952,0.0
212953,0.0
212954,0.0
212955,0.125
212956,0.24
212957,0.02
212958,0.01
212959,0.09
212960,0.01
212961,0.0
212962,0.04
212963,0.01
212964,0.02
212965,0.06
212966,0.0
212967,0.31
212968,0.8
212969,0.04
212970,0.0
212971,0.02
212972,0.01
212973,0.66
212974,0.01
212975,0.07
212976,0.01
212977,0.0
212978,0.1
212979,0.01
212980,0.01
212981,0.01
212982,0.07
212983,0.0
212984,0.0
212985,0.0
212986,0.1
212987,0.02
212988,0.01
212989,0.0
212990,0.01
212991,0.0
212992,0.01
212993,0.02
212994,0.57
212995,0.0
212996,0.0
212997,0.07
212998,0.02
212999,0.01
213000,0.12
213001,0.01
213002,0.03
213003,0.4
213004,0.01
213005,0.04
213006,0.0
213007,0.0
213008,0.02
213009,0.16
213010,0.07
213011,0.53
213012,0.01
213013,0.01
213014,0.0
213015,0.0
213016,0.01
213017,0.04
213018,0.1
213019,0.01
213020,0.01
213021,0.02
213022,0.01
213023,0.15
213024,0.01
213025,0.15
213026,0.04
213027,0.0
213028,0.0
213029,0.0
213030,0.0
213031,0.0
213032,0.0
213033,0.06
213034,0.02
213035,0.0
213036,0.76
213037,0.01
213038,0.0
213039,0.01
213040,0.02
213041,0.04
213042,0.01
213043,0.0
213044,0.03
213045,0.0
213046,0.02
213047,0.0
213048,0.01
213049,0.03
213050,0.0
213051,0.85
213052,0.02
213053,0.01
213054,0.0
213055,0.01
213056,0.0
213057,0.03
213058,0.0
213059,0.01
213060,0.17
213061,0.02
213062,0.03
213063,0.0
213064,0.0
213065,0.0
213066,0.0
213067,0.01
213068,0.03
213069,0.03
213070,0.12
213071,0.0
213072,0.01
213073,0.12
213074,0.01
213075,0.0
213076,0.0
213077,0.77
213078,0.0
213079,0.03
213080,0.08
213081,0.01
213082,0.01
213083,0.0
213084,0.07
213085,0.0
213086,0.0
213087,0.02
213088,0.15
213089,0.04
213090,0.01
213091,0.0
213092,0.01
213093,0.09
213094,0.08
213095,0.02
213096,0.01
213097,0.12
213098,0.01
213099,0.02
213100,0.01
213101,0.03
213102,0.0
213103,0.4
213104,0.0
213105,0.0
213106,0.01
213107,0.01
213108,0.0
213109,0.03
213110,0.03
213111,0.0
213112,0.01
213113,0.0
213114,0.06
213115,0.01
213116,0.01
213117,0.02
213118,0.0
213119,0.02
213120,0.86
213121,0.0
213122,0.06
213123,0.0
213124,0.02
213125,0.0
213126,0.0
213127,0.03
213128,0.0
213129,0.04
213130,0.16
213131,0.05
213132,0.03
213133,0.01
213134,0.04
213135,0.03
213136,0.23
213137,0.02
213138,0.0
213139,0.75
213140,0.0
213141,0.0
213142,0.03
213143,0.01
213144,0.01
213145,0.0
213146,0.0
213147,0.0
213148,0.0
213149,0.01
213150,0.0
213151,0.02
213152,0.0
213153,0.01
213154,0.01
213155,0.01
213156,0.05
213157,0.0
213158,0.0
213159,0.01
213160,0.1
213161,0.0
213162,0.09
213163,0.05
213164,0.0
213165,0.0
213166,0.8
213167,0.05
213168,0.02
213169,0.22
213170,0.05
213171,0.0
213172,0.01
213173,0.14
213174,0.02
213175,0.03
213176,0.0
213177,0.02
213178,0.0
213179,0.63
213180,0.01
213181,0.0
213182,0.0
213183,0.0
213184,0.06
213185,0.0
213186,0.0
213187,0.0
213188,0.0
213189,0.01
213190,0.01
213191,0.0
213192,0.0
213193,0.0
213194,0.03
213195,0.02
213196,0.01
213197,0.03
213198,0.1
213199,0.02
213200,0.06
213201,0.02
213202,0.0
213203,0.0
213204,0.0
213205,0.0
213206,0.01
213207,0.01
213208,0.01
213209,0.04
213210,0.0
213211,0.03
213212,0.04
213213,0.35
213214,0.0
213215,0.05
213216,0.08
213217,0.02
213218,0.07
213219,0.02
213220,0.01
213221,0.02
213222,0.01
213223,0.0
213224,0.0
213225,0.02
213226,0.07
213227,0.0
213228,0.02
213229,0.0
213230,0.05
213231,0.0
213232,0.01
213233,0.4
213234,0.13
213235,0.91
213236,0.1
213237,0.02
213238,0.01
213239,0.02
213240,0.04
213241,0.02
213242,0.03
213243,0.01
213244,0.02
213245,0.02
213246,0.07
213247,0.02
213248,0.04
213249,0.0
213250,0.0
213251,0.03
213252,0.0
213253,0.01
213254,0.02
213255,0.02
213256,0.04
213257,0.01
213258,0.0
213259,0.0
213260,0.2
213261,0.0
213262,0.0
213263,0.02
213264,0.01
213265,0.01
213266,0.01
213267,0.01
213268,0.0
213269,0.18
213270,0.02
213271,0.05
213272,0.0
213273,0.0
213274,0.01
213275,0.01
213276,0.0
213277,0.08
213278,0.06
213279,0.03
213280,0.08
213281,0.1
213282,0.04
213283,0.65
213284,0.05
213285,0.04
213286,0.34
213287,0.0
213288,0.02
213289,0.0
213290,0.0
213291,0.02
213292,0.06
213293,0.0
213294,0.01
213295,0.02
213296,0.0
213297,0.0
213298,0.06
213299,0.03
213300,0.0
213301,0.03
213302,0.01
213303,0.0
213304,0.03
213305,0.01
213306,0.06
213307,0.0
213308,0.0
213309,0.06
213310,0.04
213311,0.0
213312,0.02
213313,0.03
213314,0.01
213315,0.0
213316,0.08
213317,0.07
213318,0.03
213319,0.01
213320,0.15
213321,0.01
213322,0.0
213323,0.1
213324,0.0
213325,0.0
213326,0.0
213327,0.0
213328,0.01
213329,0.01
213330,0.03
213331,0.0
213332,0.01
213333,0.0
213334,0.04
213335,0.0
213336,0.06
213337,0.0
213338,0.04
213339,0.0
213340,0.01
213341,0.0
213342,0.58
213343,0.01
213344,0.03
213345,0.0
213346,0.02
213347,0.07
213348,0.01
213349,0.01
213350,0.0
213351,0.03
213352,0.0
213353,0.01
213354,0.01
213355,0.0
213356,0.02
213357,0.07
213358,0.02
213359,0.01
213360,0.02
213361,0.01
213362,0.02
213363,0.03
213364,0.0
213365,0.04
213366,0.0
213367,0.0
213368,0.04
213369,0.01
213370,0.0
213371,0.01
213372,0.0
213373,0.12
213374,0.03
213375,0.02
213376,0.02
213377,0.13
213378,0.0
213379,0.0
213380,0.0
213381,0.01
213382,0.01
213383,0.0
213384,0.0
213385,0.04
213386,0.49
213387,0.16
213388,0.04
213389,0.03
213390,0.0
213391,0.01
213392,0.05
213393,0.04
213394,0.58
213395,0.06
213396,0.0
213397,0.01
213398,0.08
213399,0.05
213400,0.0
213401,0.0
213402,0.01
213403,0.0
213404,0.0
213405,0.0
213406,0.01
213407,0.06
213408,0.02
213409,0.0
213410,0.02
213411,0.18
213412,0.03
213413,0.11
213414,0.01
213415,0.04
213416,0.01
213417,0.0
213418,0.0
213419,0.02
213420,0.0
213421,0.0
213422,0.0
213423,0.03
213424,0.02
213425,0.0
213426,0.03
213427,0.0
213428,0.05
213429,0.0
213430,0.805
213431,0.1
213432,0.0
213433,0.0
213434,0.01
213435,0.05
213436,0.18
213437,0.36
213438,0.11
213439,0.02
213440,0.01
213441,0.03
213442,0.01
213443,0.06
213444,0.04
213445,0.0
213446,0.04
213447,0.04
213448,0.36
213449,0.0
213450,0.0
213451,0.04
213452,0.01
213453,0.0
213454,0.0
213455,0.67
213456,0.0
213457,0.04
213458,0.01
213459,0.02
213460,0.02
213461,0.02
213462,0.03
213463,0.0
213464,0.02
213465,0.03
213466,0.09
213467,0.0
213468,0.84
213469,0.42
213470,0.02
213471,0.01
213472,0.01
213473,0.08
213474,0.06
213475,0.0
213476,0.04
213477,0.07
213478,0.0
213479,0.1125
213480,0.0
213481,0.01
213482,0.05
213483,0.0
213484,0.0
213485,0.01
213486,0.02
213487,0.0
213488,0.6
213489,0.0
213490,0.03
213491,0.07
213492,0.08
213493,0.0
213494,0.04
213495,0.03
213496,0.01
213497,0.16
213498,0.0
213499,0.05
213500,0.0
213501,0.0
213502,0.0
213503,0.16
213504,0.06
213505,0.0
213506,0.0
213507,0.0
213508,0.0
213509,0.01
213510,0.44
213511,0.05
213512,0.04
213513,0.0
213514,0.02
213515,0.0
213516,0.0
213517,0.01
213518,0.71
213519,0.12
213520,0.04
213521,0.03
213522,0.05
213523,0.0
213524,0.0
213525,0.03
213526,0.15
213527,0.08
213528,0.64
213529,0.03
213530,0.0
213531,0.0
213532,0.07
213533,0.1
213534,0.065
213535,0.02
213536,0.03
213537,0.0
213538,0.03
213539,0.72
213540,0.1
213541,0.01
213542,0.02
213543,0.0
213544,0.01
213545,0.37
213546,0.01
213547,0.01
213548,0.04
213549,0.0
213550,0.02
213551,0.135
213552,0.0
213553,0.02
213554,0.0
213555,0.01
213556,0.04
213557,0.05
213558,0.0
213559,0.08
213560,0.0
213561,0.01
213562,0.01
213563,0.02
213564,0.01
213565,0.21
213566,0.01
213567,0.02
213568,0.03
213569,0.03
213570,0.01
213571,0.0
213572,0.0
213573,0.02
213574,0.01
213575,0.04
213576,0.01
213577,0.05
213578,0.04
213579,0.0
213580,0.0
213581,0.0
213582,0.0
213583,0.69
213584,0.42
213585,0.0
213586,0.0
213587,0.06
213588,0.0
213589,0.0
213590,0.03
213591,0.0
213592,0.01
213593,0.0
213594,0.02
213595,0.0
213596,0.0
213597,0.02
213598,0.0
213599,0.11
213600,0.01
213601,0.02
213602,0.0
213603,0.01
213604,0.09
213605,0.015
213606,0.0
213607,0.01
213608,0.0
213609,0.0
213610,0.0
213611,0.01
213612,0.0
213613,0.01
213614,0.01
213615,0.08
213616,0.0
213617,0.37
213618,0.0
213619,0.0
213620,0.09
213621,0.01
213622,0.01
213623,0.0
213624,0.01
213625,0.0
213626,0.02
213627,0.0
213628,0.23
213629,0.04
213630,0.08
213631,0.01
213632,0.04
213633,0.04
213634,0.0
213635,0.02
213636,0.01
213637,0.07
213638,0.0
213639,0.04
213640,0.06
213641,0.03
213642,0.0
213643,0.0
213644,0.02
213645,0.0
213646,0.05
213647,0.0
213648,0.01
213649,0.02
213650,0.0
213651,0.01
213652,0.01
213653,0.05
213654,0.0
213655,0.01
213656,0.02
213657,0.01
213658,0.0
213659,0.01
213660,0.02
213661,0.04
213662,0.18
213663,0.08
213664,0.0
213665,0.0
213666,0.01
213667,0.0
213668,0.01
213669,0.0
213670,0.01
213671,0.02
213672,0.01
213673,0.01
213674,0.02
213675,0.03
213676,0.03
213677,0.03
213678,0.02
213679,0.0
213680,0.01
213681,0.09
213682,0.03
213683,0.02
213684,0.0
213685,0.0
213686,0.01
213687,0.03
213688,0.02
213689,0.07
213690,0.02
213691,0.0
213692,0.03
213693,0.3891904761904762
213694,0.0
213695,0.0
213696,0.0
213697,0.01
213698,0.25
213699,0.0
213700,0.01
213701,0.03
213702,0.1
213703,0.61
213704,0.01
213705,0.12
213706,0.03
213707,0.01
213708,0.0
213709,0.02
213710,0.02
213711,0.01
213712,0.0
213713,0.38
213714,0.24
213715,0.01
213716,0.02
213717,0.05
213718,0.01
213719,0.0
213720,0.0
213721,0.14
213722,0.0
213723,0.01
213724,0.0
213725,0.07
213726,0.0
213727,0.0
213728,0.24
213729,0.83
213730,0.11
213731,0.0
213732,0.01
213733,0.0
213734,0.01
213735,0.0
213736,0.0
213737,0.74
213738,0.02
213739,0.01
213740,0.0
213741,0.0
213742,0.05
213743,0.0
213744,0.04
213745,0.0
213746,0.02
213747,0.0
213748,0.01
213749,0.01
213750,0.0
213751,0.0
213752,0.01
213753,0.0
213754,0.01
213755,0.0
213756,0.0016666666666666666
213757,0.0
213758,0.0
213759,0.0
213760,0.8
213761,0.03
213762,0.1
213763,0.36
213764,0.64
213765,0.01
213766,0.88
213767,0.0
213768,0.01
213769,0.01
213770,0.0
213771,0.01
213772,0.02
213773,0.07
213774,0.04
213775,0.09
213776,0.02
213777,0.06
213778,0.0
213779,0.06
213780,0.01
213781,0.0
213782,0.0
213783,0.0
213784,0.02
213785,0.0
213786,0.0
213787,0.0
213788,0.0
213789,0.06
213790,0.01
213791,0.12
213792,0.0
213793,0.03
213794,0.04
213795,0.01
213796,0.01
213797,0.03
213798,0.04
213799,0.03
213800,0.07
213801,0.1
213802,0.0
213803,0.08
213804,0.16
213805,0.0
213806,0.15
213807,0.01
213808,0.06
213809,0.02
213810,0.03
213811,0.0
213812,0.0
213813,0.0
213814,0.0
213815,0.01
213816,0.0
213817,0.0
213818,0.0
213819,0.0
213820,0.08
213821,0.0
213822,0.04
213823,0.0
213824,0.02
213825,0.0
213826,0.0
213827,0.02
213828,0.77
213829,0.02
213830,0.01
213831,0.0
213832,0.0
213833,0.57
213834,0.0
213835,0.54
213836,0.10333333333333332
213837,0.03
213838,0.07
213839,0.08
213840,0.03
213841,0.0
213842,0.0
213843,0.01
213844,0.01
213845,0.04
213846,0.01
213847,0.03
213848,0.0
213849,0.0
213850,0.18
213851,0.0
213852,0.01
213853,0.0
213854,0.22
213855,0.03
213856,0.0
213857,0.0
213858,0.01
213859,0.14
213860,0.02
213861,0.09
213862,0.0
213863,0.01
213864,0.17
213865,0.0
213866,0.04
213867,0.58
213868,0.01
213869,0.09
213870,0.0
213871,0.0
213872,0.04
213873,0.14
213874,0.02
213875,0.03
213876,0.02
213877,0.0
213878,0.44
213879,0.0
213880,0.02
213881,0.01
213882,0.0
213883,0.0
213884,0.01
213885,0.03
213886,0.0
213887,0.02
213888,0.01
213889,0.0
213890,0.03
213891,0.02
213892,0.65
213893,0.02
213894,0.11
213895,0.04
213896,0.08
213897,0.0
213898,0.0
213899,0.02
213900,0.02
213901,0.99
213902,0.02
213903,0.01
213904,0.0
213905,0.01
213906,0.0
213907,0.08
213908,0.01
213909,0.0
213910,0.01
213911,0.02
213912,0.01
213913,0.0
213914,0.0
213915,0.0
213916,0.13
213917,0.0
213918,0.01
213919,0.04
213920,0.01
213921,0.02
213922,0.09
213923,0.02
213924,0.0
213925,0.24
213926,0.09
213927,0.72
213928,0.01
213929,0.03
213930,0.01
213931,0.0
213932,0.01
213933,0.02
213934,0.0
213935,0.01
213936,0.0
213937,0.65
213938,0.0975
213939,0.0
213940,0.0
213941,0.0
213942,0.01
213943,0.0
213944,0.01
213945,0.0
213946,0.0
213947,0.0
213948,0.74
213949,0.37
213950,0.01
213951,0.0
213952,0.01
213953,0.01
213954,0.0
213955,0.01
213956,0.0
213957,0.02
213958,0.0
213959,0.04
213960,0.04
213961,0.0
213962,0.0
213963,0.0
213964,0.05
213965,0.0
213966,0.08
213967,0.06
213968,0.0
213969,0.0
213970,0.04
213971,0.93
213972,0.01
213973,0.1
213974,0.02
213975,0.79
213976,0.02
213977,0.04
213978,0.04
213979,0.03
213980,0.0
213981,0.0
213982,0.0
213983,0.0
213984,0.0
213985,0.0
213986,0.01
213987,0.04
213988,0.1
213989,0.0
213990,0.04
213991,0.0
213992,0.02
213993,0.02
213994,0.03
213995,0.02
213996,0.03
213997,0.05
213998,0.01
213999,0.02
214000,0.0
214001,0.02
214002,0.0
214003,0.95
214004,0.0
214005,0.0
214006,0.01
214007,0.0
214008,0.89
214009,0.01
214010,0.01
214011,0.17
214012,0.01
214013,0.03
214014,0.01
214015,0.01
214016,0.07
214017,0.01
214018,0.01
214019,0.15
214020,0.0
214021,0.0
214022,0.06
214023,0.02
214024,0.01
214025,0.04
214026,0.0
214027,0.0
214028,0.0
214029,0.025
214030,0.01
214031,0.1
214032,0.18
214033,0.01
214034,0.0
214035,0.0
214036,0.02
214037,0.01
214038,0.10333333333333333
214039,0.05
214040,0.01
214041,0.01
214042,0.0
214043,0.0
214044,0.03
214045,0.0
214046,0.01
214047,0.0
214048,0.0
214049,0.0
214050,0.24
214051,0.03
214052,0.0
214053,0.0
214054,0.3
214055,0.0
214056,0.03
214057,0.02
214058,0.01
214059,0.05
214060,0.01
214061,0.04
214062,0.0
214063,0.03
214064,0.0
214065,0.01
214066,0.08
214067,0.0
214068,0.96
214069,0.02
214070,0.0
214071,0.06
214072,0.12
214073,0.8825
214074,0.02
214075,0.0
214076,0.01
214077,0.01
214078,0.03
214079,0.03
214080,0.09
214081,0.0
214082,0.0
214083,0.02
214084,0.0
214085,0.03
214086,0.01
214087,0.0
214088,0.01
214089,0.0
214090,0.24416666666666673
214091,0.0
214092,0.01
214093,0.01
214094,0.08
214095,0.04
214096,0.03
214097,0.01
214098,0.0
214099,0.0
214100,0.0
214101,0.01
214102,0.01
214103,0.0
214104,0.02
214105,0.01
214106,0.07
214107,0.01
214108,0.02
214109,0.03
214110,0.0
214111,0.05
214112,0.0
214113,0.0
214114,0.03
214115,0.0
214116,0.01
214117,0.0
214118,0.003333333333333333
214119,0.02
214120,0.0
214121,0.0
214122,0.02
214123,0.01
214124,0.03
214125,0.0
214126,0.03
214127,0.64
214128,0.0
214129,0.0
214130,0.03
214131,0.03
214132,0.01
214133,0.02
214134,0.01
214135,0.01
214136,0.01
214137,0.02
214138,0.02
214139,0.01
214140,0.02
214141,0.02
214142,0.67
214143,0.07
214144,0.02
214145,0.01
214146,0.01
214147,0.0
214148,0.03
214149,0.0
214150,0.61
214151,0.0
214152,0.06
214153,0.05
214154,0.01
214155,0.01
214156,0.03
214157,0.03
214158,0.03
214159,0.05
214160,0.0
214161,0.01
214162,0.03
214163,0.0
214164,0.0
214165,0.03
214166,0.0
214167,0.06
214168,0.0
214169,0.84
214170,0.0
214171,0.0
214172,0.06
214173,0.03
214174,0.12
214175,0.0
214176,0.01
214177,0.12
214178,0.01
214179,0.01
214180,0.03
214181,0.01
214182,0.06
214183,0.0
214184,0.01
214185,0.03
214186,0.94
214187,0.0
214188,0.01
214189,0.02
214190,0.0
214191,0.0
214192,0.02
214193,0.01
214194,0.0
214195,0.0
214196,0.73
214197,0.2
214198,0.03
214199,0.03
214200,0.01
214201,0.02
214202,0.0
214203,0.0
214204,0.01
214205,0.0
214206,0.04
214207,0.01
214208,0.07
214209,0.04
214210,0.02
214211,0.0
214212,0.0
214213,0.02
214214,0.03
214215,0.12
214216,0.0
214217,0.03
214218,0.0
214219,0.0
214220,0.01
214221,0.02
214222,0.02
214223,0.05
214224,0.02
214225,0.03
214226,0.97
214227,0.0
214228,0.01
214229,0.03
214230,0.0
214231,0.04
214232,0.04
214233,0.06
214234,0.01
214235,0.06
214236,0.04
214237,0.0
214238,0.04
214239,0.01
214240,0.0
214241,0.01
214242,0.01
214243,0.02
214244,0.0
214245,0.02
214246,0.0
214247,0.0
214248,0.01
214249,0.01
214250,0.02
214251,0.0
214252,0.0
214253,0.03
214254,0.0
214255,0.04
214256,0.0
214257,0.0
214258,0.0
214259,0.025
214260,0.0
214261,0.03
214262,0.0
214263,0.0
214264,0.02
214265,0.04
214266,0.01
214267,0.0
214268,0.03
214269,0.24
214270,0.06
214271,0.02
214272,0.0
214273,0.01
214274,0.0
214275,0.05
214276,0.01
214277,0.17
214278,0.1
214279,0.0
214280,0.01
214281,0.0
214282,0.0
214283,0.0
214284,0.02
214285,0.01
214286,0.01
214287,0.0
214288,0.18
214289,0.0
214290,0.01
214291,0.0
214292,0.0
214293,0.0
214294,0.01
214295,0.03
214296,0.08
214297,0.0
214298,0.04
214299,0.68
214300,0.01
214301,0.34
214302,0.11
214303,0.71
214304,0.07
214305,0.01
214306,0.0
214307,0.0
214308,0.04
214309,0.03
214310,0.0
214311,0.11
214312,0.03
214313,0.12
214314,0.01
214315,0.0
214316,0.01
214317,0.05
214318,0.05
214319,0.01
214320,0.26
214321,0.04
214322,0.0
214323,0.03
214324,0.0
214325,0.0
214326,0.0
214327,0.01
214328,0.0
214329,0.4
214330,0.07
214331,0.01
214332,0.0
214333,0.02
214334,0.0
214335,0.01
214336,0.05
214337,0.1
214338,0.03
214339,0.01
214340,0.06
214341,0.0
214342,0.08
214343,0.01
214344,0.02
214345,0.01
214346,0.01
214347,0.0
214348,0.12
214349,0.0
214350,0.01
214351,0.01
214352,0.0
214353,0.08
214354,0.0
214355,0.0
214356,0.0
214357,0.26
214358,0.01
214359,0.01
214360,0.04
214361,0.0
214362,0.05
214363,0.02
214364,0.47
214365,0.0
214366,0.0
214367,0.28
214368,0.0
214369,0.0
214370,0.0
214371,0.02
214372,0.66
214373,0.01
214374,0.0
214375,0.0
214376,0.51
214377,0.01
214378,0.01
214379,0.0
214380,0.0
214381,0.03
214382,0.01
214383,0.12
214384,0.0
214385,0.0
214386,0.0
214387,0.19
214388,0.08
214389,0.03
214390,0.03
214391,0.01
214392,0.01
214393,0.03
214394,0.01
214395,0.0
214396,0.03
214397,0.04
214398,0.02
214399,0.14
214400,0.0
214401,0.0
214402,0.29
214403,0.0
214404,0.01
214405,0.06
214406,0.04
214407,0.0
214408,0.06
214409,0.27
214410,0.01
214411,0.0
214412,0.02
214413,0.04
214414,0.0
214415,0.08
214416,0.04
214417,0.01
214418,0.18
214419,0.04
214420,0.0
214421,0.03
214422,0.05
214423,0.01
214424,0.0
214425,0.0
214426,0.04
214427,0.02
214428,0.0
214429,0.03
214430,0.01
214431,0.08
214432,0.01
214433,0.5778571428571428
214434,0.02
214435,0.0
214436,0.0
214437,0.04
214438,0.0
214439,0.09
214440,0.0
214441,0.03
214442,0.0
214443,0.01
214444,0.01
214445,0.0
214446,0.01
214447,0.0
214448,0.01
214449,0.76
214450,0.04
214451,0.0
214452,0.0
214453,0.0
214454,0.02
214455,0.0
214456,0.01
214457,0.43
214458,0.02
214459,0.07
214460,0.0
214461,0.01
214462,0.14
214463,0.13
214464,0.02
214465,0.0
214466,0.74
214467,0.0
214468,0.156
214469,0.14
214470,0.01
214471,0.27
214472,0.0
214473,0.0
214474,0.0
214475,0.0
214476,0.62
214477,0.04
214478,0.02
214479,0.01
214480,0.02
214481,0.01
214482,0.18
214483,0.0
214484,0.91
214485,0.0
214486,0.01
214487,0.67
214488,0.93
214489,0.01
214490,0.03
214491,0.02
214492,0.01
214493,0.01
214494,0.0
214495,0.0
214496,0.01
214497,0.01
214498,0.01
214499,0.0
214500,0.01
214501,0.0
214502,0.0
214503,0.18
214504,0.0
214505,0.1
214506,0.0
214507,0.03
214508,0.0
214509,0.02
214510,0.0
214511,0.0
214512,0.01
214513,0.07
214514,0.01
214515,0.01
214516,0.01
214517,0.0
214518,0.01
214519,0.01
214520,0.02
214521,0.03
214522,0.03
214523,0.0
214524,0.04
214525,0.18
214526,0.07
214527,0.01
214528,0.12
214529,0.0
214530,0.01
214531,0.05
214532,0.7
214533,0.09
214534,0.01
214535,0.0
214536,0.0
214537,0.04
214538,0.01
214539,0.0
214540,0.06
214541,0.03
214542,0.0
214543,0.46
214544,0.12
214545,0.43
214546,0.0
214547,0.0
214548,0.01
214549,0.01
214550,0.02
214551,0.02
214552,0.07
214553,0.0
214554,0.01
214555,0.0
214556,0.31
214557,0.01
214558,0.1
214559,0.01
214560,0.0
214561,0.04
214562,0.01
214563,0.0
214564,0.02
214565,0.02
214566,0.0
214567,0.0
214568,0.0
214569,0.12
214570,0.01
214571,0.0
214572,0.0
214573,0.01
214574,0.0
214575,0.0
214576,0.01
214577,0.56
214578,0.0
214579,0.01
214580,0.02
214581,0.04
214582,0.0
214583,0.05
214584,0.02
214585,0.18
214586,0.03
214587,0.07
214588,0.02
214589,0.01
214590,0.37
214591,0.0
214592,0.0
214593,0.0
214594,0.01
214595,0.02
214596,0.03
214597,0.06
214598,0.0
214599,0.0
214600,0.0
214601,0.06
214602,0.01
214603,0.02
214604,0.03
214605,0.0
214606,0.0
214607,0.0
214608,0.02
214609,0.0
214610,0.2175
214611,0.0
214612,0.02
214613,0.04
214614,0.08
214615,0.0
214616,0.0
214617,0.05
214618,0.0
214619,0.11
214620,0.0
214621,0.02
214622,0.0
214623,0.03
214624,0.04
214625,0.0
214626,0.02
214627,0.0
214628,0.0
214629,0.01
214630,0.0
214631,0.04
214632,0.0
214633,0.02
214634,0.16
214635,0.01
214636,0.01
214637,0.0
214638,0.0
214639,0.0
214640,0.0
214641,0.02
214642,0.01
214643,0.0
214644,0.18
214645,0.0
214646,0.07
214647,0.05
214648,0.02
214649,0.88
214650,0.06
214651,0.03
214652,0.0
214653,0.03
214654,0.04
214655,0.02
214656,0.01
214657,0.0
214658,0.03
214659,0.01
214660,0.68
214661,0.18
214662,0.0
214663,0.01
214664,0.06
214665,0.04
214666,0.0
214667,0.0
214668,0.01
214669,0.29
214670,0.11
214671,0.04
214672,0.07
214673,0.01
214674,0.02
214675,0.01
214676,0.0
214677,0.01
214678,0.0
214679,0.03
214680,0.0
214681,0.0
214682,0.79
214683,0.03
214684,0.03
214685,0.38
214686,0.11
214687,0.0
214688,0.01
214689,0.0
214690,0.0
214691,0.01
214692,0.78
214693,0.0
214694,0.12
214695,0.01
214696,0.08
214697,0.01
214698,0.05
214699,0.04
214700,0.56
214701,0.06
214702,0.03
214703,0.03
214704,0.03
214705,0.04
214706,0.0
214707,0.0
214708,0.06
214709,0.04
214710,0.02
214711,0.01
214712,0.02
214713,0.0
214714,0.09
214715,0.02
214716,0.01
214717,0.01
214718,0.01
214719,0.09
214720,0.0
214721,0.0
214722,0.69
214723,0.01
214724,0.0
214725,0.01
214726,0.08
214727,0.01
214728,0.61
214729,0.05
214730,0.06
214731,0.07
214732,0.01
214733,0.01
214734,0.0
214735,0.42
214736,0.01
214737,0.13
214738,0.0
214739,0.02
214740,0.02
214741,0.04
214742,0.0
214743,0.01
214744,0.07
214745,0.04
214746,0.79
214747,0.0
214748,0.07
214749,0.02
214750,0.13
214751,0.03
214752,0.09
214753,0.17
214754,0.0
214755,0.0
214756,0.01
214757,0.01
214758,0.04
214759,0.02
214760,0.01
214761,0.01
214762,0.03
214763,0.0
214764,0.02
214765,0.0
214766,0.01
214767,0.0
214768,0.02
214769,0.0
214770,0.03
214771,0.01
214772,0.0
214773,0.02
214774,0.35
214775,0.03
214776,0.0
214777,0.04
214778,0.06
214779,0.02
214780,0.01
214781,0.09
214782,0.01
214783,0.0
214784,0.0
214785,0.0
214786,0.0
214787,0.0
214788,0.91
214789,0.0
214790,0.0
214791,0.0
214792,0.01
214793,0.05
214794,0.0
214795,0.04
214796,0.0
214797,0.0
214798,0.02
214799,0.02
214800,0.0
214801,0.02
214802,0.05
214803,0.01
214804,0.02
214805,0.01
214806,0.03
214807,0.01
214808,0.04
214809,0.04
214810,0.0
214811,0.0
214812,0.0
214813,0.02
214814,0.04
214815,0.0
214816,0.02
214817,0.0
214818,0.05
214819,0.0
214820,0.03
214821,0.04
214822,0.01
214823,0.22
214824,0.07
214825,0.0
214826,0.0
214827,0.02
214828,0.01
214829,0.04
214830,0.03
214831,0.13
214832,0.0
214833,0.01
214834,0.0
214835,0.0
214836,0.01
214837,0.05
214838,0.0
214839,0.01
214840,0.07
214841,0.11
214842,0.03
214843,0.01
214844,0.0
214845,0.056666666666666664
214846,0.02
214847,0.0
214848,0.01
214849,0.0
214850,0.0
214851,0.01
214852,0.04
214853,0.05
214854,0.0
214855,0.02
214856,0.01
214857,0.06
214858,0.0
214859,0.0
214860,0.0
214861,0.0
214862,0.0
214863,0.26
214864,0.05
214865,0.0
214866,0.04
214867,0.01
214868,0.0
214869,0.01
214870,0.05
214871,0.88
214872,0.06
214873,0.0
214874,0.03
214875,0.43
214876,0.01
214877,0.0
214878,0.05
214879,0.0
214880,0.0
214881,0.0
214882,0.02
214883,0.0
214884,0.0
214885,0.01
214886,0.01
214887,0.04
214888,0.0
214889,0.01
214890,0.04
214891,0.06
214892,0.0
214893,0.06
214894,0.0
214895,0.0
214896,0.0
214897,0.01
214898,0.02
214899,0.0
214900,0.79
214901,0.01
214902,0.0
214903,0.0
214904,0.0
214905,0.02
214906,0.03
214907,0.04
214908,0.0
214909,0.11
214910,0.02
214911,0.0
214912,0.0
214913,0.0
214914,0.0
214915,0.03
214916,0.0
214917,0.04
214918,0.02
214919,0.2
214920,0.0
214921,0.08
214922,0.05
214923,0.0
214924,0.09
214925,0.0
214926,0.0
214927,0.04
214928,0.0
214929,0.07
214930,0.02
214931,0.01
214932,0.08666666666666668
214933,0.0
214934,0.02
214935,0.03
214936,0.3
214937,0.01
214938,0.03
214939,0.02
214940,0.01
214941,0.01
214942,0.0
214943,0.61
214944,0.01
214945,0.01
214946,0.03
214947,0.01
214948,0.0
214949,0.0
214950,0.06
214951,0.03
214952,0.03
214953,0.0
214954,0.74
214955,0.0
214956,0.03
214957,0.03
214958,0.01
214959,0.07
214960,0.75
214961,0.02
214962,0.0
214963,0.0
214964,0.01
214965,0.0
214966,0.0
214967,0.02
214968,0.0
214969,0.91
214970,0.02
214971,0.03
214972,0.61
214973,0.0
214974,0.01
214975,0.04
214976,0.0
214977,0.0
214978,0.0
214979,0.01
214980,0.0
214981,0.0
214982,0.04
214983,0.14
214984,0.03
214985,0.02
214986,0.0
214987,0.01
214988,0.02
214989,0.01
214990,0.01
214991,0.04
214992,0.1
214993,0.04
214994,0.03
214995,0.0
214996,0.03
214997,0.02
214998,0.09
214999,0.02
215000,0.04
215001,0.0
215002,0.04
215003,0.0
215004,0.0
215005,0.01
215006,0.08
215007,0.02
215008,0.03
215009,0.02
215010,0.08
215011,0.03
215012,0.07
215013,0.0
215014,0.01
215015,0.01
215016,0.03
215017,0.04
215018,0.02
215019,0.0
215020,0.04
215021,0.16
215022,0.01
215023,0.42
215024,0.0
215025,0.0
215026,0.05
215027,0.0
215028,0.275
215029,0.08
215030,0.07
215031,0.0
215032,0.0
215033,0.01
215034,0.01
215035,0.54
215036,0.06
215037,0.52
215038,0.0
215039,0.0
215040,0.01
215041,0.06
215042,0.0
215043,0.22
215044,0.02
215045,0.0
215046,0.04
215047,0.03
215048,0.03
215049,0.02
215050,0.0
215051,0.02
215052,0.01
215053,0.01
215054,0.0
215055,0.15
215056,0.01
215057,0.12
215058,0.0
215059,0.03
215060,0.03
215061,0.02
215062,0.22
215063,0.0
215064,0.11
215065,0.0
215066,0.0
215067,0.0
215068,0.01
215069,0.1
215070,0.07
215071,0.0
215072,0.01
215073,0.06
215074,0.01
215075,0.01
215076,0.06
215077,0.0
215078,0.0
215079,0.02
215080,0.0
215081,0.01
215082,0.02
215083,0.01
215084,0.0
215085,0.06
215086,0.04
215087,0.0
215088,0.35
215089,0.04
215090,0.0
215091,0.03
215092,0.02
215093,0.35
215094,0.01
215095,0.02
215096,0.04
215097,0.01
215098,0.03
215099,0.44
215100,0.0
215101,0.01
215102,0.01
215103,0.0
215104,0.08
215105,0.01
215106,0.03
215107,0.0
215108,0.88
215109,0.01
215110,0.0
215111,0.01
215112,0.63
215113,0.03
215114,0.13
215115,0.01
215116,0.01
215117,0.0
215118,0.0
215119,0.12
215120,0.03
215121,0.0
215122,0.01
215123,0.02
215124,0.02
215125,0.0
215126,0.01
215127,0.03
215128,0.01
215129,0.03
215130,0.0
215131,0.0
215132,0.09
215133,0.05
215134,0.0
215135,0.0
215136,0.41
215137,0.05
215138,0.0
215139,0.01
215140,0.2
215141,0.07
215142,0.0
215143,0.0
215144,0.03
215145,0.0
215146,0.01
215147,0.0
215148,0.01
215149,0.0
215150,0.0
215151,0.02
215152,0.02
215153,0.05
215154,0.02
215155,0.02
215156,0.02
215157,0.02
215158,0.0
215159,0.0
215160,0.0
215161,0.0
215162,0.03
215163,0.01
215164,0.07
215165,0.01
215166,0.09
215167,0.02
215168,0.03
215169,0.0
215170,0.11
215171,0.0
215172,0.01
215173,0.0
215174,0.0
215175,0.0
215176,0.06
215177,0.0
215178,0.01
215179,0.13
215180,0.03
215181,0.01
215182,0.03
215183,0.0
215184,0.0
215185,0.0
215186,0.0
215187,0.0
215188,0.0
215189,0.0
215190,0.0
215191,0.01
215192,0.01
215193,0.01
215194,0.0
215195,0.0
215196,0.14
215197,0.0
215198,0.0
215199,0.03
215200,0.0
215201,0.0
215202,0.01
215203,0.03
215204,0.01
215205,0.0
215206,0.06
215207,0.03
215208,0.01
215209,0.68
215210,0.02
215211,0.01
215212,0.47
215213,0.01
215214,0.0
215215,0.0
215216,0.01
215217,0.0
215218,0.01
215219,0.0
215220,0.22
215221,0.0
215222,0.03
215223,0.01
215224,0.0
215225,0.0
215226,0.03
215227,0.01
215228,0.01
215229,0.05
215230,0.01
215231,0.01
215232,0.0
215233,0.02
215234,0.0
215235,0.0
215236,0.02
215237,0.0
215238,0.01
215239,0.0
215240,0.04
215241,0.01
215242,0.0
215243,0.6
215244,0.0
215245,0.0
215246,0.02
215247,0.0
215248,0.01
215249,0.01
215250,0.01
215251,0.01
215252,0.0
215253,0.05
215254,0.03
215255,0.0
215256,0.01
215257,0.29
215258,0.0
215259,0.04
215260,0.53
215261,0.0025
215262,0.0
215263,0.03
215264,0.03
215265,0.02
215266,0.0
215267,0.02
215268,0.01
215269,0.04
215270,0.01
215271,0.0
215272,0.0
215273,0.0
215274,0.02
215275,0.0
215276,0.0
215277,0.01
215278,0.03
215279,0.02
215280,0.01
215281,0.0
215282,0.03
215283,0.0
215284,0.02
215285,0.0
215286,0.0
215287,0.02
215288,0.32
215289,0.01
215290,0.01
215291,0.02
215292,0.08
215293,0.05
215294,0.0
215295,0.0
215296,0.0
215297,0.0
215298,0.17
215299,0.83
215300,0.0
215301,0.01
215302,0.0
215303,0.06
215304,0.01
215305,0.02
215306,0.11
215307,0.0
215308,0.87
215309,0.01
215310,0.02
215311,0.0
215312,0.01
215313,0.01
215314,0.0
215315,0.77
215316,0.0
215317,0.02
215318,0.0
215319,0.0
215320,0.17
215321,0.03
215322,0.0
215323,0.04
215324,0.0
215325,0.03
215326,0.01
215327,0.0
215328,0.02
215329,0.15
215330,0.0
215331,0.0
215332,0.0
215333,0.05
215334,0.03
215335,0.06
215336,0.0
215337,0.0
215338,0.47
215339,0.0
215340,0.11
215341,0.01
215342,0.02
215343,0.15
215344,0.0
215345,0.01
215346,0.01
215347,0.05
215348,0.02
215349,0.0
215350,0.03
215351,0.0
215352,0.02
215353,0.02
215354,0.0
215355,0.03
215356,0.0
215357,0.0
215358,0.07
215359,0.03
215360,0.0
215361,0.01
215362,0.0
215363,0.01
215364,0.0
215365,0.06
215366,0.03
215367,0.0
215368,0.03
215369,0.0
215370,0.81
215371,0.01
215372,0.0
215373,0.04
215374,0.0
215375,0.09
215376,0.04
215377,0.01
215378,0.0
215379,0.0
215380,0.15
215381,0.0
215382,0.01
215383,0.41
215384,0.04
215385,0.02
215386,0.62
215387,0.0
215388,0.04
215389,0.03
215390,0.0
215391,0.07
215392,0.06
215393,0.0
215394,0.0
215395,0.0
215396,0.0
215397,0.01
215398,0.04
215399,0.0
215400,0.03
215401,0.0
215402,0.0
215403,0.06
215404,0.0
215405,0.0
215406,0.0
215407,0.0
215408,0.11
215409,0.0
215410,0.02
215411,0.01
215412,0.0
215413,0.03
215414,0.01
215415,0.01
215416,0.0
215417,0.03
215418,0.0
215419,0.0
215420,0.02
215421,0.03
215422,0.0
215423,0.0
215424,0.82
215425,0.04
215426,0.03
215427,0.0
215428,0.0
215429,0.01
215430,0.0
215431,0.0
215432,0.13
215433,0.01
215434,0.0
215435,0.03
215436,0.0
215437,0.0
215438,0.03
215439,0.0
215440,0.0
215441,0.01
215442,0.04
215443,0.0
215444,0.01
215445,0.01
215446,0.02
215447,0.03
215448,0.04
215449,0.01
215450,0.03
215451,0.0
215452,0.04
215453,0.0
215454,0.0
215455,0.0
215456,0.04
215457,0.01
215458,0.0
215459,0.01
215460,0.01
215461,0.01
215462,0.0
215463,0.8
215464,0.06
215465,0.01
215466,0.0
215467,0.02
215468,0.01
215469,0.01
215470,0.03
215471,0.0
215472,0.03
215473,0.0
215474,0.08
215475,0.0
215476,0.01
215477,0.03
215478,0.01
215479,0.02
215480,0.01
215481,0.04
215482,0.0
215483,0.01
215484,0.04
215485,0.0
215486,0.0
215487,0.01
215488,0.01
215489,0.0
215490,0.11
215491,0.02
215492,0.58
215493,0.13
215494,0.0
215495,0.07
215496,0.0
215497,0.8
215498,0.06
215499,0.0
215500,0.01
215501,0.05
215502,0.0
215503,0.01
215504,0.0
215505,0.01
215506,0.0
215507,0.04
215508,0.0
215509,0.13
215510,0.01
215511,0.05
215512,0.01
215513,0.0
215514,0.01
215515,0.07
215516,0.01
215517,0.03
215518,0.03
215519,0.01
215520,0.01
215521,0.01
215522,0.02
215523,0.04
215524,0.0
215525,0.0
215526,0.03
215527,0.0
215528,0.08
215529,0.01
215530,0.01
215531,0.0
215532,0.05
215533,0.0
215534,0.0
215535,0.0
215536,0.0
215537,0.0
215538,0.0
215539,0.0
215540,0.0
215541,0.01
215542,0.02
215543,0.0
215544,0.01
215545,0.0
215546,0.13
215547,0.05
215548,0.0
215549,0.51
215550,0.01
215551,0.05
215552,0.0
215553,0.0
215554,0.19
215555,0.01
215556,0.06
215557,0.04
215558,0.14
215559,0.03
215560,0.57
215561,0.02
215562,0.05
215563,0.0
215564,0.08
215565,0.11
215566,0.09
215567,0.0
215568,0.0
215569,0.02
215570,0.01
215571,0.01
215572,0.01
215573,0.0
215574,0.0
215575,0.06
215576,0.02
215577,0.04
215578,0.11
215579,0.15
215580,0.03
215581,0.01
215582,0.07
215583,0.07
215584,0.0
215585,0.0
215586,0.02
215587,0.06
215588,0.03
215589,0.0
215590,0.01
215591,0.0
215592,0.01
215593,0.06
215594,0.0
215595,0.01
215596,0.95
215597,0.0
215598,0.01
215599,0.14333333333333334
215600,0.02
215601,0.0
215602,0.0
215603,0.03
215604,0.0
215605,0.01
215606,0.04
215607,0.01
215608,0.01
215609,0.06
215610,0.02
215611,0.78
215612,0.0
215613,0.1
215614,0.0
215615,0.02
215616,0.02
215617,0.01
215618,0.0
215619,0.0
215620,0.02
215621,0.04
215622,0.0
215623,0.0
215624,0.02
215625,0.02
215626,0.04
215627,0.02
215628,0.0
215629,0.27
215630,0.0
215631,0.08
215632,0.0
215633,0.0
215634,0.01
215635,0.01
215636,0.0
215637,0.04
215638,0.06
215639,0.0
215640,0.01
215641,0.0
215642,0.0
215643,0.0
215644,0.0
215645,0.0
215646,0.01
215647,0.0
215648,0.03
215649,0.01
215650,0.01
215651,0.0
215652,0.02
215653,0.04
215654,0.0
215655,0.01
215656,0.45
215657,0.0
215658,0.27
215659,0.0
215660,0.09
215661,0.04
215662,0.0
215663,0.01
215664,0.02
215665,0.03
215666,0.21
215667,0.08
215668,0.02
215669,0.05
215670,0.03
215671,0.02
215672,0.02
215673,0.01
215674,0.13
215675,0.01
215676,0.0
215677,0.61
215678,0.01
215679,0.0
215680,0.02
215681,0.03
215682,0.0
215683,0.0
215684,0.97
215685,0.02
215686,0.0
215687,0.01
215688,0.0
215689,0.0
215690,0.02
215691,0.39
215692,0.04
215693,0.0
215694,0.0
215695,0.16
215696,0.01
215697,0.08
215698,0.01
215699,0.0
215700,0.02
215701,0.02
215702,0.01
215703,0.0
215704,0.09
215705,0.03
215706,0.06
215707,0.0
215708,0.04
215709,0.01
215710,0.14
215711,0.0
215712,0.46
215713,0.09
215714,0.0
215715,0.01
215716,0.04
215717,0.0
215718,0.02
215719,0.1
215720,0.01
215721,0.09
215722,0.02
215723,0.01
215724,0.0
215725,0.01
215726,0.0
215727,0.01
215728,0.02
215729,0.0
215730,0.02
215731,0.0
215732,0.09
215733,0.23
215734,0.0
215735,0.0
215736,0.03
215737,0.02
215738,0.02
215739,0.03
215740,0.04
215741,0.02
215742,0.0
215743,0.0
215744,0.0
215745,0.01
215746,0.01
215747,0.02
215748,0.16
215749,0.03
215750,0.02
215751,0.01
215752,0.0
215753,0.0
215754,0.01
215755,0.44
215756,0.01
215757,0.03
215758,0.0
215759,0.07
215760,0.03
215761,0.0
215762,0.09
215763,0.35
215764,0.01
215765,0.05
215766,0.0
215767,0.22
215768,0.01
215769,0.02
215770,0.01
215771,0.0
215772,0.01
215773,0.0
215774,0.05
215775,0.96
215776,0.02
215777,0.0
215778,0.0
215779,0.0
215780,0.03
215781,0.03
215782,0.11
215783,0.01
215784,0.02
215785,0.07
215786,0.0
215787,0.0
215788,0.0
215789,0.0
215790,0.07
215791,0.01
215792,0.03
215793,0.04
215794,0.0
215795,0.0
215796,0.0
215797,0.01
215798,0.01
215799,0.02
215800,0.39
215801,0.0
215802,0.71
215803,0.02
215804,0.03
215805,0.0
215806,0.0
215807,0.0
215808,0.03
215809,0.0
215810,0.0
215811,0.0
215812,0.01
215813,0.1
215814,0.11
215815,0.81
215816,0.0
215817,0.0
215818,0.29
215819,0.01
215820,0.01
215821,0.0
215822,0.01
215823,0.09
215824,0.02
215825,0.01
215826,0.01
215827,0.03
215828,0.0
215829,0.0
215830,0.02
215831,0.86
215832,0.02
215833,0.09
215834,0.03
215835,0.09
215836,0.04
215837,0.01
215838,0.0
215839,0.0
215840,0.01
215841,0.01
215842,0.22
215843,0.0
215844,0.02
215845,0.0
215846,0.0
215847,0.18
215848,0.01
215849,0.06
215850,0.0
215851,0.0
215852,0.03
215853,0.08
215854,0.04
215855,0.09
215856,0.18
215857,0.0
215858,0.05
215859,0.04
215860,0.05
215861,0.0
215862,0.03
215863,0.0
215864,0.01
215865,0.07
215866,0.02
215867,0.01
215868,0.06
215869,0.03
215870,0.1
215871,0.16
215872,0.5
215873,0.01
215874,0.0
215875,0.1
215876,0.0
215877,0.07
215878,0.14
215879,0.26
215880,0.01
215881,0.01
215882,0.0
215883,0.09
215884,0.01
215885,0.05
215886,0.0
215887,0.01
215888,0.01
215889,0.02
215890,0.0
215891,0.06
215892,0.01
215893,0.07
215894,0.24
215895,0.02
215896,0.01
215897,0.05
215898,0.1
215899,0.02
215900,0.0
215901,0.01
215902,0.06
215903,0.03
215904,0.26
215905,0.01
215906,0.21
215907,0.02
215908,0.0
215909,0.03
215910,0.06
215911,0.05
215912,0.01
215913,0.25
215914,0.0
215915,0.11
215916,0.0
215917,0.03
215918,0.0
215919,0.0
215920,0.04
215921,0.0
215922,0.33
215923,0.04
215924,0.27
215925,0.0
215926,0.0
215927,0.04
215928,0.03
215929,0.78
215930,0.0
215931,0.04
215932,0.04
215933,0.02
215934,0.06
215935,0.02
215936,0.03
215937,0.02
215938,0.01
215939,0.0
215940,0.0
215941,0.02
215942,0.01
215943,0.01
215944,0.01
215945,0.0
215946,0.0
215947,0.52
215948,0.0
215949,0.0
215950,0.2
215951,0.05
215952,0.05
215953,0.01
215954,0.01
215955,0.04333333333333333
215956,0.0
215957,0.05
215958,0.09
215959,0.0
215960,0.05
215961,0.03
215962,0.02
215963,0.01
215964,0.0
215965,0.01
215966,0.04
215967,0.03
215968,0.01
215969,0.06
215970,0.01
215971,0.01
215972,0.01
215973,0.0
215974,0.0
215975,0.01
215976,0.13
215977,0.89
215978,0.02
215979,0.04
215980,0.01
215981,0.02
215982,0.01
215983,0.01
215984,0.01
215985,0.0
215986,0.0
215987,0.18
215988,0.01
215989,0.0
215990,0.03
215991,0.01
215992,0.0
215993,0.01
215994,0.06
215995,0.09
215996,0.02
215997,0.0
215998,0.02
215999,0.05
216000,0.06
216001,0.02
216002,0.98
216003,0.1
216004,0.45
216005,0.01
216006,0.0
216007,0.01
216008,0.0
216009,0.07
216010,0.0
216011,0.0
216012,0.0
216013,0.01
216014,0.0
216015,0.05
216016,0.01
216017,0.02
216018,0.2
216019,0.01
216020,0.02
216021,0.01
216022,0.07
216023,0.0
216024,0.0
216025,0.02
216026,0.48
216027,0.02
216028,0.0
216029,0.0
216030,0.9
216031,0.04
216032,0.05
216033,0.01
216034,0.01
216035,0.0
216036,0.03
216037,0.01
216038,0.0
216039,0.01
216040,0.35
216041,0.03
216042,0.07
216043,0.01
216044,0.13
216045,0.16
216046,0.01
216047,0.0
216048,0.06
216049,0.0
216050,0.32
216051,0.03
216052,0.02
216053,0.03
216054,0.01
216055,0.01
216056,0.0
216057,0.0
216058,0.0
216059,0.01
216060,0.0
216061,0.0
216062,0.0
216063,0.0
216064,0.01
216065,0.01
216066,0.01
216067,0.0
216068,0.82
216069,0.17
216070,0.02
216071,0.0
216072,0.01
216073,0.0
216074,0.01
216075,0.02
216076,0.01
216077,0.03
216078,0.01
216079,0.03
216080,0.09
216081,0.01
216082,0.02
216083,0.03
216084,0.01
216085,0.0
216086,0.02
216087,0.0
216088,0.01
216089,0.01
216090,0.13
216091,0.0
216092,0.03
216093,0.0
216094,0.01
216095,0.0
216096,0.02
216097,0.0
216098,0.01
216099,0.02
216100,0.01
216101,0.0
216102,0.01
216103,0.01
216104,0.01
216105,0.0
216106,0.02
216107,0.01
216108,0.0
216109,0.41
216110,0.02
216111,0.01
216112,0.0
216113,0.0
216114,0.0
216115,0.03
216116,0.18
216117,0.01
216118,0.0
216119,0.01
216120,0.0
216121,0.01
216122,0.0
216123,0.01
216124,0.02
216125,0.07
216126,0.08
216127,0.0
216128,0.0
216129,0.07
216130,0.03
216131,0.56
216132,0.0
216133,0.86
216134,0.0
216135,0.02
216136,0.0
216137,0.01
216138,0.02
216139,0.1
216140,0.0
216141,0.07
216142,0.0
216143,0.0
216144,0.08
216145,0.0
216146,0.03
216147,0.07
216148,0.02
216149,0.01
216150,0.05
216151,0.0
216152,0.0
216153,0.09
216154,0.06
216155,0.02
216156,0.02
216157,0.01
216158,0.08
216159,0.0
216160,0.0
216161,0.02
216162,0.01
216163,0.25
216164,0.04
216165,0.0
216166,0.01
216167,0.01
216168,0.0
216169,0.05
216170,0.02
216171,0.15
216172,0.17
216173,0.0
216174,0.01
216175,0.02
216176,0.0
216177,0.12
216178,0.12
216179,0.0
216180,0.01
216181,0.04
216182,0.01
216183,0.01
216184,0.0
216185,0.01
216186,0.01
216187,0.04
216188,0.02
216189,0.01
216190,0.07
216191,0.01
216192,0.01
216193,0.0
216194,0.03
216195,0.01
216196,0.06
216197,0.03
216198,0.02
216199,0.0
216200,0.01
216201,0.01
216202,0.0
216203,0.0
216204,0.02
216205,0.0
216206,0.0
216207,0.11
216208,0.0
216209,0.01
216210,0.02
216211,0.01
216212,0.02
216213,0.84
216214,0.88
216215,0.04
216216,0.02
216217,0.06
216218,0.01
216219,0.09
216220,0.33
216221,0.0
216222,0.09
216223,0.0
216224,0.01
216225,0.0
216226,0.02
216227,0.01
216228,0.0
216229,0.03
216230,0.0
216231,0.01
216232,0.02
216233,0.01
216234,0.64
216235,0.0
216236,0.03
216237,0.02
216238,0.06
216239,0.01
216240,0.03
216241,0.31
216242,0.0
216243,0.0
216244,0.0
216245,0.06
216246,0.0
216247,0.01
216248,0.01
216249,0.39
216250,0.19
216251,0.02
216252,0.01
216253,0.01
216254,0.0
216255,0.01
216256,0.06
216257,0.02
216258,0.0
216259,0.0
216260,0.0
216261,0.1
216262,0.03
216263,0.02
216264,0.0
216265,0.05
216266,0.0
216267,0.01
216268,0.03
216269,0.0
216270,0.0
216271,0.0
216272,0.0
216273,0.0
216274,0.11
216275,0.0
216276,0.01
216277,0.05
216278,0.0
216279,0.0
216280,0.02
216281,0.0
216282,0.0
216283,0.02
216284,0.01
216285,0.01
216286,0.0
216287,0.01
216288,0.05
216289,0.0
216290,0.13
216291,0.0
216292,0.02
216293,0.0
216294,0.0
216295,0.05
216296,0.04
216297,0.02
216298,0.0
216299,0.04
216300,0.0
216301,0.01
216302,0.0
216303,0.0
216304,0.01
216305,0.13
216306,0.04
216307,0.02
216308,0.0
216309,0.01
216310,0.02
216311,0.01
216312,0.02
216313,0.0
216314,0.0
216315,0.0
216316,0.0
216317,0.0
216318,0.0
216319,0.01
216320,0.03
216321,0.03
216322,0.0
216323,0.02
216324,0.04
216325,0.05
216326,0.05
216327,0.0
216328,0.01
216329,0.0
216330,0.01
216331,0.0
216332,0.19
216333,0.01
216334,0.0
216335,0.08
216336,0.0
216337,0.0
216338,0.0
216339,0.06
216340,0.0
216341,0.0
216342,0.0
216343,0.0
216344,0.0
216345,0.01
216346,0.0
216347,0.01
216348,0.0
216349,0.0
216350,0.02
216351,0.02
216352,0.15
216353,0.01
216354,0.1
216355,0.01
216356,0.12
216357,0.0
216358,0.02
216359,0.02
216360,0.11
216361,0.02
216362,0.03
216363,0.02
216364,0.0
216365,0.02
216366,0.01
216367,0.03
216368,0.02
216369,0.04
216370,0.6393333333333333
216371,0.0
216372,0.08
216373,0.9
216374,0.05
216375,0.04
216376,0.06
216377,0.0
216378,0.0
216379,0.0
216380,0.0
216381,0.04
216382,0.01
216383,0.0
216384,0.0
216385,0.15
216386,0.01
216387,0.02
216388,0.04
216389,0.02
216390,0.01
216391,0.51
216392,0.11
216393,0.02
216394,0.01
216395,0.01
216396,0.03
216397,0.54
216398,0.02
216399,0.0
216400,0.01
216401,0.03
216402,0.0
216403,0.06
216404,0.0
216405,0.01
216406,0.0
216407,0.0
216408,0.0
216409,0.0
216410,0.0
216411,0.0
216412,0.04
216413,0.0
216414,0.01
216415,0.0
216416,0.03
216417,0.0
216418,0.01
216419,0.02
216420,0.0
216421,0.04
216422,0.01
216423,0.09
216424,0.01
216425,0.01
216426,0.03
216427,0.0
216428,0.01
216429,0.01
216430,0.0
216431,0.0
216432,0.01
216433,0.0
216434,0.03
216435,0.0
216436,0.59
216437,0.0
216438,0.01
216439,0.02
216440,0.5
216441,0.0
216442,0.0
216443,0.05
216444,0.02
216445,0.02
216446,0.01
216447,0.0
216448,0.07
216449,0.0
216450,0.03
216451,0.01
216452,0.0
216453,0.0
216454,0.12
216455,0.03
216456,0.03
216457,0.02
216458,0.0
216459,0.02
216460,0.03
216461,0.01
216462,0.09
216463,0.09
216464,0.01
216465,0.09
216466,0.02
216467,0.05
216468,0.01
216469,0.02
216470,0.73
216471,0.01
216472,0.0
216473,0.01
216474,0.02
216475,0.12
216476,0.0
216477,0.02
216478,0.0
216479,0.06
216480,0.35
216481,0.01
216482,0.0
216483,0.11
216484,0.0
216485,0.01
216486,0.0
216487,0.05
216488,0.89
216489,0.05
216490,0.0
216491,0.01
216492,0.0
216493,0.0
216494,0.13
216495,0.0
216496,0.0
216497,0.02
216498,0.05
216499,0.01
216500,0.04
216501,0.02
216502,0.02
216503,0.05
216504,0.0
216505,0.01
216506,0.04
216507,0.01
216508,0.03
216509,0.04
216510,0.01
216511,0.01
216512,0.03
216513,0.0
216514,0.01
216515,0.22
216516,0.28
216517,0.0
216518,0.0
216519,0.01
216520,0.15
216521,0.0
216522,0.06
216523,0.09
216524,0.0
216525,0.0
216526,0.04
216527,0.04
216528,0.02
216529,0.01
216530,0.0
216531,0.02
216532,0.01
216533,0.01
216534,0.04
216535,0.0
216536,0.01
216537,0.13
216538,0.0
216539,0.21
216540,0.0
216541,0.01
216542,0.04
216543,0.0
216544,0.01
216545,0.02
216546,0.01
216547,0.0
216548,0.11
216549,0.03
216550,0.05
216551,0.04
216552,0.23
216553,0.0
216554,0.0
216555,0.01
216556,0.01
216557,0.04
216558,0.0
216559,0.76
216560,0.23
216561,0.0
216562,0.02
216563,0.03
216564,0.0
216565,0.02
216566,0.01
216567,0.01
216568,0.01
216569,0.0
216570,0.0
216571,0.0
216572,0.0
216573,0.11
216574,0.02
216575,0.09
216576,0.02
216577,0.0
216578,0.0
216579,0.01
216580,0.03
216581,0.0
216582,0.0
216583,0.0
216584,0.01
216585,0.0
216586,0.06
216587,0.0
216588,0.0
216589,0.0
216590,0.0
216591,0.0
216592,0.04
216593,0.7
216594,0.0
216595,0.0
216596,0.98
216597,0.0
216598,0.06
216599,0.01
216600,0.09
216601,0.0
216602,0.02
216603,0.0
216604,0.0
216605,0.0
216606,0.01
216607,0.0
216608,0.0
216609,0.05
216610,0.0
216611,0.12
216612,0.07
216613,0.0
216614,0.0
216615,0.02
216616,0.01
216617,0.0
216618,0.03
216619,0.02
216620,0.01
216621,0.01
216622,0.01
216623,0.0
216624,0.01
216625,0.02
216626,0.0
216627,0.01
216628,0.05
216629,0.05
216630,0.73
216631,0.01
216632,0.08
216633,0.01
216634,0.02
216635,0.13
216636,0.0
216637,0.0
216638,0.12
216639,0.0
216640,0.01
216641,0.03
216642,0.01
216643,0.01
216644,0.05
216645,0.0
216646,0.1
216647,0.03
216648,0.02
216649,0.0
216650,0.01
216651,0.06
216652,0.02
216653,0.07
216654,0.0
216655,0.02
216656,0.02
216657,0.02
216658,0.01
216659,0.01
216660,0.01
216661,0.0
216662,0.04
216663,0.02
216664,0.06
216665,0.0
216666,0.03
216667,0.01
216668,0.06
216669,0.0
216670,0.0
216671,0.01
216672,0.02
216673,0.0
216674,0.03
216675,0.09
216676,0.0
216677,0.0
216678,0.0
216679,0.02
216680,0.0
216681,0.0
216682,0.03
216683,0.0
216684,0.03
216685,0.14
216686,0.02
216687,0.0
216688,0.0
216689,0.26
216690,0.34
216691,0.0
216692,0.01
216693,0.0
216694,0.02
216695,0.02
216696,0.0
216697,0.03
216698,0.0
216699,0.95
216700,0.02
216701,0.0
216702,0.0
216703,0.01
216704,0.01
216705,0.0
216706,0.01
216707,0.0
216708,0.22
216709,0.01
216710,0.0
216711,0.0
216712,0.04
216713,0.02
216714,0.02
216715,0.01
216716,0.0
216717,0.0
216718,0.03
216719,0.0
216720,0.04
216721,0.01
216722,0.04
216723,0.0
216724,0.0
216725,0.03
216726,0.03
216727,0.02
216728,0.02
216729,0.03
216730,0.01
216731,0.04
216732,0.03
216733,0.02
216734,0.11
216735,0.01
216736,0.0
216737,0.93
216738,0.0
216739,0.01
216740,0.01
216741,0.0
216742,0.01
216743,0.05
216744,0.08
216745,0.02
216746,0.04
216747,0.05
216748,0.0
216749,0.01
216750,0.01
216751,0.0
216752,0.0
216753,0.0
216754,0.0
216755,0.15
216756,0.0
216757,0.01
216758,0.02
216759,0.04
216760,0.02
216761,0.02
216762,0.07
216763,0.08
216764,0.02
216765,0.0
216766,0.04
216767,0.0
216768,0.69
216769,0.01
216770,0.02
216771,0.0
216772,0.03
216773,0.31
216774,0.08
216775,0.0
216776,0.0
216777,0.02
216778,0.0
216779,0.04
216780,0.6
216781,0.02
216782,0.0
216783,0.0
216784,0.0
216785,0.04
216786,0.12
216787,0.0
216788,0.43
216789,0.05
216790,0.0
216791,0.0
216792,0.0
216793,0.0
216794,0.01
216795,0.01
216796,0.16
216797,0.01
216798,0.0
216799,0.02
216800,0.01
216801,0.23
216802,0.03
216803,0.0
216804,0.0
216805,0.01
216806,0.01
216807,0.01
216808,0.0
216809,0.02
216810,0.01
216811,0.0
216812,0.02
216813,0.02
216814,0.01
216815,0.02
216816,0.14
216817,0.0
216818,0.0
216819,0.0
216820,0.02
216821,0.01
216822,0.02
216823,0.03
216824,0.05
216825,0.02
216826,0.0
216827,0.02
216828,0.0
216829,0.0
216830,0.01
216831,0.01
216832,0.0
216833,0.0
216834,0.0
216835,0.0
216836,0.01
216837,0.03
216838,0.02
216839,0.07
216840,0.87
216841,0.04
216842,0.05
216843,0.0
216844,0.03
216845,0.08
216846,0.07
216847,0.08
216848,0.01
216849,0.01
216850,0.0
216851,0.01
216852,0.0
216853,0.0
216854,0.0
216855,0.03
216856,0.07
216857,0.05
216858,0.0
216859,0.0
216860,0.05
216861,0.04
216862,0.03
216863,0.01
216864,0.0
216865,0.0
216866,0.04
216867,0.2
216868,0.05
216869,0.01
216870,0.02
216871,0.06
216872,0.0
216873,0.02
216874,0.0
216875,0.45
216876,0.0
216877,0.01
216878,0.0
216879,0.0
216880,0.02
216881,0.01
216882,0.84
216883,0.57
216884,0.0
216885,0.96
216886,0.02
216887,0.02
216888,0.33
216889,0.02
216890,0.01
216891,0.01
216892,0.09
216893,0.01
216894,0.09
216895,0.0
216896,0.06
216897,0.0
216898,0.02
216899,0.11
216900,0.0
216901,0.02
216902,0.03
216903,0.01
216904,0.09
216905,0.01
216906,0.0
216907,0.115
216908,0.0
216909,0.02
216910,0.84
216911,0.0
216912,0.0
216913,0.0
216914,0.01
216915,0.07
216916,0.01
216917,0.05
216918,0.06
216919,0.45
216920,0.03
216921,0.0
216922,0.0
216923,0.04
216924,0.02
216925,0.0
216926,0.0
216927,0.0
216928,0.02
216929,0.21
216930,0.02
216931,0.07
216932,0.0
216933,0.04
216934,0.0
216935,0.03
216936,0.02
216937,0.0
216938,0.0
216939,0.0
216940,0.0
216941,0.04
216942,0.15
216943,0.0
216944,0.42
216945,0.0
216946,0.05
216947,0.0
216948,0.05
216949,0.07
216950,0.0
216951,0.0
216952,0.21
216953,0.02
216954,0.02
216955,0.13
216956,0.06
216957,0.36
216958,0.08
216959,0.02
216960,0.0
216961,0.0
216962,0.06
216963,0.02
216964,0.13
216965,0.06
216966,0.01
216967,0.01
216968,0.0
216969,0.0
216970,0.03
216971,0.0
216972,0.03
216973,0.01
216974,0.01
216975,0.02
216976,0.05
216977,0.0
216978,0.01
216979,0.0
216980,0.0
216981,0.0
216982,0.01
216983,0.0
216984,0.0
216985,0.0
216986,0.0
216987,0.0
216988,0.0
216989,0.02
216990,0.01
216991,0.01
216992,0.0
216993,0.01
216994,0.445
216995,0.01
216996,0.02
216997,0.01
216998,0.06
216999,0.38
217000,0.0
217001,0.01
217002,0.0
217003,0.0
217004,0.01
217005,0.0
217006,0.0
217007,0.0
217008,0.01
217009,0.07
217010,0.0
217011,0.0
217012,0.0
217013,0.02
217014,0.02
217015,0.01
217016,0.02
217017,0.026666666666666665
217018,0.0
217019,0.12
217020,0.85
217021,0.01
217022,0.02
217023,0.0
217024,0.01
217025,0.02
217026,0.09
217027,0.01
217028,0.09
217029,0.0
217030,0.02
217031,0.03
217032,0.01
217033,0.0
217034,0.02
217035,0.02
217036,0.04
217037,0.0
217038,0.02
217039,0.01
217040,0.01
217041,0.01
217042,0.02
217043,0.01
217044,0.0
217045,0.0
217046,0.0
217047,0.0
217048,0.01
217049,0.0
217050,0.03
217051,0.02
217052,0.03
217053,0.05
217054,0.01
217055,0.07
217056,0.0
217057,0.03
217058,0.26
217059,0.06
217060,0.0
217061,0.07
217062,0.01
217063,0.3
217064,0.01
217065,0.05
217066,0.0
217067,0.01
217068,0.0
217069,0.01
217070,0.03
217071,0.0
217072,0.02
217073,0.02
217074,0.19
217075,0.01
217076,0.0
217077,0.0
217078,0.0
217079,0.0
217080,0.0
217081,0.02
217082,0.0
217083,0.01
217084,0.01
217085,0.02
217086,0.03
217087,0.02
217088,0.01
217089,0.01
217090,0.0
217091,0.05
217092,0.0
217093,0.35
217094,0.003333333333333333
217095,0.0
217096,0.01
217097,0.03
217098,0.01
217099,0.01
217100,0.04
217101,0.0
217102,0.05
217103,0.05
217104,0.02
217105,0.02
217106,0.03
217107,0.0
217108,0.09
217109,0.02
217110,0.0
217111,0.02
217112,0.02
217113,0.05
217114,0.06
217115,0.03
217116,0.4
217117,0.08
217118,0.04
217119,0.02
217120,0.68
217121,0.02
217122,0.04
217123,0.0
217124,0.0
217125,0.0
217126,0.89
217127,0.03
217128,0.0
217129,0.0
217130,0.01
217131,0.03
217132,0.3
217133,0.0
217134,0.0
217135,0.0
217136,0.01
217137,0.01
217138,0.03
217139,0.72
217140,0.6
217141,0.0
217142,0.01
217143,0.27
217144,0.04
217145,0.01
217146,0.0
217147,0.03
217148,0.0
217149,0.09
217150,0.0
217151,0.02
217152,0.0
217153,0.12
217154,0.28
217155,0.03
217156,0.02
217157,0.0
217158,0.0
217159,0.01
217160,0.15
217161,0.02
217162,0.0
217163,0.01
217164,0.0
217165,0.85
217166,0.02
217167,0.05
217168,0.02
217169,0.03
217170,0.0
217171,0.05
217172,0.01
217173,0.0
217174,0.01
217175,0.03
217176,0.02
217177,0.02
217178,0.01
217179,0.94
217180,0.0
217181,0.0
217182,0.1
217183,0.0
217184,0.0
217185,0.0
217186,0.02
217187,0.02
217188,0.0
217189,0.01
217190,0.05
217191,0.03
217192,0.024
217193,0.01
217194,0.04
217195,0.0
217196,0.07
217197,0.02
217198,0.04
217199,0.01
217200,0.02
217201,0.03
217202,0.0
217203,0.02
217204,0.02
217205,0.04
217206,0.0
217207,0.03
217208,0.0
217209,0.02
217210,0.07
217211,0.0
217212,0.04
217213,0.04
217214,0.01
217215,0.02
217216,0.0
217217,0.01
217218,0.01
217219,0.01
217220,0.0
217221,0.0
217222,0.0
217223,0.46
217224,0.03
217225,0.0
217226,0.01
217227,0.1
217228,0.05
217229,0.0
217230,0.01
217231,0.02
217232,0.04
217233,0.0
217234,0.02
217235,0.05
217236,0.02
217237,0.45
217238,0.02
217239,0.03
217240,0.0
217241,0.2
217242,0.0
217243,0.02
217244,0.01
217245,0.0
217246,0.0
217247,0.01
217248,0.0
217249,0.0
217250,0.0
217251,0.03
217252,0.0
217253,0.02
217254,0.01
217255,0.03
217256,0.07
217257,0.07
217258,0.0
217259,0.01
217260,0.01
217261,0.0
217262,0.0
217263,0.04
217264,0.1
217265,0.01
217266,0.0
217267,0.0
217268,0.01
217269,0.04
217270,0.04
217271,0.6
217272,0.02
217273,0.02
217274,0.08
217275,0.03
217276,0.0
217277,0.01
217278,0.02
217279,0.0
217280,0.09
217281,0.16
217282,0.0
217283,0.04
217284,0.0
217285,0.0
217286,0.0
217287,0.02
217288,0.69
217289,0.01
217290,0.01
217291,0.0
217292,0.06
217293,0.04
217294,0.04
217295,0.02
217296,0.0
217297,0.01
217298,0.06
217299,0.08
217300,0.06
217301,0.0
217302,0.0
217303,0.0
217304,0.01
217305,0.03
217306,0.03
217307,0.01
217308,0.0
217309,0.0
217310,0.01
217311,0.0
217312,0.0
217313,0.0
217314,0.0
217315,0.0
217316,0.02
217317,0.0
217318,0.0
217319,0.0
217320,0.0
217321,0.01
217322,0.0
217323,0.25
217324,0.0
217325,0.0
217326,0.05
217327,0.0
217328,0.01
217329,0.0
217330,0.0
217331,0.0
217332,0.04
217333,0.72
217334,0.04
217335,0.02
217336,0.0
217337,0.0
217338,0.02
217339,0.32
217340,0.0
217341,0.04
217342,0.89
217343,0.0
217344,0.02
217345,0.78
217346,0.0
217347,0.02
217348,0.0
217349,0.06
217350,0.01
217351,0.0
217352,0.0
217353,0.1
217354,0.03
217355,0.0
217356,0.01
217357,0.93
217358,0.0
217359,0.13
217360,0.0
217361,0.03
217362,0.08
217363,0.0
217364,0.0
217365,0.0
217366,0.0
217367,0.0
217368,0.01
217369,0.04
217370,0.0
217371,0.06
217372,0.01
217373,0.03
217374,0.01
217375,0.0
217376,0.01
217377,0.04
217378,0.1
217379,0.02
217380,0.01
217381,0.05
217382,0.0
217383,0.0
217384,0.0
217385,0.0
217386,0.03
217387,0.02
217388,0.02
217389,0.0
217390,0.05
217391,0.0
217392,0.0
217393,0.03
217394,0.0
217395,0.02
217396,0.01
217397,0.01
217398,0.02
217399,0.0
217400,0.62
217401,0.0
217402,0.0
217403,0.06
217404,0.01
217405,0.01
217406,0.01
217407,0.0
217408,0.12
217409,0.03
217410,0.12
217411,0.02
217412,0.02
217413,0.04
217414,0.0
217415,0.03
217416,0.0
217417,0.02
217418,0.05238095238095238
217419,0.0
217420,0.08
217421,0.0
217422,0.02
217423,0.04
217424,0.05
217425,0.01
217426,0.01
217427,0.01
217428,0.0
217429,0.75
217430,0.02
217431,0.0
217432,0.94
217433,0.06
217434,0.0
217435,0.03
217436,0.01
217437,0.0
217438,0.03
217439,0.0
217440,0.03
217441,0.02
217442,0.17
217443,0.02
217444,0.01
217445,0.0
217446,0.91
217447,0.02
217448,0.0
217449,0.0
217450,0.01
217451,0.0
217452,0.04
217453,0.0
217454,0.01
217455,0.0
217456,0.0
217457,0.06
217458,0.07
217459,0.01
217460,0.0
217461,0.01
217462,0.0
217463,0.03
217464,0.03
217465,0.0
217466,0.0
217467,0.0
217468,0.08
217469,0.0
217470,0.02
217471,0.11
217472,0.01
217473,0.03
217474,0.02
217475,0.09
217476,0.04
217477,0.42
217478,0.01
217479,0.01
217480,0.0
217481,0.04
217482,0.04
217483,0.0
217484,0.0
217485,0.01
217486,0.03
217487,0.0
217488,0.43
217489,0.32
217490,0.0
217491,0.0
217492,0.0
217493,0.0
217494,0.01
217495,0.03
217496,0.12
217497,0.01
217498,0.0
217499,0.02
217500,0.04
217501,0.02
217502,0.0
217503,0.0
217504,0.01
217505,0.0
217506,0.04
217507,0.02
217508,0.02
217509,0.02
217510,0.0
217511,0.0
217512,0.06
217513,0.0
217514,0.0
217515,0.01
217516,0.0
217517,0.02
217518,0.01
217519,0.06
217520,0.0
217521,0.03
217522,0.41
217523,0.0
217524,0.05
217525,0.01
217526,0.01
217527,0.66
217528,0.01
217529,0.0
217530,0.0
217531,0.05
217532,0.03
217533,0.0
217534,0.15
217535,0.02
217536,0.06
217537,0.02
217538,0.01
217539,0.0
217540,0.0
217541,0.02
217542,0.8
217543,0.04
217544,0.01
217545,0.0
217546,0.01
217547,0.21
217548,0.0
217549,0.02
217550,0.0
217551,0.0
217552,0.0
217553,0.0
217554,0.08
217555,0.01
217556,0.01
217557,0.02
217558,0.0
217559,0.05
217560,0.0
217561,0.41
217562,0.01
217563,0.02
217564,0.01
217565,0.02
217566,0.01
217567,0.01
217568,0.0
217569,0.0
217570,0.0
217571,0.0
217572,0.01
217573,0.0
217574,0.02
217575,0.0
217576,0.2
217577,0.0
217578,0.01
217579,0.09
217580,0.02
217581,0.0
217582,0.0
217583,0.01
217584,0.0
217585,0.01
217586,0.01
217587,0.0
217588,0.01
217589,0.17
217590,0.0
217591,0.01
217592,0.0
217593,0.12
217594,0.0
217595,0.03
217596,0.02
217597,0.0
217598,0.0
217599,0.0
217600,0.03
217601,0.01
217602,0.02
217603,0.02
217604,0.67
217605,0.01
217606,0.98
217607,0.78
217608,0.01
217609,0.05
217610,0.02
217611,0.0
217612,0.0
217613,0.83
217614,0.01
217615,0.09
217616,0.01
217617,0.01
217618,0.01
217619,0.01
217620,0.0
217621,0.01
217622,0.0
217623,0.0
217624,0.01
217625,0.03
217626,0.0
217627,0.15
217628,0.03
217629,0.03
217630,0.09
217631,0.58
217632,0.02
217633,0.09
217634,0.01
217635,0.03
217636,0.14
217637,0.0
217638,0.07
217639,0.01
217640,0.0
217641,0.075
217642,0.0
217643,0.01
217644,0.09
217645,0.0
217646,0.02
217647,0.03
217648,0.0
217649,0.0
217650,0.0
217651,0.02
217652,0.0
217653,0.03
217654,0.01
217655,0.02
217656,0.04
217657,0.01
217658,0.01
217659,0.05
217660,0.02
217661,0.06
217662,0.01
217663,0.0
217664,0.03
217665,0.05
217666,0.01
217667,0.0
217668,0.0
217669,0.03
217670,0.54
217671,0.0
217672,0.01
217673,0.02
217674,0.01
217675,0.03
217676,0.0
217677,0.02
217678,0.003333333333333333
217679,0.0
217680,0.05
217681,0.01
217682,0.02
217683,0.08
217684,0.01
217685,0.1
217686,0.27
217687,0.02
217688,0.04
217689,0.41
217690,0.06
217691,0.0
217692,0.01
217693,0.01
217694,0.01
217695,0.04
217696,0.0
217697,0.03
217698,0.03
217699,0.01
217700,0.01
217701,0.0
217702,0.05
217703,0.01
217704,0.27
217705,0.11
217706,0.03
217707,0.01
217708,0.03
217709,0.03
217710,0.46
217711,0.0
217712,0.64
217713,0.0
217714,0.01
217715,0.05
217716,0.02
217717,0.02
217718,0.02
217719,0.55
217720,0.01
217721,0.0
217722,0.0
217723,0.14
217724,0.05
217725,0.0
217726,0.09
217727,0.21
217728,0.01
217729,0.01
217730,0.01
217731,0.0
217732,0.0
217733,0.01
217734,0.01
217735,0.01
217736,0.02
217737,0.1
217738,0.0
217739,0.01
217740,0.0
217741,0.01
217742,0.0
217743,0.0
217744,0.08
217745,0.05
217746,0.04
217747,0.85
217748,0.0
217749,0.0
217750,0.02
217751,0.22
217752,0.04
217753,0.78
217754,0.0
217755,0.46
217756,0.23
217757,0.02
217758,0.01
217759,0.01
217760,0.0
217761,0.01
217762,0.01
217763,0.02
217764,0.05
217765,0.02
217766,0.01
217767,0.0
217768,0.0
217769,0.22
217770,0.05
217771,0.03
217772,0.10333333333333332
217773,0.03
217774,0.0
217775,0.02
217776,0.19
217777,0.0
217778,0.0
217779,0.0
217780,0.06
217781,0.0
217782,0.11
217783,0.0
217784,0.01
217785,0.02
217786,0.03
217787,0.01
217788,0.08
217789,0.04
217790,0.01
217791,0.02
217792,0.42
217793,0.0
217794,0.03
217795,0.13
217796,0.04
217797,0.03
217798,0.0
217799,0.01
217800,0.03
217801,0.0
217802,0.01
217803,0.0
217804,0.01
217805,0.01
217806,0.03
217807,0.01
217808,0.01
217809,0.04
217810,0.0
217811,0.03
217812,0.0
217813,0.39
217814,0.01
217815,0.0
217816,0.02
217817,0.02
217818,0.02
217819,0.0
217820,0.0
217821,0.01
217822,0.01
217823,0.0
217824,0.04
217825,0.0
217826,0.03
217827,0.0
217828,0.03
217829,0.0
217830,0.06
217831,0.03
217832,0.98
217833,0.02
217834,0.06
217835,0.07
217836,0.0
217837,0.0
217838,0.11
217839,0.02
217840,0.01
217841,0.01
217842,0.01
217843,0.05
217844,0.2
217845,0.03
217846,0.0
217847,0.01
217848,0.01
217849,0.38
217850,0.0
217851,0.0
217852,0.01
217853,0.02
217854,0.04
217855,0.16
217856,0.07
217857,0.0
217858,0.08
217859,0.01
217860,0.03
217861,0.0
217862,0.03
217863,0.03
217864,0.07
217865,0.0
217866,0.85
217867,0.0
217868,0.0
217869,0.04
217870,0.0
217871,0.03
217872,0.01
217873,0.01
217874,0.02
217875,0.02
217876,0.0
217877,0.02
217878,0.19
217879,0.1
217880,0.0
217881,0.04
217882,0.0
217883,0.02
217884,0.05
217885,0.04
217886,0.0
217887,0.38
217888,0.38
217889,0.0
217890,0.03
217891,0.0
217892,0.01
217893,0.0
217894,0.12
217895,0.0
217896,0.0
217897,0.01
217898,0.11
217899,0.79
217900,0.02
217901,0.0
217902,0.98
217903,0.05
217904,0.05
217905,0.1
217906,0.0
217907,0.0
217908,0.05
217909,0.0
217910,0.45
217911,0.06
217912,0.03
217913,0.03
217914,0.03
217915,0.02
217916,0.02
217917,0.07
217918,0.1
217919,0.04
217920,0.0
217921,0.02
217922,0.06
217923,0.02
217924,0.0
217925,0.01
217926,0.98
217927,0.0
217928,0.02
217929,0.06
217930,0.01
217931,0.0
217932,0.0
217933,0.205
217934,0.01
217935,0.03
217936,0.12
217937,0.04
217938,0.01
217939,0.0
217940,0.78
217941,0.0
217942,0.03
217943,0.0
217944,0.03
217945,0.31
217946,0.01
217947,0.02
217948,0.25
217949,0.0
217950,0.01
217951,0.12
217952,0.0
217953,0.02
217954,0.0
217955,0.88
217956,0.01
217957,0.0
217958,0.0
217959,0.05
217960,0.12
217961,0.01
217962,0.01
217963,0.01
217964,0.01
217965,0.01
217966,0.01
217967,0.0
217968,0.03
217969,0.04
217970,0.02
217971,0.0
217972,0.0
217973,0.02
217974,0.43
217975,0.03
217976,0.01
217977,0.66
217978,0.01
217979,0.2
217980,0.02
217981,0.01
217982,0.0
217983,0.02
217984,0.15
217985,0.01
217986,0.04
217987,0.97
217988,0.07
217989,0.0
217990,0.0
217991,0.02
217992,0.0
217993,0.01
217994,0.03
217995,0.01
217996,0.04
217997,0.04
217998,0.04
217999,0.03
218000,0.78
218001,0.06
218002,0.03
218003,0.04
218004,0.0
218005,0.0
218006,0.0
218007,0.02
218008,0.01
218009,0.0
218010,0.03
218011,0.0
218012,0.0
218013,0.26
218014,0.01
218015,0.0
218016,0.0
218017,0.03
218018,0.01
218019,0.01
218020,0.04
218021,0.0
218022,0.04
218023,0.0
218024,0.0
218025,0.01
218026,0.0
218027,0.7
218028,0.04
218029,0.21
218030,0.0
218031,0.64
218032,0.02
218033,0.0
218034,0.04
218035,0.0
218036,0.0
218037,0.01
218038,0.47
218039,0.05
218040,0.01
218041,0.03
218042,0.0
218043,0.01
218044,0.0
218045,0.09333333333333334
218046,0.0
218047,0.0
218048,0.02
218049,0.02
218050,0.01
218051,0.05
218052,0.02
218053,0.02
218054,0.83
218055,0.17
218056,0.0
218057,0.0
218058,0.01
218059,0.01
218060,0.03
218061,0.81
218062,0.0
218063,0.01
218064,0.8
218065,0.02
218066,0.0
218067,0.01
218068,0.03
218069,0.0
218070,0.0
218071,0.01
218072,0.11
218073,0.09
218074,0.03
218075,0.0
218076,0.0
218077,0.96
218078,0.0
218079,0.16333333333333336
218080,0.01
218081,0.0
218082,0.02
218083,0.07
218084,0.04
218085,0.03
218086,0.0
218087,0.0
218088,0.01
218089,0.03
218090,0.02
218091,0.29
218092,0.05
218093,0.26
218094,0.37
218095,0.22
218096,0.04
218097,0.01
218098,0.01
218099,0.0
218100,0.0
218101,0.0
218102,0.01
218103,0.09
218104,0.0
218105,0.01
218106,0.02
218107,0.0
218108,0.0
218109,0.01
218110,0.13
218111,0.01
218112,0.02
218113,0.02
218114,0.03
218115,0.01
218116,0.03
218117,0.0
218118,0.0
218119,0.0
218120,0.05
218121,0.0
218122,0.06
218123,0.1
218124,0.0
218125,0.0
218126,0.02
218127,0.0
218128,0.0
218129,0.01
218130,0.0
218131,0.56
218132,0.02
218133,0.0
218134,0.01
218135,0.0
218136,0.02
218137,0.01
218138,0.01
218139,0.02
218140,0.17
218141,0.01
218142,0.07
218143,0.03
218144,0.02
218145,0.01
218146,0.0
218147,0.03
218148,0.01
218149,0.0
218150,0.01
218151,0.02
218152,0.06
218153,0.4546666666666668
218154,0.0
218155,0.0
218156,0.035
218157,0.09
218158,0.05
218159,0.01
218160,0.01
218161,0.0
218162,0.02
218163,0.01
218164,0.02
218165,0.03
218166,0.02
218167,0.01
218168,0.0
218169,0.01
218170,0.02
218171,0.0
218172,0.26
218173,0.04
218174,0.01
218175,0.01
218176,0.0
218177,0.63
218178,0.0
218179,0.03
218180,0.0
218181,0.0
218182,0.7
218183,0.0
218184,0.01
218185,0.01
218186,0.01
218187,0.02
218188,0.03
218189,0.02
218190,0.04
218191,0.03
218192,0.01
218193,0.0
218194,0.01
218195,0.0
218196,0.01
218197,0.01
218198,0.03
218199,0.02
218200,0.0
218201,0.0
218202,0.06
218203,0.03
218204,0.01
218205,0.0
218206,0.0
218207,0.04
218208,0.0
218209,0.0
218210,0.06
218211,0.03
218212,0.0
218213,0.0
218214,0.04
218215,0.0
218216,0.0
218217,0.0
218218,0.02
218219,0.11
218220,0.01
218221,0.01
218222,0.0
218223,0.39
218224,0.01
218225,0.01
218226,0.0
218227,0.0
218228,0.02
218229,0.02
218230,0.05
218231,0.01
218232,0.01
218233,0.02
218234,0.25
218235,0.02
218236,0.0
218237,0.0
218238,0.03
218239,0.01
218240,0.0
218241,0.01
218242,0.06
218243,0.0
218244,0.01
218245,0.0
218246,0.12
218247,0.0
218248,0.01
218249,0.03
218250,0.01
218251,0.03
218252,0.82
218253,0.02
218254,0.01
218255,0.02
218256,0.01
218257,0.03
218258,0.0
218259,0.02
218260,0.03
218261,0.01
218262,0.0
218263,0.0
218264,0.0
218265,0.02
218266,0.0
218267,0.0
218268,0.0
218269,0.03
218270,0.02
218271,0.0
218272,0.05
218273,0.0
218274,0.89
218275,0.03
218276,0.94
218277,0.03
218278,0.7
218279,0.0
218280,0.01
218281,0.0
218282,0.04
218283,0.03
218284,0.01
218285,0.0
218286,0.02
218287,0.02
218288,0.0
218289,0.72
218290,0.01
218291,0.0
218292,0.0
218293,0.0
218294,0.07
218295,0.0
218296,0.01
218297,0.18
218298,0.02
218299,0.01
218300,0.03
218301,0.11
218302,0.03
218303,0.03
218304,0.02
218305,0.0
218306,0.0
218307,0.03
218308,0.03
218309,0.83
218310,0.11
218311,0.0
218312,0.01
218313,0.01
218314,0.0
218315,0.09
218316,0.08
218317,0.08
218318,0.03
218319,0.21
218320,0.01
218321,0.01
218322,0.01
218323,0.0
218324,0.0
218325,0.92
218326,0.01
218327,0.0
218328,0.0
218329,0.0
218330,0.27
218331,0.0
218332,0.0
218333,0.0
218334,0.01
218335,0.01
218336,0.02
218337,0.06
218338,0.0
218339,0.0
218340,0.0
218341,0.81
218342,0.0
218343,0.01
218344,0.0
218345,0.0
218346,0.01
218347,0.01
218348,0.0
218349,0.0
218350,0.96
218351,0.0
218352,0.0
218353,0.13
218354,0.08
218355,0.09
218356,0.01
218357,0.0
218358,0.04
218359,0.0
218360,0.03
218361,0.0
218362,0.01
218363,0.0
218364,0.0
218365,0.01
218366,0.05
218367,0.0
218368,0.02
218369,0.01
218370,0.01
218371,0.01
218372,0.08
218373,0.02
218374,0.01
218375,0.01
218376,0.01
218377,0.01
218378,0.05
218379,0.01
218380,0.01
218381,0.06
218382,0.03
218383,0.0
218384,0.0
218385,0.0
218386,0.01
218387,0.01
218388,0.01
218389,0.0
218390,0.03
218391,0.01
218392,0.05
218393,0.06
218394,0.01
218395,0.03
218396,0.41
218397,0.03
218398,0.02
218399,0.0
218400,0.0
218401,0.0
218402,0.0875
218403,0.02
218404,0.05
218405,0.77
218406,0.0
218407,0.42
218408,0.42
218409,0.04
218410,0.22
218411,0.0
218412,0.0
218413,0.02
218414,0.05
218415,0.01
218416,0.0
218417,0.07
218418,0.02
218419,0.01
218420,0.02
218421,0.02
218422,0.12
218423,0.03
218424,0.01
218425,0.01
218426,0.01
218427,0.0
218428,0.34
218429,0.03
218430,0.0
218431,0.07
218432,0.0
218433,0.08
218434,0.0
218435,0.01
218436,0.01
218437,0.0
218438,0.0
218439,0.0
218440,0.03
218441,0.1
218442,0.01
218443,0.01
218444,0.19
218445,0.02
218446,0.02
218447,0.01
218448,0.01
218449,0.0
218450,0.01
218451,0.0
218452,0.0
218453,0.0
218454,0.02
218455,0.03
218456,0.01
218457,0.0
218458,0.04
218459,0.0
218460,0.0
218461,0.0
218462,0.01
218463,0.02
218464,0.01
218465,0.0
218466,0.01
218467,0.7
218468,0.4
218469,0.01
218470,0.07
218471,0.0
218472,0.0
218473,0.0
218474,0.02
218475,0.01
218476,0.0
218477,0.0
218478,0.05
218479,0.94
218480,0.01
218481,0.06
218482,0.01
218483,0.85
218484,0.07
218485,0.02
218486,0.0
218487,0.01
218488,0.0
218489,0.03
218490,0.01
218491,0.0
218492,0.01
218493,0.0
218494,0.0
218495,0.0
218496,0.03
218497,0.0
218498,0.01
218499,0.01
218500,0.0
218501,0.0
218502,0.0
218503,0.01
218504,0.74
218505,0.0
218506,0.02
218507,0.0
218508,0.03
218509,0.01
218510,0.0
218511,0.0
218512,0.01
218513,0.02
218514,0.04
218515,0.01
218516,0.0
218517,0.01
218518,0.0
218519,0.07
218520,0.21
218521,0.51
218522,0.0
218523,0.04
218524,0.07
218525,0.02
218526,0.01
218527,0.055
218528,0.01
218529,0.08
218530,0.01
218531,0.02
218532,0.06
218533,0.0
218534,0.0
218535,0.03
218536,0.01
218537,0.01
218538,0.01
218539,0.01
218540,0.01
218541,0.03
218542,0.01
218543,0.04
218544,0.01
218545,0.02
218546,0.01
218547,0.0
218548,0.05
218549,0.0
218550,0.09
218551,0.01
218552,0.0
218553,0.16
218554,0.06
218555,0.09
218556,0.0
218557,0.0
218558,0.02
218559,0.06
218560,0.11
218561,0.03
218562,0.0
218563,0.03
218564,0.15
218565,0.13
218566,0.05
218567,0.0
218568,0.04
218569,0.04
218570,0.0
218571,0.02
218572,0.2
218573,0.01
218574,0.03
218575,0.03
218576,0.07
218577,0.0
218578,0.0
218579,0.06
218580,0.01
218581,0.0
218582,0.0
218583,0.05
218584,0.02
218585,0.03
218586,0.01
218587,0.01
218588,0.88
218589,0.0
218590,0.01
218591,0.04
218592,0.09
218593,0.0
218594,0.02
218595,0.0
218596,0.0
218597,0.0
218598,0.0
218599,0.24
218600,0.04
218601,0.7
218602,0.03
218603,0.02
218604,0.01
218605,0.03
218606,0.05
218607,0.0
218608,0.0
218609,0.04
218610,0.02
218611,0.0
218612,0.0
218613,0.0
218614,0.77
218615,0.0
218616,0.01
218617,0.0
218618,0.02
218619,0.02
218620,0.0
218621,0.02
218622,0.01
218623,0.01
218624,0.04
218625,0.16
218626,0.09
218627,0.07
218628,0.01
218629,0.01
218630,0.45
218631,0.0
218632,0.0
218633,0.0
218634,0.15
218635,0.33
218636,0.0
218637,0.08
218638,0.01
218639,0.02
218640,0.04
218641,0.04
218642,0.01
218643,0.0
218644,0.75
218645,0.22
218646,0.03
218647,0.0
218648,0.0
218649,0.14
218650,0.01
218651,0.01
218652,0.89
218653,0.0
218654,0.02
218655,0.0
218656,0.49
218657,0.01
218658,0.01
218659,0.0
218660,0.0
218661,0.0
218662,0.02
218663,0.06
218664,0.0
218665,0.15
218666,0.0
218667,0.0
218668,0.18
218669,0.0
218670,0.01
218671,0.01
218672,0.78
218673,0.1
218674,0.0
218675,0.01
218676,0.06
218677,0.87
218678,0.03
218679,0.0
218680,0.13
218681,0.03
218682,0.0
218683,0.03
218684,0.0
218685,0.01
218686,0.03
218687,0.01
218688,0.04
218689,0.02
218690,0.01
218691,0.0
218692,0.03
218693,0.83
218694,0.07
218695,0.56
218696,0.0
218697,0.1
218698,0.0
218699,0.01
218700,0.0
218701,0.1
218702,0.0
218703,0.01
218704,0.01
218705,0.01
218706,0.02
218707,0.03
218708,0.44
218709,0.0
218710,0.0
218711,0.08
218712,0.01
218713,0.01
218714,0.05
218715,0.09
218716,0.03
218717,0.19
218718,0.02
218719,0.0
218720,0.53
218721,0.0
218722,0.0
218723,0.04
218724,0.0
218725,0.03
218726,0.02
218727,0.0
218728,0.01
218729,0.04
218730,0.06
218731,0.92
218732,0.01
218733,0.02
218734,0.0
218735,0.01
218736,0.0
218737,0.03
218738,0.48
218739,0.0
218740,0.0
218741,0.0
218742,0.07
218743,0.0
218744,0.04
218745,0.01
218746,0.01
218747,0.0
218748,0.0
218749,0.03
218750,0.0
218751,0.0
218752,0.03
218753,0.01
218754,0.04
218755,0.05
218756,0.04
218757,0.0
218758,0.0
218759,0.0
218760,0.01
218761,0.04
218762,0.05
218763,0.05
218764,0.02
218765,0.0
218766,0.05
218767,0.01
218768,0.13
218769,0.01
218770,0.0
218771,0.0
218772,0.0
218773,0.0
218774,0.05
218775,0.03
218776,0.1
218777,0.0
218778,0.0
218779,0.01
218780,0.0
218781,0.22
218782,0.01
218783,0.0
218784,0.01
218785,0.1
218786,0.0
218787,0.0
218788,0.05
218789,0.06
218790,0.67
218791,0.0
218792,0.0
218793,0.04
218794,0.36
218795,0.0
218796,0.0
218797,0.56
218798,0.13
218799,0.02
218800,0.02
218801,0.06
218802,0.01
218803,0.02
218804,0.46
218805,0.0
218806,0.01
218807,0.0
218808,0.01
218809,0.01
218810,0.03
218811,0.01
218812,0.01
218813,0.04
218814,0.0
218815,0.0
218816,0.02
218817,0.91
218818,0.0
218819,0.37
218820,0.0
218821,0.03
218822,0.01
218823,0.02
218824,0.06
218825,0.01
218826,0.01
218827,0.0
218828,0.0
218829,0.0
218830,0.0
218831,0.01
218832,0.0
218833,0.09
218834,0.0
218835,0.0
218836,0.0
218837,0.0
218838,0.0
218839,0.03
218840,0.0
218841,0.11
218842,0.01
218843,0.0
218844,0.01
218845,0.01
218846,0.03
218847,0.0
218848,0.05
218849,0.2
218850,0.02
218851,0.03
218852,0.05
218853,0.01
218854,0.02
218855,0.01
218856,0.22
218857,0.01
218858,0.0
218859,0.0
218860,0.23
218861,0.01
218862,0.0
218863,0.01
218864,0.0
218865,0.02
218866,0.03
218867,0.01
218868,0.01
218869,0.03
218870,0.78
218871,0.01
218872,0.01
218873,0.02
218874,0.0
218875,0.08
218876,0.01
218877,0.01
218878,0.32
218879,0.0
218880,0.01
218881,0.0
218882,0.02
218883,0.05
218884,0.0675
218885,0.05
218886,0.01
218887,0.0
218888,0.01
218889,0.02
218890,0.01
218891,0.08
218892,0.01
218893,0.01
218894,0.02
218895,0.08
218896,0.04
218897,0.17
218898,0.0
218899,0.0
218900,0.01
218901,0.0
218902,0.02
218903,0.0
218904,0.0
218905,0.02
218906,0.11
218907,0.04
218908,0.01
218909,0.07
218910,0.01
218911,0.0
218912,0.05
218913,0.01
218914,0.0
218915,0.0
218916,0.05
218917,0.12
218918,0.02
218919,0.03
218920,0.0
218921,0.02
218922,0.03
218923,0.0
218924,0.05
218925,0.03
218926,0.01
218927,0.02
218928,0.0
218929,0.02
218930,0.0
218931,0.0
218932,0.05
218933,0.03
218934,0.08
218935,0.03
218936,0.01
218937,0.82
218938,0.01
218939,0.06
218940,0.02
218941,0.56
218942,0.0
218943,0.01
218944,0.0
218945,0.59
218946,0.63
218947,0.02
218948,0.0
218949,0.01
218950,0.02
218951,0.07
218952,0.14
218953,0.0
218954,0.78
218955,0.05
218956,0.0
218957,0.0
218958,0.01
218959,0.05
218960,0.01
218961,0.83
218962,0.0
218963,0.0
218964,0.01
218965,0.02
218966,0.06
218967,0.02
218968,0.04
218969,0.0
218970,0.04
218971,0.0
218972,0.0
218973,0.01
218974,0.04
218975,0.0
218976,0.0
218977,0.05
218978,0.08
218979,0.01
218980,0.0
218981,0.0
218982,0.04
218983,0.01
218984,0.03
218985,0.03
218986,0.01
218987,0.04
218988,0.01
218989,0.09
218990,0.0
218991,0.01
218992,0.0
218993,0.01
218994,0.09
218995,0.01
218996,0.01
218997,0.02
218998,0.03
218999,0.0
219000,0.0
219001,0.01
219002,0.07
219003,0.03
219004,0.02
219005,0.02
219006,0.0
219007,0.03
219008,0.07
219009,0.12
219010,0.02
219011,0.02
219012,0.0
219013,0.01
219014,0.05
219015,0.0
219016,0.02
219017,0.06
219018,0.9
219019,0.01
219020,0.01
219021,0.04
219022,0.05
219023,0.02
219024,0.13
219025,0.02
219026,0.01
219027,0.02
219028,0.53
219029,0.0
219030,0.1
219031,0.0
219032,0.4
219033,0.91
219034,0.05
219035,0.16
219036,0.0
219037,0.31
219038,0.0
219039,0.18
219040,0.03
219041,0.0
219042,0.01
219043,0.07
219044,0.01
219045,0.06
219046,0.01
219047,0.0
219048,0.01
219049,0.07
219050,0.01
219051,0.01
219052,0.0
219053,0.03
219054,0.0
219055,0.04
219056,0.03
219057,0.14
219058,0.22
219059,0.0
219060,0.03
219061,0.22
219062,0.01
219063,0.01
219064,0.02
219065,0.01
219066,0.0
219067,0.03
219068,0.03
219069,0.08
219070,0.02
219071,0.01
219072,0.01
219073,0.01
219074,0.06
219075,0.63
219076,0.05
219077,0.0
219078,0.0
219079,0.02
219080,0.06
219081,0.02
219082,0.01
219083,0.01
219084,0.01
219085,0.0
219086,0.0
219087,0.0
219088,0.74
219089,0.05
219090,0.74
219091,0.0
219092,0.0
219093,0.0
219094,0.01
219095,0.01
219096,0.0
219097,0.22
219098,0.07
219099,0.0
219100,0.0
219101,0.02
219102,0.03
219103,0.07
219104,0.01
219105,0.02
219106,0.02
219107,0.01
219108,0.91
219109,0.01
219110,0.015
219111,0.02
219112,0.0
219113,0.0
219114,0.0575
219115,0.01
219116,0.0
219117,0.07
219118,0.02
219119,0.0
219120,0.01
219121,0.0
219122,0.0
219123,0.009000000000000001
219124,0.0
219125,0.0
219126,0.12
219127,0.06
219128,0.03
219129,0.3
219130,0.0
219131,0.04
219132,0.01
219133,0.03
219134,0.0
219135,0.01
219136,0.02
219137,0.01
219138,0.0
219139,0.0
219140,0.02
219141,0.0
219142,0.08
219143,0.0
219144,0.0
219145,0.57
219146,0.01
219147,0.0
219148,0.1
219149,0.09
219150,0.01
219151,0.01
219152,0.0
219153,0.0
219154,0.11
219155,0.01
219156,0.0625
219157,0.0
219158,0.01
219159,0.02
219160,0.01
219161,0.0
219162,0.0
219163,0.0
219164,0.01
219165,0.02
219166,0.01
219167,0.03
219168,0.02
219169,0.04
219170,0.05
219171,0.02
219172,0.05
219173,0.01
219174,0.0
219175,0.026666666666666665
219176,0.0
219177,0.1
219178,0.0
219179,0.0
219180,0.02
219181,0.07
219182,0.0
219183,0.16
219184,0.0
219185,0.17
219186,0.02
219187,0.01
219188,0.17
219189,0.14
219190,0.03
219191,0.01
219192,0.31
219193,0.0
219194,0.01
219195,0.0
219196,0.0
219197,0.003333333333333333
219198,0.0
219199,0.06
219200,0.0
219201,0.0
219202,0.06
219203,0.0
219204,0.0
219205,0.0
219206,0.02
219207,0.0
219208,0.03
219209,0.01
219210,0.01
219211,0.01
219212,0.0
219213,0.32
219214,0.0
219215,0.0
219216,0.01
219217,0.01
219218,0.0
219219,0.46
219220,0.02
219221,0.0
219222,0.03
219223,0.11
219224,0.01
219225,0.04
219226,0.0
219227,0.0
219228,0.14
219229,0.0
219230,0.0
219231,0.01
219232,0.02
219233,0.005
219234,0.31
219235,0.0
219236,0.0
219237,0.0
219238,0.0
219239,0.07
219240,0.04
219241,0.02
219242,0.0
219243,0.01
219244,0.01
219245,0.12
219246,0.01
219247,0.0
219248,0.0
219249,0.02
219250,0.01
219251,0.0
219252,0.0
219253,0.0
219254,0.01
219255,0.01
219256,0.19
219257,0.0
219258,0.0
219259,0.0
219260,0.0
219261,0.0
219262,0.02
219263,0.02
219264,0.01
219265,0.03
219266,0.02
219267,0.0
219268,0.02
219269,0.02
219270,0.01
219271,0.01
219272,0.04
219273,0.89
219274,0.0
219275,0.0
219276,0.03
219277,0.03
219278,0.0
219279,0.0
219280,0.0
219281,0.01
219282,0.0
219283,0.0
219284,0.07
219285,0.01
219286,0.13
219287,0.02
219288,0.01
219289,0.23
219290,0.02
219291,0.0
219292,0.0
219293,0.01
219294,0.04
219295,0.05
219296,0.0
219297,0.16
219298,0.01
219299,0.02
219300,0.0
219301,0.06
219302,0.03
219303,0.09
219304,0.01
219305,0.0
219306,0.02
219307,0.06
219308,0.0
219309,0.01
219310,0.02
219311,0.01
219312,0.38
219313,0.0
219314,0.02
219315,0.0
219316,0.02
219317,0.09
219318,0.01
219319,0.03
219320,0.0
219321,0.0
219322,0.0
219323,0.01
219324,0.0
219325,0.04
219326,0.03
219327,0.03
219328,0.01
219329,0.13
219330,0.0
219331,0.0
219332,0.0
219333,0.01
219334,0.0
219335,0.12
219336,0.01
219337,0.0
219338,0.02
219339,0.0
219340,0.0
219341,0.0
219342,0.0
219343,0.01
219344,0.36
219345,0.0
219346,0.0
219347,0.03
219348,0.02
219349,0.16
219350,0.05
219351,0.12
219352,0.04
219353,0.1
219354,0.0
219355,0.0
219356,0.04
219357,0.02
219358,0.03
219359,0.22
219360,0.01
219361,0.07
219362,0.06
219363,0.01
219364,0.0
219365,0.0
219366,0.04
219367,0.01
219368,0.01
219369,0.0
219370,0.0
219371,0.0
219372,0.09
219373,0.0
219374,0.0
219375,0.02
219376,0.0
219377,0.02
219378,0.0
219379,0.04
219380,0.01
219381,0.02
219382,0.0
219383,0.16
219384,0.53
219385,0.7
219386,0.09
219387,0.0
219388,0.02
219389,0.0
219390,0.0
219391,0.03
219392,0.02
219393,0.0
219394,0.06
219395,0.02
219396,0.01
219397,0.01
219398,0.0
219399,0.0
219400,0.01
219401,0.02
219402,0.64
219403,0.04
219404,0.01
219405,0.05
219406,0.2
219407,0.0
219408,0.95
219409,0.06
219410,0.03
219411,0.0
219412,1.0
219413,0.09
219414,0.02
219415,0.02
219416,0.18
219417,0.01
219418,0.01
219419,0.0
219420,0.93
219421,0.0
219422,0.04
219423,0.01
219424,0.04
219425,0.01
219426,0.01
219427,0.03
219428,0.02
219429,0.0
219430,0.02
219431,0.07
219432,0.0
219433,0.0
219434,0.0
219435,0.0
219436,0.61
219437,0.02
219438,0.01
219439,0.01
219440,0.0
219441,0.06
219442,0.01
219443,0.0
219444,0.22
219445,0.03
219446,0.04
219447,0.0
219448,0.01
219449,0.0
219450,0.04
219451,0.0
219452,0.0
219453,0.01
219454,0.04
219455,0.0
219456,0.02
219457,0.0
219458,0.15
219459,0.7
219460,0.03
219461,0.2333333333333333
219462,0.07
219463,0.0
219464,0.0
219465,0.0
219466,0.01
219467,0.0
219468,0.02
219469,0.01
219470,0.02
219471,0.0
219472,0.06
219473,0.07
219474,0.06
219475,0.05
219476,0.0
219477,0.02
219478,0.01
219479,0.06
219480,0.0
219481,0.06
219482,0.1
219483,0.03
219484,0.02
219485,0.02
219486,0.01
219487,0.0
219488,0.0
219489,0.01
219490,0.01
219491,0.03
219492,0.03
219493,0.19
219494,0.0
219495,0.01
219496,0.01
219497,0.02
219498,0.04
219499,0.01
219500,0.02
219501,0.05
219502,0.0
219503,0.01
219504,0.96
219505,0.0
219506,0.23
219507,0.01
219508,0.01
219509,0.01
219510,0.0
219511,0.72
219512,0.02
219513,0.04
219514,0.0
219515,0.0
219516,0.06
219517,0.02
219518,0.0
219519,0.0
219520,0.04
219521,0.2
219522,0.02
219523,0.03
219524,0.02
219525,0.01
219526,0.01
219527,0.01
219528,0.76
219529,0.02
219530,0.02
219531,0.01
219532,0.01
219533,0.0
219534,0.0
219535,0.05
219536,0.01
219537,0.04
219538,0.01
219539,0.0
219540,0.01
219541,0.16
219542,0.0
219543,0.02
219544,0.01
219545,0.0
219546,0.0
219547,0.01
219548,0.03
219549,0.16
219550,0.01
219551,0.0
219552,0.06
219553,0.02
219554,0.0
219555,0.03
219556,0.03
219557,0.01
219558,0.02333333333333333
219559,0.01
219560,0.01
219561,0.02
219562,0.54
219563,0.0
219564,0.0
219565,0.05
219566,0.02
219567,0.08
219568,0.01
219569,0.01
219570,0.01
219571,0.0
219572,0.03
219573,0.0
219574,0.0
219575,0.21
219576,0.0
219577,0.085
219578,0.01
219579,0.0
219580,0.0
219581,0.01
219582,0.01
219583,0.01
219584,0.01
219585,0.17
219586,0.02
219587,0.0
219588,0.01
219589,0.09
219590,0.44
219591,0.03
219592,0.03
219593,0.0
219594,0.03
219595,0.01
219596,0.39
219597,0.02
219598,0.05
219599,0.0
219600,0.0
219601,0.54
219602,0.29
219603,0.0
219604,0.03
219605,0.0
219606,0.35
219607,0.01
219608,0.0
219609,0.21
219610,0.0
219611,0.01
219612,0.0
219613,0.01
219614,0.01
219615,0.03
219616,0.0
219617,0.01
219618,0.01
219619,0.0
219620,0.12
219621,0.01
219622,0.01
219623,0.0
219624,0.01
219625,0.0
219626,0.49
219627,0.01
219628,0.02
219629,0.06
219630,0.02
219631,0.05
219632,0.0
219633,0.04
219634,0.03
219635,0.01
219636,0.1
219637,0.01
219638,0.13
219639,0.004
219640,0.0
219641,0.03
219642,0.06
219643,0.02
219644,0.0
219645,0.0
219646,0.03
219647,0.02
219648,0.0
219649,0.03
219650,0.0
219651,0.03
219652,0.04
219653,0.01
219654,0.06
219655,0.0
219656,0.0
219657,0.01
219658,0.04
219659,0.0
219660,0.03
219661,0.0
219662,0.04
219663,0.09
219664,0.01
219665,0.01
219666,0.01
219667,0.33
219668,0.21
219669,0.02
219670,0.02
219671,0.88
219672,0.0
219673,0.0
219674,0.03
219675,0.0
219676,0.12
219677,0.0
219678,0.12
219679,0.01
219680,0.01
219681,0.03
219682,0.02
219683,0.14
219684,0.52
219685,0.0
219686,0.0
219687,0.04
219688,0.0
219689,0.0
219690,0.25
219691,0.0
219692,0.02
219693,0.0
219694,0.0
219695,0.0
219696,0.01
219697,0.11
219698,0.25
219699,0.07
219700,0.02
219701,0.0
219702,0.03
219703,0.0
219704,0.0
219705,0.01
219706,0.05
219707,0.0
219708,0.0
219709,0.0
219710,0.02
219711,0.01
219712,0.41
219713,0.0
219714,0.03
219715,0.0
219716,0.01
219717,0.0
219718,0.03
219719,0.0
219720,0.1
219721,0.0
219722,0.0
219723,0.03
219724,0.01
219725,0.0
219726,0.01
219727,0.07
219728,0.01
219729,0.05
219730,0.0
219731,0.0
219732,0.01
219733,0.05
219734,0.0
219735,0.03
219736,0.01
219737,0.01
219738,0.38
219739,0.21
219740,0.07
219741,0.02
219742,0.0
219743,0.01
219744,0.0
219745,0.0
219746,0.02
219747,0.06
219748,0.04
219749,0.91
219750,0.02
219751,0.5
219752,0.0
219753,0.0
219754,0.02
219755,0.0
219756,0.0
219757,0.0
219758,0.01
219759,0.05
219760,0.0
219761,0.14
219762,0.05
219763,0.96
219764,0.01
219765,0.05
219766,0.71
219767,0.03
219768,0.0
219769,0.02
219770,0.03
219771,0.0
219772,0.0
219773,0.02
219774,0.13
219775,0.03
219776,0.03
219777,0.01
219778,0.04
219779,0.12
219780,0.01
219781,0.03
219782,0.01
219783,0.0
219784,0.01
219785,0.13
219786,0.02
219787,0.02
219788,0.07
219789,0.05
219790,0.01
219791,0.02
219792,0.14
219793,0.0
219794,0.03
219795,0.02
219796,0.02
219797,0.02
219798,0.05
219799,0.03
219800,0.0
219801,0.0
219802,0.0
219803,0.0
219804,0.02
219805,0.32
219806,0.0
219807,0.0
219808,0.03
219809,0.23
219810,0.05
219811,0.14
219812,0.0
219813,0.0
219814,0.0
219815,0.0
219816,0.0
219817,0.0
219818,0.0
219819,0.1
219820,0.03
219821,0.0
219822,0.0
219823,0.0
219824,0.02
219825,0.12
219826,0.0
219827,0.01
219828,0.02
219829,0.02
219830,0.02
219831,0.0
219832,0.0
219833,0.0
219834,0.02
219835,0.47
219836,0.0
219837,0.0
219838,0.01
219839,0.0
219840,0.0
219841,0.05
219842,0.0
219843,0.01
219844,0.02
219845,0.01
219846,0.12
219847,0.0
219848,0.01
219849,0.01
219850,0.0
219851,0.36
219852,0.2
219853,0.0
219854,0.2
219855,0.0
219856,0.05
219857,0.0
219858,0.06
219859,0.02
219860,0.53
219861,0.14
219862,0.0
219863,0.0
219864,0.01
219865,0.0
219866,0.22
219867,0.06
219868,0.07
219869,0.01
219870,0.04
219871,0.03
219872,0.03
219873,0.0
219874,0.0
219875,0.01
219876,0.0
219877,0.03
219878,0.01
219879,0.21
219880,0.02
219881,0.01
219882,0.25
219883,0.09
219884,0.0
219885,0.01
219886,0.0
219887,0.04
219888,0.01
219889,0.15
219890,0.01
219891,0.02
219892,0.04
219893,0.0
219894,0.02
219895,0.01
219896,0.0
219897,0.66
219898,0.03
219899,0.0
219900,0.14
219901,0.01
219902,0.06
219903,0.0
219904,0.48
219905,0.01
219906,0.0
219907,0.0
219908,0.1
219909,0.02
219910,0.04
219911,0.15
219912,0.02
219913,0.0
219914,0.63
219915,0.02
219916,0.06
219917,0.02
219918,0.0
219919,0.0
219920,0.06
219921,0.0
219922,0.0
219923,0.01
219924,0.02
219925,0.26
219926,0.01
219927,0.0
219928,0.0
219929,0.0
219930,0.01
219931,0.06
219932,0.05
219933,0.0
219934,0.01
219935,0.04
219936,0.13
219937,0.0
219938,0.01
219939,0.0
219940,0.0
219941,0.0
219942,0.04
219943,0.02
219944,0.02
219945,0.05
219946,0.0
219947,0.03
219948,0.01
219949,0.05
219950,0.25
219951,0.0
219952,0.18
219953,0.0
219954,0.0
219955,0.01
219956,0.0
219957,0.03
219958,0.06
219959,0.03
219960,0.0
219961,0.0
219962,0.01
219963,0.01
219964,0.02
219965,0.01
219966,0.01
219967,0.0
219968,0.01
219969,0.0
219970,0.01
219971,0.61
219972,0.0
219973,0.01
219974,0.02
219975,0.0
219976,0.02
219977,0.02
219978,0.09
219979,0.0
219980,0.0
219981,0.49
219982,0.0
219983,0.01
219984,0.07
219985,0.01
219986,0.0
219987,0.02
219988,0.0
219989,0.0
219990,0.0
219991,0.0
219992,0.03
219993,0.0
219994,0.06
219995,0.0
219996,0.0
219997,0.0
219998,0.0
219999,0.0
220000,0.02
220001,0.59
220002,0.0
220003,0.0
220004,0.01
220005,0.01
220006,0.11
220007,0.01
220008,0.0
220009,0.02
220010,0.01
220011,0.01
220012,0.0
220013,0.03
220014,0.02
220015,0.05
220016,0.0
220017,0.02
220018,0.23
220019,0.07
220020,0.03
220021,0.02
220022,0.08
220023,0.03
220024,0.0
220025,0.01
220026,0.01
220027,0.0
220028,0.03
220029,0.01
220030,0.03
220031,0.02
220032,0.02
220033,0.43
220034,0.0
220035,0.01
220036,0.01
220037,0.02
220038,0.03
220039,0.13
220040,0.03
220041,0.11
220042,0.6
220043,0.11
220044,0.01
220045,0.01
220046,0.0
220047,0.02
220048,0.03
220049,0.02
220050,0.01
220051,0.01
220052,0.2
220053,0.01
220054,0.15
220055,0.08
220056,0.03
220057,0.02
220058,0.02
220059,0.01
220060,0.0
220061,0.0
220062,0.04
220063,0.01
220064,0.09
220065,0.0
220066,0.02
220067,0.01
220068,0.0
220069,0.01
220070,0.22
220071,0.14
220072,0.0
220073,0.05
220074,0.04
220075,0.48
220076,0.03
220077,0.0
220078,0.0
220079,0.0
220080,0.01
220081,0.0
220082,0.0
220083,0.03
220084,0.01
220085,0.05
220086,0.01
220087,0.17
220088,0.26
220089,0.01
220090,0.03
220091,0.02
220092,0.07
220093,0.01
220094,0.01
220095,0.03
220096,0.03
220097,0.01
220098,0.02
220099,0.02
220100,0.0
220101,0.0
220102,0.0
220103,0.04
220104,0.01
220105,0.2
220106,0.0
220107,0.0
220108,0.01
220109,0.03
220110,0.01
220111,0.17
220112,0.0
220113,0.07
220114,0.07
220115,0.11
220116,0.05
220117,0.0
220118,0.01
220119,0.01
220120,0.01
220121,0.02
220122,0.07
220123,0.27
220124,0.01
220125,0.06
220126,0.0
220127,0.0
220128,0.0
220129,0.01
220130,0.02
220131,0.0
220132,0.01
220133,0.04
220134,0.0
220135,0.02
220136,0.04
220137,0.03
220138,0.01
220139,0.0925
220140,0.35
220141,0.1
220142,0.01
220143,0.0
220144,0.62
220145,0.01
220146,0.39
220147,0.05
220148,0.8
220149,0.02
220150,0.0
220151,0.84
220152,0.01
220153,0.03
220154,0.02
220155,0.94
220156,0.04
220157,0.02
220158,0.02
220159,0.0
220160,0.0
220161,0.0
220162,0.0
220163,0.45
220164,0.58
220165,0.03
220166,0.02
220167,0.04
220168,0.01
220169,0.2
220170,0.01
220171,0.02
220172,0.0
220173,0.0
220174,0.0
220175,0.02
220176,0.01
220177,0.01
220178,0.04
220179,0.0
220180,0.2
220181,0.02
220182,0.0
220183,0.04
220184,0.0
220185,0.01
220186,0.0
220187,0.0
220188,0.0
220189,0.0
220190,0.02
220191,0.0
220192,0.02
220193,0.0
220194,0.03
220195,0.0
220196,0.02
220197,0.02
220198,0.01
220199,0.17
220200,0.02
220201,0.09
220202,0.03
220203,0.01
220204,0.02
220205,0.01
220206,0.0
220207,0.02
220208,0.0
220209,0.05
220210,0.0
220211,0.32
220212,0.04
220213,0.01
220214,0.02
220215,0.0
220216,0.0
220217,0.04
220218,0.0
220219,0.11
220220,0.06
220221,0.01
220222,0.01
220223,0.0
220224,0.01
220225,0.0
220226,0.0
220227,0.04933333333333333
220228,0.01
220229,0.02
220230,0.0
220231,0.03
220232,0.02
220233,0.0
220234,0.0
220235,0.03
220236,0.0
220237,0.01
220238,0.01
220239,0.02
220240,0.01
220241,0.22
220242,0.09
220243,0.0
220244,0.05
220245,0.0
220246,0.06
220247,0.02
220248,0.21
220249,0.03
220250,0.09
220251,0.02
220252,0.05
220253,0.02
220254,0.02
220255,0.04
220256,0.01
220257,0.02
220258,0.05
220259,0.01
220260,0.06
220261,0.0
220262,0.01
220263,0.0
220264,0.01
220265,0.04
220266,0.0
220267,0.04
220268,0.0
220269,0.0
220270,0.0
220271,0.01
220272,0.01
220273,0.03
220274,0.1
220275,0.03
220276,0.0
220277,0.03
220278,0.06
220279,0.01
220280,0.25
220281,0.02
220282,0.0
220283,0.07
220284,0.0
220285,0.17
220286,0.04
220287,0.0
220288,0.0
220289,0.02
220290,0.08
220291,0.02
220292,0.0
220293,0.0
220294,0.09
220295,0.02
220296,0.06
220297,0.01
220298,0.0
220299,0.0
220300,0.02
220301,0.0
220302,0.0
220303,0.67
220304,0.02
220305,0.05
220306,0.08
220307,0.02
220308,0.01
220309,0.0
220310,0.02
220311,0.02
220312,0.01
220313,0.0
220314,0.01
220315,0.01
220316,0.01
220317,0.0
220318,0.0
220319,0.01
220320,0.02
220321,0.05
220322,0.02
220323,0.04
220324,0.02
220325,0.01
220326,0.02
220327,0.02
220328,0.03
220329,0.06
220330,0.13
220331,0.0
220332,0.0
220333,0.0
220334,0.03
220335,0.09
220336,0.01
220337,0.01
220338,0.01
220339,0.14
220340,0.0
220341,0.03
220342,0.0
220343,0.09
220344,0.0
220345,0.86
220346,0.01
220347,0.04
220348,0.01
220349,0.05
220350,0.01
220351,0.14
220352,0.04
220353,0.01
220354,0.06
220355,0.11
220356,0.0
220357,0.0
220358,0.0
220359,0.0
220360,0.2
220361,0.02
220362,0.14
220363,0.01
220364,0.06
220365,0.01
220366,0.06
220367,0.06
220368,0.01
220369,0.0
220370,0.19
220371,0.0
220372,0.0
220373,0.0
220374,0.02
220375,0.01
220376,0.02
220377,0.01
220378,0.07
220379,0.0
220380,0.02
220381,0.02
220382,0.04
220383,0.01
220384,0.0
220385,0.01
220386,0.08
220387,0.02
220388,0.02
220389,0.03
220390,0.01
220391,0.01
220392,0.0
220393,0.05
220394,0.0
220395,0.0
220396,0.02
220397,0.0
220398,0.01
220399,0.02
220400,0.04
220401,0.08
220402,0.1
220403,0.06
220404,0.08
220405,0.0
220406,0.01
220407,0.09
220408,0.04
220409,0.01
220410,0.02
220411,0.0
220412,0.02
220413,0.0
220414,0.0
220415,0.0
220416,0.02
220417,0.0
220418,0.11
220419,0.0
220420,0.03
220421,0.07
220422,0.0
220423,0.04
220424,0.0
220425,0.0
220426,0.01
220427,0.0
220428,0.03
220429,0.08
220430,0.0
220431,0.0
220432,0.0
220433,0.13
220434,0.0
220435,0.03
220436,0.07
220437,0.06
220438,0.0
220439,0.0
220440,0.04
220441,0.02
220442,0.0
220443,0.78
220444,0.02
220445,0.06
220446,0.0
220447,0.01
220448,0.01
220449,0.02
220450,0.05
220451,0.03
220452,0.0
220453,0.0
220454,0.09
220455,0.01
220456,0.0
220457,0.0
220458,0.14
220459,0.13
220460,0.08
220461,0.0
220462,0.0
220463,0.0
220464,0.0
220465,0.0
220466,0.0
220467,0.02
220468,0.01
220469,0.05
220470,0.026666666666666665
220471,0.01
220472,0.0
220473,0.0
220474,0.05
220475,0.03
220476,0.08
220477,0.23
220478,0.1
220479,0.0
220480,0.0
220481,0.01
220482,0.0
220483,0.04
220484,0.02
220485,0.22
220486,0.0
220487,0.0
220488,0.01
220489,0.28
220490,0.01
220491,0.0
220492,0.03
220493,0.01
220494,0.03
220495,0.03
220496,0.0
220497,0.01
220498,0.0
220499,0.06
220500,0.0
220501,0.03
220502,0.06
220503,0.03
220504,0.1
220505,0.26
220506,0.02
220507,0.04
220508,0.01
220509,0.07
220510,0.03
220511,0.02
220512,0.0
220513,0.0
220514,0.02
220515,0.01
220516,0.01
220517,0.0
220518,0.0
220519,0.01
220520,0.0
220521,0.07
220522,0.07
220523,0.02
220524,0.0
220525,0.0
220526,0.31
220527,0.0
220528,0.03
220529,0.02
220530,0.0
220531,0.03
220532,0.01
220533,0.07
220534,0.04
220535,0.03
220536,0.37
220537,0.08
220538,0.1
220539,0.04
220540,0.03
220541,0.0
220542,0.02
220543,0.22
220544,0.65
220545,0.02
220546,0.0
220547,0.03
220548,0.02
220549,0.03
220550,0.01
220551,0.81
220552,0.01
220553,0.11
220554,0.0
220555,0.02
220556,0.08
220557,0.01
220558,0.21
220559,0.05
220560,0.04
220561,0.056666666666666664
220562,0.01
220563,0.07
220564,0.05
220565,0.0
220566,0.0
220567,0.0
220568,0.05
220569,0.0
220570,0.01
220571,0.01
220572,0.02
220573,0.03
220574,0.12
220575,0.06
220576,0.29
220577,0.0
220578,0.52
220579,0.2
220580,0.05
220581,0.02
220582,0.0
220583,0.01
220584,0.03
220585,0.0
220586,0.01
220587,0.0
220588,0.01
220589,0.01
220590,0.02
220591,0.0
220592,0.11
220593,0.27
220594,0.04
220595,0.02
220596,0.0
220597,0.04
220598,0.22
220599,0.02
220600,0.04
220601,0.0
220602,0.01
220603,0.87
220604,0.03
220605,0.02
220606,0.02
220607,0.03
220608,0.11
220609,0.02
220610,0.01
220611,0.05
220612,0.05
220613,0.0
220614,0.0
220615,0.03
220616,0.44
220617,0.48
220618,0.03
220619,0.01
220620,0.05
220621,0.0
220622,0.04
220623,0.0
220624,0.01
220625,0.07
220626,0.01
220627,0.04
220628,0.01
220629,0.06
220630,0.0
220631,0.03
220632,0.01
220633,0.0
220634,0.0
220635,0.58
220636,0.02
220637,0.01
220638,0.01
220639,0.02
220640,0.01
220641,0.02
220642,0.03
220643,0.01
220644,0.03
220645,0.02
220646,0.06
220647,0.0
220648,0.01
220649,0.0
220650,0.0
220651,0.0
220652,0.64
220653,0.29
220654,0.02
220655,0.12
220656,0.0
220657,0.01
220658,0.03
220659,0.01
220660,0.01
220661,0.01
220662,0.1
220663,0.05
220664,0.01
220665,0.0
220666,0.02
220667,0.02
220668,0.01
220669,0.02
220670,0.0
220671,0.01
220672,0.08
220673,0.0
220674,0.01
220675,0.13
220676,0.0
220677,0.0
220678,0.01
220679,0.0
220680,0.01
220681,0.02
220682,0.03
220683,0.02
220684,0.01
220685,0.12
220686,0.03
220687,0.01
220688,0.01
220689,0.01
220690,0.0
220691,0.01
220692,0.01
220693,0.0
220694,0.0
220695,0.02
220696,0.01
220697,0.01
220698,0.02
220699,0.03
220700,0.0
220701,0.01
220702,0.0
220703,0.0
220704,0.01
220705,0.03
220706,0.01
220707,0.0
220708,0.01
220709,0.01
220710,0.0
220711,0.0
220712,0.02
220713,0.02
220714,0.07
220715,0.02
220716,0.01
220717,0.04
220718,0.06
220719,0.01
220720,0.02
220721,0.01
220722,0.03
220723,0.03
220724,0.18
220725,0.02
220726,0.0
220727,0.01
220728,0.32
220729,0.0
220730,0.0
220731,0.02
220732,0.02
220733,0.0
220734,0.03
220735,0.0
220736,0.04
220737,0.0
220738,0.01
220739,0.25
220740,0.04
220741,0.0
220742,0.86
220743,0.0
220744,0.04
220745,0.18
220746,0.02
220747,0.1
220748,0.02
220749,0.0
220750,0.02
220751,0.04
220752,0.01
220753,0.0
220754,0.01
220755,0.0
220756,0.03
220757,0.01
220758,0.25166666666666665
220759,0.01
220760,0.0
220761,0.0
220762,0.05
220763,0.0
220764,0.05
220765,0.15
220766,0.48
220767,0.01
220768,0.2
220769,0.0
220770,0.0
220771,0.0
220772,0.0
220773,0.0
220774,0.03
220775,0.0
220776,0.14
220777,0.01
220778,0.94
220779,0.01
220780,0.2
220781,0.02
220782,0.01
220783,0.0
220784,0.01
220785,0.01
220786,0.02
220787,0.0
220788,0.05
220789,0.0
220790,0.0
220791,0.01
220792,0.06
220793,0.01
220794,0.0
220795,0.01
220796,0.05
220797,0.0
220798,0.0
220799,0.02
220800,0.0
220801,0.0
220802,0.01
220803,0.04
220804,0.02
220805,0.0
220806,0.05
220807,0.01
220808,0.03
220809,0.01
220810,0.09
220811,0.01
220812,0.02
220813,0.01
220814,0.04
220815,0.5
220816,0.0
220817,0.16
220818,0.03
220819,0.0
220820,0.01
220821,0.04
220822,0.0
220823,0.0
220824,0.0
220825,0.0
220826,0.01
220827,0.18
220828,0.02
220829,0.01
220830,0.02
220831,0.0
220832,0.01
220833,0.0
220834,0.0
220835,0.01
220836,0.89
220837,0.0
220838,0.01
220839,0.01
220840,0.0
220841,0.0
220842,0.0
220843,0.05
220844,0.01
220845,0.02
220846,0.05
220847,0.07
220848,0.01
220849,0.01
220850,0.01
220851,0.19
220852,0.21
220853,0.0
220854,0.0
220855,0.01
220856,0.01
220857,0.7
220858,0.64
220859,0.02
220860,0.03
220861,0.02
220862,0.0
220863,0.02
220864,0.0
220865,0.03
220866,0.0
220867,0.85
220868,0.0
220869,0.01
220870,0.01
220871,0.03
220872,0.02
220873,0.03
220874,0.0
220875,0.02
220876,0.02
220877,0.0
220878,0.75
220879,0.0
220880,0.0
220881,0.0
220882,0.0
220883,0.0
220884,0.06
220885,0.02
220886,0.0
220887,0.3
220888,0.01
220889,0.0
220890,0.02
220891,0.16
220892,0.75
220893,0.01
220894,0.01
220895,0.07
220896,0.05
220897,0.01
220898,0.01
220899,0.0
220900,0.02
220901,0.01
220902,0.13
220903,0.0
220904,0.0
220905,0.35
220906,0.03
220907,0.02
220908,0.0
220909,0.0
220910,0.0
220911,0.7
220912,0.02
220913,0.0
220914,0.06
220915,0.01
220916,0.0
220917,0.0
220918,0.06
220919,0.03
220920,0.01
220921,0.29
220922,0.0
220923,0.02
220924,0.0
220925,0.06
220926,0.0
220927,0.0
220928,0.0
220929,0.05
220930,0.05
220931,0.0
220932,0.07
220933,0.0
220934,0.01
220935,0.01
220936,0.46
220937,0.02
220938,0.02
220939,0.02
220940,0.08
220941,0.09
220942,0.0
220943,0.02
220944,0.03
220945,0.01
220946,0.03
220947,0.04
220948,0.0
220949,0.02
220950,0.05
220951,0.01
220952,0.04
220953,0.01
220954,0.01
220955,0.03
220956,0.0
220957,0.0
220958,0.01
220959,0.0
220960,0.02
220961,0.01
220962,0.01
220963,0.02
220964,0.0
220965,0.03
220966,0.06
220967,0.03
220968,0.03
220969,0.01
220970,0.05
220971,0.01
220972,0.02
220973,0.01
220974,0.01
220975,0.11
220976,0.0
220977,0.209
220978,0.0
220979,0.0
220980,0.0
220981,0.5
220982,0.0
220983,0.03
220984,0.0
220985,0.0
220986,0.0
220987,0.03
220988,0.0
220989,0.02
220990,0.05
220991,0.04
220992,0.1
220993,0.02
220994,0.01
220995,0.25
220996,0.0
220997,0.05
220998,0.14
220999,0.88
221000,0.01
221001,0.0
221002,0.94
221003,0.01
221004,0.0
221005,0.0
221006,0.0
221007,0.08
221008,0.17
221009,0.09
221010,0.04
221011,0.0
221012,0.02
221013,0.0
221014,0.01
221015,0.02
221016,0.0
221017,0.09
221018,0.04
221019,0.01
221020,0.0
221021,0.0
221022,0.09
221023,0.0
221024,0.16
221025,0.0
221026,0.0
221027,0.0
221028,0.0
221029,0.03
221030,0.02
221031,0.02
221032,0.0
221033,0.01
221034,0.04
221035,0.04
221036,0.0
221037,0.01
221038,0.0
221039,0.01
221040,0.0
221041,0.77
221042,0.01
221043,0.0
221044,0.01
221045,0.0
221046,0.0
221047,0.0
221048,0.09
221049,0.0
221050,0.0
221051,0.02
221052,0.02
221053,0.01
221054,0.0
221055,0.06
221056,0.01
221057,0.03
221058,0.0
221059,0.0
221060,0.07
221061,0.0
221062,0.03
221063,0.01
221064,0.0
221065,0.0
221066,0.0
221067,0.0
221068,0.0
221069,0.0
221070,0.01
221071,0.0
221072,0.04
221073,0.07
221074,0.78
221075,0.01
221076,0.02
221077,0.01
221078,0.32
221079,0.93
221080,0.26
221081,0.07
221082,0.02
221083,0.03
221084,0.01
221085,0.32
221086,0.0
221087,0.03
221088,0.33
221089,0.0
221090,0.01
221091,0.0
221092,0.0
221093,0.02
221094,0.05
221095,0.0
221096,0.05
221097,0.02
221098,0.03
221099,0.01
221100,0.02
221101,0.05
221102,0.01
221103,0.0
221104,0.01
221105,0.0
221106,0.44
221107,0.02
221108,0.0
221109,0.0
221110,0.06
221111,0.0
221112,0.0
221113,0.01
221114,0.01
221115,0.03
221116,0.25
221117,0.11
221118,0.0
221119,0.13
221120,0.04
221121,0.01
221122,0.0
221123,0.05
221124,0.04
221125,0.03
221126,0.01
221127,0.02
221128,0.0
221129,0.01
221130,0.0
221131,0.01
221132,0.13
221133,0.33
221134,0.01
221135,0.0
221136,0.01
221137,0.0
221138,0.0
221139,0.01
221140,0.0
221141,0.0
221142,0.06
221143,0.01
221144,0.02
221145,0.03
221146,0.01
221147,0.02
221148,0.01
221149,0.0
221150,0.02
221151,0.01
221152,0.03
221153,0.54
221154,0.18
221155,0.0
221156,0.0175
221157,0.05
221158,0.0
221159,0.02
221160,0.01
221161,0.55
221162,0.04
221163,0.03
221164,0.0
221165,0.2
221166,0.0
221167,0.02
221168,0.28
221169,0.0
221170,0.0
221171,0.0
221172,0.02
221173,0.02
221174,0.01
221175,0.11
221176,0.01
221177,0.01
221178,0.0
221179,0.02
221180,0.0
221181,0.01
221182,0.0
221183,0.01
221184,0.01
221185,0.01
221186,0.04
221187,0.01
221188,0.0
221189,0.0
221190,0.01
221191,0.02
221192,0.81
221193,0.0
221194,0.03
221195,0.0
221196,0.0
221197,0.33
221198,0.0
221199,0.04
221200,0.01
221201,0.04
221202,0.15
221203,0.01
221204,0.02
221205,0.02
221206,0.02
221207,0.05
221208,0.0
221209,0.0
221210,0.02
221211,0.02
221212,0.0
221213,0.01
221214,0.03
221215,0.01
221216,0.06
221217,0.52
221218,0.0
221219,0.0
221220,0.68
221221,0.01
221222,0.02
221223,0.065
221224,0.01
221225,0.01
221226,0.0
221227,0.02
221228,0.01
221229,0.07
221230,0.0
221231,0.0
221232,0.129
221233,0.0
221234,0.01
221235,0.01
221236,0.0
221237,0.0
221238,0.02
221239,0.0
221240,0.6
221241,0.43
221242,0.0
221243,0.0
221244,0.02
221245,0.03
221246,0.0
221247,0.02
221248,0.08
221249,0.1
221250,0.0
221251,0.02
221252,0.0
221253,0.13
221254,0.01
221255,0.03
221256,0.02
221257,0.01
221258,0.56
221259,0.04
221260,0.01
221261,0.0
221262,0.01
221263,0.0
221264,0.0
221265,0.02
221266,0.81
221267,0.0
221268,0.0
221269,0.03
221270,0.62
221271,0.4
221272,0.0
221273,0.85
221274,0.01
221275,0.05
221276,0.03
221277,0.07
221278,0.03
221279,0.02
221280,0.01
221281,0.04
221282,0.02
221283,0.29
221284,0.66
221285,0.03
221286,0.03
221287,0.0
221288,0.0
221289,0.01
221290,0.16
221291,0.0
221292,0.05
221293,0.01
221294,0.0
221295,0.0
221296,0.01
221297,0.01
221298,0.0
221299,0.01
221300,0.0
221301,0.06
221302,0.01
221303,0.02
221304,0.0
221305,0.02
221306,0.01
221307,0.0
221308,0.19
221309,0.24
221310,0.46
221311,0.01
221312,0.11
221313,0.02
221314,0.0525
221315,0.01
221316,0.0
221317,0.02
221318,0.03
221319,0.1
221320,0.0
221321,0.0
221322,0.0
221323,0.02
221324,0.2
221325,0.0
221326,0.0
221327,0.04
221328,0.55
221329,0.0
221330,0.02
221331,0.0
221332,0.0
221333,0.79
221334,0.06
221335,0.06
221336,0.0
221337,0.02
221338,0.67
221339,0.03
221340,0.0
221341,0.0
221342,0.0
221343,0.0
221344,0.0
221345,0.1
221346,0.01
221347,0.0
221348,0.01
221349,0.01
221350,0.01
221351,0.04
221352,0.08
221353,0.02
221354,0.02
221355,0.0
221356,0.04
221357,0.0
221358,0.03
221359,0.01
221360,0.0
221361,0.03
221362,0.02
221363,0.0
221364,0.1
221365,0.06
221366,0.0
221367,0.03
221368,0.1
221369,0.0
221370,0.01
221371,0.52
221372,0.03
221373,0.0
221374,0.02
221375,0.01
221376,0.05
221377,0.0
221378,0.0
221379,0.01
221380,0.1
221381,0.0
221382,0.0
221383,0.01
221384,0.01
221385,0.01
221386,0.02
221387,0.0
221388,0.03
221389,0.01
221390,0.01
221391,0.03
221392,0.01
221393,0.0
221394,0.0
221395,0.03
221396,0.05
221397,0.0
221398,0.06
221399,0.03
221400,0.01
221401,0.0
221402,0.03
221403,0.03
221404,0.01
221405,0.0
221406,0.04
221407,0.01
221408,0.0
221409,0.01
221410,0.01
221411,0.84
221412,0.02
221413,0.01
221414,0.01
221415,0.01
221416,0.03
221417,0.79
221418,0.09
221419,0.02
221420,0.02
221421,0.0
221422,0.01
221423,0.0
221424,0.01
221425,0.0
221426,0.01
221427,0.0
221428,0.0
221429,0.01
221430,0.0
221431,0.07
221432,0.0
221433,0.0
221434,0.02
221435,0.01
221436,0.03
221437,0.01
221438,0.57
221439,0.04
221440,0.0
221441,0.09
221442,0.0
221443,0.01
221444,0.01
221445,0.01
221446,0.02
221447,0.28
221448,0.0
221449,0.92
221450,0.22
221451,0.0
221452,0.08
221453,0.0
221454,0.1
221455,0.73
221456,0.02
221457,0.05
221458,0.04
221459,0.0
221460,0.01
221461,0.0
221462,0.02
221463,0.08
221464,0.01
221465,0.01
221466,0.01
221467,0.03
221468,0.0
221469,0.05
221470,0.0
221471,0.38
221472,0.0
221473,0.0
221474,0.16
221475,0.05
221476,0.0
221477,0.0
221478,0.05
221479,0.01
221480,0.02
221481,0.0
221482,0.05
221483,0.09
221484,0.04
221485,0.34
221486,0.06
221487,0.02
221488,0.0
221489,0.51
221490,0.0
221491,0.01
221492,0.0
221493,0.0
221494,0.0
221495,0.1
221496,0.01
221497,0.01
221498,0.0
221499,0.01
221500,0.01
221501,0.05
221502,0.01
221503,0.01
221504,0.0
221505,0.02
221506,0.12
221507,0.0
221508,0.01
221509,0.04
221510,0.11
221511,0.02
221512,0.0
221513,0.01
221514,0.02
221515,0.49
221516,0.05
221517,0.05
221518,0.02
221519,0.02
221520,0.02
221521,0.03
221522,0.0
221523,0.16
221524,0.14
221525,0.01
221526,0.0
221527,0.01
221528,0.0
221529,0.0
221530,0.0
221531,0.0
221532,0.02
221533,0.0
221534,0.09
221535,0.01
221536,0.01
221537,0.01
221538,0.01
221539,0.1
221540,0.0
221541,0.04
221542,0.28
221543,0.01
221544,0.14
221545,0.05
221546,0.0
221547,0.03
221548,0.29
221549,0.18
221550,0.0
221551,0.03
221552,0.0
221553,0.0
221554,0.02
221555,0.02
221556,0.05
221557,0.0
221558,0.0
221559,0.0
221560,0.13
221561,0.02
221562,0.03
221563,0.0
221564,0.01
221565,0.0
221566,0.02
221567,0.01
221568,0.01
221569,0.02
221570,0.08
221571,0.04
221572,0.0
221573,0.04
221574,0.03
221575,0.04
221576,0.02
221577,0.02
221578,0.01
221579,0.02
221580,0.86
221581,0.01
221582,0.01
221583,0.01
221584,0.0
221585,0.0
221586,0.0
221587,0.0
221588,0.0
221589,0.02
221590,0.0
221591,0.01
221592,0.01
221593,0.04
221594,0.0
221595,0.0
221596,0.01
221597,0.0
221598,0.02
221599,0.04
221600,0.01
221601,0.0
221602,0.03
221603,0.16
221604,0.04
221605,0.0
221606,0.0
221607,0.0
221608,0.33
221609,0.12
221610,0.04
221611,0.0
221612,0.03
221613,0.0
221614,0.01
221615,0.05
221616,0.02
221617,0.01
221618,0.0
221619,0.04
221620,0.08
221621,0.09
221622,0.0
221623,0.0
221624,0.01
221625,0.53
221626,0.02
221627,0.01
221628,0.0
221629,0.02
221630,0.0
221631,0.02
221632,0.02
221633,0.01
221634,0.0
221635,0.01
221636,0.04
221637,0.72
221638,0.02
221639,0.01
221640,0.0
221641,0.01
221642,0.0
221643,0.01
221644,0.02
221645,0.0
221646,0.0
221647,0.01
221648,0.0
221649,0.0
221650,0.0
221651,0.0
221652,0.19
221653,0.01
221654,0.02
221655,0.0
221656,0.04
221657,0.07
221658,0.0
221659,0.0
221660,0.0
221661,0.06
221662,0.0
221663,0.0
221664,0.02
221665,0.03
221666,0.0
221667,0.01
221668,0.0
221669,0.0
221670,0.0
221671,0.0
221672,0.13
221673,0.02
221674,0.29
221675,0.0
221676,0.0
221677,0.07
221678,0.0
221679,0.33
221680,0.03
221681,0.04
221682,0.09
221683,0.03
221684,0.01
221685,0.01
221686,0.86
221687,0.0
221688,0.35
221689,0.01
221690,0.04
221691,0.0
221692,0.0
221693,0.03
221694,0.03
221695,0.01
221696,0.01
221697,0.26
221698,0.04
221699,0.0
221700,0.01
221701,0.0
221702,0.04
221703,0.0
221704,0.0
221705,0.12
221706,0.01
221707,0.87
221708,0.03
221709,0.02
221710,0.0
221711,0.0
221712,0.0
221713,0.01
221714,0.0
221715,0.6
221716,0.0
221717,0.0
221718,0.03
221719,0.0
221720,0.0
221721,0.01
221722,0.0
221723,0.0
221724,0.02
221725,0.38
221726,0.0
221727,0.02
221728,0.03
221729,0.0
221730,0.02
221731,0.01
221732,0.0
221733,0.06
221734,0.22
221735,0.19
221736,0.01
221737,0.01
221738,0.03
221739,0.0
221740,0.03
221741,0.0
221742,0.01
221743,0.05
221744,0.02
221745,0.04
221746,0.01
221747,0.06
221748,0.03
221749,0.0
221750,0.04
221751,0.0
221752,0.03
221753,0.0
221754,0.0
221755,0.65
221756,0.195
221757,0.0
221758,0.01
221759,0.01
221760,0.08
221761,0.78
221762,0.11
221763,0.01
221764,0.01
221765,0.0
221766,0.0
221767,0.01
221768,0.2
221769,0.01
221770,0.0
221771,0.0
221772,0.05
221773,0.0
221774,0.0
221775,0.04
221776,0.0
221777,0.98
221778,0.0
221779,0.05
221780,0.02
221781,0.25
221782,0.01
221783,0.03
221784,0.0
221785,0.01
221786,0.02
221787,0.0
221788,0.01
221789,0.0
221790,0.0
221791,0.01
221792,0.17
221793,0.02
221794,0.02
221795,0.01
221796,0.0
221797,0.01
221798,0.04
221799,0.73
221800,0.0
221801,0.0
221802,0.06
221803,0.09
221804,0.01
221805,0.0
221806,0.06
221807,0.01
221808,0.01
221809,0.02
221810,0.05
221811,0.02
221812,0.0
221813,0.01
221814,0.02
221815,0.03
221816,0.01
221817,0.0
221818,0.04
221819,0.03
221820,0.01
221821,0.02
221822,0.46
221823,0.01
221824,0.02
221825,0.0
221826,0.0
221827,0.02
221828,0.04
221829,0.0
221830,0.02
221831,0.03
221832,0.01
221833,0.07
221834,0.0
221835,0.0
221836,0.0
221837,0.02
221838,0.02
221839,0.0
221840,0.01
221841,0.03
221842,0.03
221843,0.32
221844,0.02
221845,0.01
221846,0.85
221847,0.0
221848,0.02
221849,0.0
221850,0.02
221851,0.01
221852,0.0
221853,0.0
221854,0.02
221855,0.02
221856,0.01
221857,0.01
221858,0.02
221859,0.01
221860,0.02
221861,0.68
221862,0.02
221863,0.02
221864,0.01
221865,0.0
221866,0.02
221867,0.04
221868,0.0
221869,0.0
221870,0.0
221871,0.09
221872,0.0
221873,0.02
221874,0.0
221875,0.0
221876,0.0
221877,0.01
221878,0.0
221879,0.0
221880,0.02
221881,0.3
221882,0.02
221883,0.74
221884,0.0
221885,0.01
221886,0.11
221887,0.0
221888,0.0
221889,0.0
221890,0.04
221891,0.0
221892,0.02
221893,0.17
221894,0.0
221895,0.0
221896,0.06
221897,0.01
221898,0.01
221899,0.15
221900,0.08
221901,0.01
221902,0.0
221903,0.0
221904,0.02
221905,0.03
221906,0.0
221907,0.0
221908,0.02
221909,0.04
221910,0.12
221911,0.04
221912,0.03
221913,0.01
221914,0.02
221915,0.88
221916,0.0
221917,0.03
221918,0.04
221919,0.0
221920,0.03
221921,0.03
221922,0.0
221923,0.0
221924,0.0
221925,0.01
221926,0.04
221927,0.06
221928,0.02
221929,0.02
221930,0.02
221931,0.0
221932,0.09
221933,0.0
221934,0.0
221935,0.0
221936,0.05
221937,0.0
221938,0.01
221939,0.02
221940,0.0
221941,0.01
221942,0.03
221943,0.05
221944,0.02
221945,0.05
221946,0.1
221947,0.02
221948,0.0
221949,0.0
221950,0.0
221951,0.03
221952,0.57
221953,0.02
221954,0.01
221955,0.01
221956,0.05
221957,0.03
221958,0.07
221959,0.0
221960,0.11
221961,0.01
221962,0.01
221963,0.02
221964,0.05
221965,0.03
221966,0.01
221967,0.0
221968,0.0
221969,0.08
221970,0.7
221971,0.01
221972,0.47
221973,0.0
221974,0.02
221975,0.0
221976,0.0
221977,0.18
221978,0.01
221979,0.06
221980,0.01
221981,0.45
221982,0.07
221983,0.02
221984,0.0
221985,0.01
221986,0.0
221987,0.06
221988,0.03
221989,0.0
221990,0.02
221991,0.02
221992,0.0
221993,0.82
221994,0.02
221995,0.02
221996,0.0
221997,0.02
221998,0.0
221999,0.04
222000,0.3
222001,0.14
222002,0.18
222003,0.01
222004,0.02
222005,0.01
222006,0.0
222007,0.0
222008,0.0
222009,0.01
222010,0.06
222011,0.0
222012,0.86
222013,0.0
222014,0.0
222015,0.02
222016,0.02
222017,0.11
222018,0.02
222019,0.38
222020,0.01
222021,0.01
222022,0.53
222023,0.0
222024,0.0
222025,0.01
222026,0.03
222027,0.06
222028,0.0
222029,0.0
222030,0.01
222031,0.02
222032,0.02
222033,0.55
222034,0.0
222035,0.04
222036,0.01
222037,0.03
222038,0.0
222039,0.01
222040,0.0
222041,0.01
222042,0.02
222043,0.0
222044,0.01
222045,0.0
222046,0.03
222047,0.0
222048,0.05
222049,0.0
222050,0.02
222051,0.0
222052,0.01
222053,0.0
222054,0.0
222055,0.05
222056,0.0
222057,0.07
222058,0.04
222059,0.03
222060,0.02
222061,0.24
222062,0.01
222063,0.77
222064,0.02
222065,0.18
222066,0.07
222067,0.01
222068,0.1
222069,0.18
222070,0.01
222071,0.0
222072,0.01
222073,0.0
222074,0.04
222075,0.03
222076,0.01
222077,0.07
222078,0.0
222079,0.04
222080,0.02
222081,0.04
222082,0.01
222083,0.01
222084,0.04
222085,0.0
222086,0.01
222087,0.0
222088,0.05
222089,0.04
222090,0.01
222091,0.04
222092,0.0
222093,0.1
222094,0.02
222095,0.36
222096,0.18
222097,0.03
222098,0.01
222099,0.02
222100,0.0
222101,0.0
222102,0.01
222103,0.0
222104,0.02
222105,0.0
222106,0.01
222107,0.01
222108,0.0
222109,0.0
222110,0.02
222111,0.06
222112,0.0
222113,0.0
222114,0.0
222115,0.0
222116,0.0
222117,0.03
222118,0.0
222119,0.01
222120,0.01
222121,0.0
222122,0.02
222123,0.01
222124,0.04
222125,0.01
222126,0.0
222127,0.0
222128,0.0
222129,0.0
222130,0.0
222131,0.02
222132,0.23
222133,0.0
222134,0.02
222135,0.0
222136,0.01
222137,0.04
222138,0.02
222139,0.02
222140,0.0
222141,0.02
222142,0.01
222143,0.01
222144,0.02
222145,0.03
222146,0.61
222147,0.96
222148,0.01
222149,0.01
222150,0.03
222151,0.02
222152,0.02
222153,0.01
222154,0.04
222155,0.0
222156,0.01
222157,0.0
222158,0.0
222159,0.12
222160,0.01
222161,0.02
222162,0.02
222163,0.0
222164,0.01
222165,0.0
222166,0.01
222167,0.0
222168,0.01
222169,0.04
222170,0.01
222171,0.01
222172,0.18
222173,0.06
222174,0.05
222175,0.02
222176,0.0
222177,0.02
222178,0.0
222179,0.0
222180,0.02
222181,0.06
222182,0.0
222183,0.02
222184,0.09
222185,0.0
222186,0.01
222187,0.04
222188,0.0
222189,0.03
222190,0.05
222191,0.0
222192,0.01
222193,0.01
222194,0.8
222195,0.0
222196,0.01
222197,0.05
222198,0.0
222199,0.04
222200,0.01
222201,0.03
222202,0.02
222203,0.0
222204,0.0
222205,0.0
222206,0.0
222207,0.0
222208,0.88
222209,0.02
222210,0.0
222211,0.01
222212,0.06
222213,0.0
222214,0.58
222215,0.4
222216,0.0
222217,0.0
222218,0.0
222219,0.0
222220,0.0
222221,0.0
222222,0.02
222223,0.3
222224,0.01
222225,0.01
222226,0.01
222227,0.0
222228,0.0
222229,0.0
222230,0.0
222231,0.08
222232,0.01
222233,0.82
222234,0.01
222235,0.08
222236,0.17
222237,0.03
222238,0.03
222239,0.02
222240,0.0
222241,0.04
222242,0.01
222243,0.01
222244,0.25
222245,0.0
222246,0.0
222247,0.04
222248,0.0
222249,0.0
222250,0.0
222251,0.0
222252,0.41
222253,0.05
222254,0.0
222255,0.03
222256,0.0
222257,0.26
222258,0.01
222259,0.0
222260,0.07
222261,0.0
222262,0.0
222263,0.05
222264,0.0
222265,0.01
222266,0.0
222267,0.02
222268,0.0
222269,0.03
222270,0.0
222271,0.03
222272,0.0
222273,0.04
222274,0.0
222275,0.01
222276,0.03
222277,0.01
222278,0.01
222279,0.0
222280,0.04
222281,0.01
222282,0.05
222283,0.03
222284,0.01
222285,0.0
222286,0.01
222287,0.01
222288,0.04
222289,0.03
222290,0.0
222291,0.04
222292,0.06
222293,0.0
222294,0.14
222295,0.03
222296,0.02
222297,0.02
222298,0.01
222299,0.0
222300,0.02
222301,0.0
222302,0.03
222303,0.01
222304,0.0
222305,0.0
222306,0.02
222307,0.0
222308,0.0
222309,0.03
222310,0.0
222311,0.02
222312,0.0
222313,0.02
222314,0.04
222315,0.16
222316,0.07
222317,0.03
222318,0.01
222319,0.02
222320,0.0
222321,0.26
222322,0.02
222323,0.01
222324,0.0
222325,0.02
222326,0.0
222327,0.06
222328,0.02
222329,0.01
222330,0.01
222331,0.85
222332,0.05
222333,0.0
222334,0.31
222335,0.0
222336,0.05
222337,0.0
222338,0.01
222339,0.06
222340,0.05
222341,0.0
222342,0.02
222343,0.09
222344,0.05
222345,0.0
222346,0.02
222347,0.0
222348,0.05
222349,0.0
222350,0.05
222351,0.02
222352,0.0
222353,0.03
222354,0.0
222355,0.02
222356,0.03
222357,0.04
222358,0.16
222359,0.01
222360,0.04
222361,0.0
222362,0.0
222363,0.01
222364,0.01
222365,0.01
222366,0.79
222367,0.01
222368,0.0
222369,0.0
222370,0.02
222371,0.0
222372,0.01
222373,0.0
222374,0.03
222375,0.0
222376,0.0
222377,0.0
222378,0.0
222379,0.01
222380,0.0
222381,0.01
222382,0.0
222383,0.12
222384,0.11
222385,0.12
222386,0.0
222387,0.03
222388,0.0
222389,0.05
222390,0.0
222391,0.01
222392,0.3618333333333334
222393,0.01
222394,0.0
222395,0.05
222396,0.0
222397,0.04
222398,0.02
222399,0.04
222400,0.41
222401,0.46
222402,0.0
222403,0.02
222404,0.0
222405,0.07
222406,0.02
222407,0.01
222408,0.01
222409,0.08
222410,0.0
222411,0.01
222412,0.0
222413,0.02
222414,0.86
222415,0.04
222416,0.94
222417,0.01
222418,0.01
222419,0.0
222420,0.01
222421,0.04
222422,0.01
222423,0.33
222424,0.01
222425,0.0325
222426,0.0
222427,0.0
222428,0.01
222429,0.04
222430,0.01
222431,0.02
222432,0.01
222433,0.11
222434,0.0
222435,0.02
222436,0.0
222437,0.0
222438,0.0
222439,0.0
222440,0.0
222441,0.01
222442,0.02
222443,0.05
222444,0.0
222445,0.1
222446,0.07
222447,0.02
222448,0.0
222449,0.0
222450,0.01
222451,0.01
222452,0.03
222453,0.12
222454,0.11
222455,0.03
222456,0.0
222457,0.04
222458,0.0
222459,0.14
222460,0.0
222461,0.05
222462,0.0
222463,0.03
222464,0.05
222465,0.0
222466,0.0
222467,0.08
222468,0.0
222469,0.0
222470,0.09
222471,0.06
222472,0.03
222473,0.0
222474,0.0
222475,0.0
222476,0.0
222477,0.02
222478,0.165
222479,0.01
222480,0.02
222481,0.03
222482,0.0
222483,0.01
222484,0.05
222485,0.01
222486,0.01
222487,0.06
222488,0.01
222489,0.03
222490,0.01
222491,0.05
222492,0.0
222493,0.21
222494,0.05
222495,0.0
222496,0.0
222497,0.01
222498,0.0
222499,0.02
222500,0.0
222501,0.0
222502,0.04
222503,0.06
222504,0.02
222505,0.01
222506,0.0
222507,0.03
222508,0.0
222509,0.02
222510,0.01
222511,0.01
222512,0.04
222513,0.0
222514,0.01
222515,0.0
222516,0.08
222517,0.0
222518,0.11
222519,0.0125
222520,0.01
222521,0.0
222522,0.01
222523,0.0
222524,0.65
222525,0.0
222526,0.01
222527,0.0
222528,0.0
222529,0.01
222530,0.0
222531,0.0
222532,0.01
222533,0.07
222534,0.03
222535,0.01
222536,0.01
222537,0.02
222538,0.0
222539,0.0
222540,0.0
222541,0.03
222542,0.04
222543,0.01
222544,0.0
222545,0.04
222546,0.0
222547,0.0
222548,0.05
222549,0.21
222550,0.05
222551,0.01
222552,0.0
222553,0.04
222554,0.0
222555,0.04
222556,0.0
222557,0.64
222558,0.63
222559,0.03
222560,0.0
222561,0.0
222562,0.01
222563,0.0
222564,0.01
222565,0.03
222566,0.62
222567,0.0
222568,0.03
222569,0.01
222570,0.01
222571,0.01
222572,0.0
222573,0.0
222574,0.02
222575,0.08
222576,0.72
222577,0.01
222578,0.06
222579,0.0
222580,0.02
222581,0.0
222582,0.01
222583,0.01
222584,0.16
222585,0.0
222586,0.0
222587,0.03
222588,0.03
222589,0.003333333333333333
222590,0.03
222591,0.0
222592,0.75
222593,0.03
222594,0.0
222595,0.01
222596,0.03
222597,0.01
222598,0.0
222599,0.03
222600,0.03
222601,0.0
222602,0.04
222603,0.01
222604,0.05
222605,0.02
222606,0.0
222607,0.0
222608,0.0
222609,0.0
222610,0.04
222611,0.75
222612,0.33
222613,0.01
222614,0.07
222615,0.07
222616,0.09
222617,0.01
222618,0.0
222619,0.0
222620,0.0
222621,0.01
222622,0.005
222623,0.0
222624,0.02
222625,0.02
222626,0.02
222627,0.02
222628,0.02
222629,0.02
222630,0.01
222631,0.0
222632,0.01
222633,0.01
222634,0.1
222635,0.01
222636,0.12
222637,0.05
222638,0.0
222639,0.01
222640,0.03
222641,0.29
222642,0.02
222643,0.01
222644,0.0
222645,0.0
222646,0.02
222647,0.04
222648,0.06
222649,0.0
222650,0.15
222651,0.04
222652,0.17
222653,0.0
222654,0.01
222655,0.0
222656,0.0
222657,0.0
222658,0.33
222659,0.03
222660,0.0
222661,0.0
222662,0.0
222663,0.03
222664,0.01
222665,0.01
222666,0.01
222667,0.07
222668,0.04
222669,0.01
222670,0.25
222671,0.0
222672,0.0
222673,0.2
222674,0.0
222675,0.03
222676,0.72
222677,0.0
222678,0.0
222679,0.0
222680,0.0
222681,0.09
222682,0.0
222683,0.01
222684,0.09
222685,0.93
222686,0.01
222687,0.37
222688,0.01
222689,0.03
222690,0.1
222691,0.08
222692,0.0
222693,0.01
222694,0.02
222695,0.06
222696,0.01
222697,0.01
222698,0.0
222699,0.02
222700,0.05
222701,0.01
222702,0.01
222703,0.04
222704,0.36
222705,0.03
222706,0.0
222707,0.02
222708,0.0
222709,0.0
222710,0.8
222711,0.01
222712,0.2
222713,0.0
222714,0.0
222715,0.07
222716,0.04
222717,0.05
222718,0.0
222719,0.0
222720,0.14
222721,0.01
222722,0.04
222723,0.05
222724,0.0
222725,0.03
222726,0.19
222727,0.03
222728,0.01
222729,0.03
222730,0.01
222731,0.03
222732,0.0
222733,0.05
222734,0.0
222735,0.0
222736,0.73
222737,0.96
222738,0.03
222739,0.01
222740,0.0
222741,0.03
222742,0.14
222743,0.07
222744,0.03
222745,0.04
222746,0.08
222747,0.0
222748,0.03
222749,0.11
222750,0.01
222751,0.0
222752,0.03
222753,0.01
222754,0.01
222755,0.02
222756,0.02
222757,0.0
222758,0.0
222759,0.05
222760,0.02
222761,0.01
222762,0.06
222763,0.0
222764,0.0
222765,0.0
222766,0.04
222767,0.03
222768,0.0
222769,0.0
222770,0.01
222771,0.01
222772,0.24
222773,0.06
222774,0.0
222775,0.01
222776,0.0
222777,0.04
222778,0.01
222779,0.0
222780,0.01
222781,0.02
222782,0.0
222783,0.09
222784,0.01
222785,0.21
222786,0.14
222787,0.0
222788,0.05
222789,0.0
222790,0.02
222791,0.0
222792,0.01
222793,0.01
222794,0.04
222795,0.0
222796,0.0
222797,0.0
222798,0.0
222799,0.03
222800,0.03
222801,0.0
222802,0.0
222803,0.0
222804,0.09
222805,0.0
222806,0.02
222807,0.0
222808,0.03
222809,0.0
222810,0.0
222811,0.11
222812,0.03
222813,0.01
222814,0.19
222815,0.01
222816,0.0
222817,0.04
222818,0.02
222819,0.0
222820,0.08
222821,0.03
222822,0.0
222823,0.0
222824,0.01
222825,0.02
222826,0.0
222827,0.07666666666666666
222828,0.25
222829,0.03
222830,0.03
222831,0.01
222832,0.01
222833,0.01
222834,0.0
222835,0.05
222836,0.0
222837,0.01
222838,0.0
222839,0.02
222840,0.0
222841,0.01
222842,0.0
222843,0.02
222844,0.02
222845,0.0
222846,0.01
222847,0.01
222848,0.05
222849,0.02
222850,0.01
222851,0.0
222852,0.06
222853,0.08
222854,0.01
222855,0.07
222856,0.01
222857,0.02
222858,0.0
222859,0.02
222860,0.3
222861,0.0
222862,0.02
222863,0.0
222864,0.06
222865,0.04
222866,0.03
222867,0.01
222868,0.0
222869,0.02
222870,0.0
222871,0.02
222872,0.01
222873,0.87
222874,0.02
222875,0.02
222876,0.78
222877,0.0
222878,0.0
222879,0.0
222880,0.0
222881,0.01
222882,0.0
222883,0.07
222884,0.01
222885,0.0
222886,0.02
222887,0.03
222888,0.0
222889,0.05
222890,0.12
222891,0.0
222892,0.19
222893,0.01
222894,0.03
222895,0.76
222896,0.0
222897,0.67
222898,0.0
222899,0.66
222900,0.0
222901,0.02
222902,0.01
222903,0.01
222904,0.03
222905,0.0
222906,0.0
222907,0.0
222908,0.04
222909,0.01
222910,0.01
222911,0.01
222912,0.01
222913,0.01
222914,0.04
222915,0.0
222916,0.36
222917,0.03
222918,0.0
222919,0.0
222920,0.0
222921,0.0
222922,0.0
222923,0.01
222924,0.01
222925,0.14
222926,0.1
222927,0.04
222928,0.01
222929,0.01
222930,0.03
222931,0.03
222932,0.02
222933,0.0
222934,0.01
222935,0.0
222936,0.07
222937,0.01
222938,0.0
222939,0.01
222940,0.01
222941,0.02
222942,0.01
222943,0.02
222944,0.01
222945,0.05
222946,0.0
222947,0.02
222948,0.0
222949,0.04
222950,0.04
222951,0.5650396825396825
222952,0.06
222953,0.01
222954,0.0
222955,0.08
222956,0.0
222957,0.76
222958,0.0
222959,0.01
222960,0.01
222961,0.0
222962,0.0
222963,0.0
222964,0.0
222965,0.0
222966,0.12
222967,0.0
222968,0.01
222969,0.01
222970,0.03
222971,0.11
222972,0.0
222973,0.0
222974,0.04
222975,0.0
222976,0.2
222977,0.01
222978,0.15
222979,0.01
222980,0.03
222981,0.12
222982,0.0
222983,0.0
222984,0.02
222985,0.01
222986,0.03
222987,0.0
222988,0.03
222989,0.0
222990,0.0
222991,0.01
222992,0.07
222993,0.0
222994,0.04
222995,0.02
222996,0.12
222997,0.0
222998,0.0
222999,0.01
223000,0.02
223001,0.02
223002,0.04
223003,0.0
223004,0.0
223005,0.0
223006,0.02
223007,0.0
223008,0.0
223009,0.0
223010,0.72
223011,0.04
223012,0.01
223013,0.0
223014,0.0
223015,0.01
223016,0.0
223017,0.0
223018,0.0
223019,0.0
223020,0.16
223021,0.0
223022,0.06
223023,0.0
223024,0.01
223025,0.02
223026,0.14
223027,0.01
223028,0.02
223029,0.15
223030,0.01
223031,0.11
223032,0.01
223033,0.0
223034,0.06
223035,0.03
223036,0.39
223037,0.05
223038,0.02
223039,0.01
223040,0.82
223041,0.0
223042,0.0
223043,0.0625
223044,0.72
223045,0.01
223046,0.0
223047,0.11
223048,0.07
223049,0.0
223050,0.0
223051,0.01
223052,0.0
223053,0.0
223054,0.0
223055,0.78
223056,0.01
223057,0.04
223058,0.02
223059,0.02
223060,0.77
223061,0.03
223062,0.06
223063,0.02
223064,0.01
223065,0.01
223066,0.08
223067,0.04
223068,0.04
223069,0.07
223070,0.29
223071,0.03
223072,0.0
223073,0.03
223074,0.02
223075,0.0
223076,0.01
223077,0.17
223078,0.0
223079,0.01
223080,0.02
223081,0.04
223082,0.0
223083,0.0
223084,0.16
223085,0.83
223086,0.0
223087,0.003333333333333333
223088,0.01
223089,0.09
223090,0.03
223091,0.0
223092,0.01
223093,0.0
223094,0.02
223095,0.0
223096,0.0
223097,0.01
223098,0.0
223099,0.01
223100,0.06
223101,0.01
223102,0.0
223103,0.01
223104,0.89
223105,0.0
223106,0.0
223107,0.0
223108,0.04
223109,0.0
223110,0.0
223111,0.07
223112,0.09
223113,0.0
223114,0.1
223115,0.0
223116,0.03
223117,0.06
223118,0.04
223119,0.0
223120,0.01
223121,0.07
223122,0.7
223123,0.04
223124,0.01
223125,0.04
223126,0.33
223127,0.01
223128,0.01
223129,0.02
223130,0.01
223131,0.04
223132,0.0
223133,0.3
223134,0.01
223135,0.22
223136,0.01
223137,0.08
223138,0.0
223139,0.03
223140,0.0
223141,0.0
223142,0.02
223143,0.01
223144,0.01
223145,0.02
223146,0.04
223147,0.13
223148,0.01
223149,0.05
223150,0.01
223151,0.03
223152,0.0
223153,0.37
223154,0.02
223155,0.04
223156,0.0
223157,0.0
223158,0.24
223159,0.01
223160,0.0
223161,0.0
223162,0.0
223163,0.03
223164,0.0
223165,0.06
223166,0.8
223167,0.01
223168,0.0
223169,0.03
223170,0.02
223171,0.01
223172,0.01
223173,0.05
223174,0.5866666666666667
223175,0.04
223176,0.0
223177,0.01
223178,0.01
223179,0.01
223180,0.34
223181,0.0
223182,0.47
223183,0.02
223184,0.01
223185,0.0
223186,0.01
223187,0.0
223188,0.0
223189,0.0
223190,0.01
223191,0.04
223192,0.02
223193,0.03
223194,0.0
223195,0.0
223196,0.02
223197,0.0
223198,0.01
223199,0.06
223200,0.01
223201,0.01
223202,0.19
223203,0.0
223204,0.05
223205,0.01
223206,0.02
223207,0.0
223208,0.01
223209,0.02
223210,0.0
223211,0.02
223212,0.0
223213,0.01
223214,0.09
223215,0.0
223216,0.0
223217,0.01
223218,0.0875
223219,0.0
223220,0.0
223221,0.33
223222,0.01
223223,0.0
223224,0.32
223225,0.02
223226,0.03
223227,0.0
223228,0.0
223229,0.03
223230,0.0
223231,0.0
223232,0.14
223233,0.0
223234,0.0
223235,0.0
223236,0.01
223237,0.01
223238,0.0
223239,0.02
223240,0.36
223241,0.03
223242,0.02
223243,0.04
223244,0.0
223245,0.02
223246,0.02
223247,0.11
223248,0.01
223249,0.02
223250,0.0
223251,0.0
223252,0.0
223253,0.05
223254,0.0
223255,0.04
223256,0.0
223257,0.03
223258,0.02
223259,0.02
223260,0.0
223261,0.06
223262,0.04
223263,0.0
223264,0.12
223265,0.39
223266,0.01
223267,0.01
223268,0.03
223269,0.01
223270,0.77
223271,0.76
223272,0.05
223273,0.0
223274,0.02
223275,0.05
223276,0.03
223277,0.02
223278,0.01
223279,0.0
223280,0.01
223281,0.8
223282,0.0
223283,0.0
223284,0.0
223285,0.0
223286,0.0
223287,0.0
223288,0.0
223289,0.0
223290,0.02
223291,0.01
223292,0.0
223293,0.06
223294,0.0
223295,0.01
223296,0.0
223297,0.1
223298,0.0
223299,0.0
223300,0.0
223301,0.01
223302,0.01
223303,0.0
223304,0.05
223305,0.0
223306,0.08
223307,0.0
223308,0.32
223309,0.12
223310,0.0
223311,0.02
223312,0.0
223313,0.04
223314,0.01
223315,0.78
223316,0.0
223317,0.01
223318,0.01
223319,0.08
223320,0.01
223321,0.07
223322,0.0
223323,0.02
223324,0.06
223325,0.0
223326,0.08
223327,0.01
223328,0.02
223329,0.0
223330,0.01
223331,0.01
223332,0.06
223333,0.0
223334,0.01
223335,0.01
223336,0.32
223337,0.0
223338,0.0
223339,0.05
223340,0.01
223341,0.01
223342,0.01
223343,0.04
223344,0.0
223345,0.8
223346,0.74
223347,0.0
223348,0.0
223349,0.76
223350,0.0
223351,0.02
223352,0.01
223353,0.04
223354,0.58
223355,0.0
223356,0.01
223357,0.14
223358,0.01
223359,0.03
223360,0.0
223361,0.0
223362,0.01
223363,0.06
223364,0.055
223365,0.08
223366,0.16
223367,0.01
223368,0.01
223369,0.0
223370,0.01
223371,0.0
223372,0.01
223373,0.0
223374,0.0
223375,0.0
223376,0.0
223377,0.05
223378,0.04
223379,0.01
223380,0.02
223381,0.0
223382,0.0
223383,0.0
223384,0.01
223385,0.0
223386,0.0
223387,0.01
223388,0.05
223389,0.01
223390,0.01
223391,0.04
223392,0.0
223393,0.01
223394,0.0
223395,0.02
223396,0.02
223397,0.0
223398,0.0
223399,0.0
223400,0.04
223401,0.0
223402,0.01
223403,0.04
223404,0.0
223405,0.13
223406,0.01
223407,0.0
223408,0.0
223409,0.0
223410,0.1
223411,0.01
223412,0.04
223413,0.0
223414,0.08
223415,0.0
223416,0.02
223417,0.0
223418,0.0
223419,0.0
223420,0.01
223421,0.01
223422,0.06
223423,0.0
223424,0.035
223425,0.01
223426,0.0
223427,0.02
223428,0.01
223429,0.05
223430,0.01
223431,0.08
223432,0.01
223433,0.12
223434,0.0
223435,0.11
223436,0.02
223437,0.16
223438,0.04
223439,0.01
223440,0.01
223441,0.74
223442,0.01
223443,0.29
223444,0.02
223445,0.48
223446,0.0
223447,0.02
223448,0.57
223449,0.04
223450,0.04
223451,0.03
223452,0.02
223453,0.0
223454,0.0
223455,0.0
223456,0.0
223457,0.0
223458,0.07
223459,0.0
223460,0.04
223461,0.03
223462,0.0
223463,0.31
223464,0.01
223465,0.01
223466,0.02
223467,0.01
223468,0.02
223469,0.33
223470,0.04
223471,0.01
223472,0.3
223473,0.0
223474,0.0
223475,0.27
223476,0.0
223477,0.04
223478,0.03
223479,0.0
223480,0.02
223481,0.05
223482,0.0
223483,0.04
223484,0.01
223485,0.01
223486,0.0
223487,0.0
223488,0.04
223489,0.01
223490,0.07
223491,0.0
223492,0.05
223493,0.03
223494,0.0
223495,0.77
223496,0.0
223497,0.02
223498,0.07
223499,0.03
223500,0.0
223501,0.79
223502,0.02
223503,0.01
223504,0.0
223505,0.84
223506,0.48
223507,0.05
223508,0.01
223509,0.03
223510,0.82
223511,0.0
223512,0.0
223513,0.07
223514,0.02
223515,0.01
223516,0.09
223517,0.78
223518,0.05
223519,0.03
223520,0.0
223521,0.01
223522,0.02
223523,0.0
223524,0.0
223525,0.0
223526,0.0
223527,0.0
223528,0.0
223529,0.01
223530,0.04
223531,0.01
223532,0.08
223533,0.01
223534,0.01
223535,1.0
223536,0.96
223537,0.0
223538,0.86
223539,0.81
223540,0.06
223541,0.0
223542,0.02
223543,0.02
223544,0.0
223545,0.04
223546,0.15
223547,0.05
223548,0.04
223549,0.31
223550,0.0
223551,0.0
223552,0.03
223553,0.02
223554,0.73
223555,0.0
223556,0.0
223557,0.0
223558,0.28
223559,0.03
223560,0.01
223561,0.0
223562,0.0
223563,0.0
223564,0.0
223565,0.0
223566,0.0
223567,0.05
223568,0.02
223569,0.02
223570,0.04
223571,0.0
223572,0.03
223573,0.03
223574,0.03
223575,0.0
223576,0.04
223577,0.01
223578,0.04
223579,0.16
223580,0.16
223581,0.05
223582,0.0
223583,0.05
223584,0.05
223585,0.1
223586,0.02
223587,0.01
223588,0.02
223589,0.02
223590,0.0
223591,0.0
223592,0.0
223593,0.0
223594,0.0
223595,0.01
223596,0.04
223597,0.06
223598,0.02
223599,0.0
223600,0.0
223601,0.01
223602,0.01
223603,0.02
223604,0.59
223605,0.0
223606,0.03
223607,0.02
223608,0.0
223609,0.05
223610,0.07
223611,0.42
223612,0.01
223613,0.0
223614,0.01
223615,0.02
223616,0.0
223617,0.0
223618,0.01
223619,0.02
223620,0.02
223621,0.03
223622,0.97
223623,0.0
223624,0.06
223625,0.01
223626,0.01
223627,0.0
223628,0.01
223629,0.11
223630,0.07
223631,0.0
223632,0.0
223633,0.02
223634,0.0
223635,0.01
223636,0.0
223637,0.0
223638,0.01
223639,0.0
223640,0.01
223641,0.02
223642,0.03
223643,0.01
223644,0.18
223645,0.0
223646,0.02
223647,0.0
223648,0.0
223649,0.01
223650,0.04
223651,0.04
223652,0.02
223653,0.05
223654,0.0
223655,0.02
223656,0.03
223657,0.05
223658,0.05
223659,0.02
223660,0.0
223661,0.0
223662,0.01
223663,0.04
223664,0.08
223665,0.0
223666,0.02
223667,0.0
223668,0.09
223669,0.01
223670,0.0
223671,0.2
223672,0.79
223673,0.0
223674,0.06
223675,0.01
223676,0.03
223677,0.03
223678,0.0
223679,0.21
223680,0.01
223681,0.0
223682,0.08
223683,0.0
223684,0.05
223685,0.01
223686,0.01
223687,0.1
223688,0.13
223689,0.0
223690,0.02
223691,0.49
223692,0.91
223693,0.0
223694,0.0
223695,0.0
223696,0.01
223697,0.38
223698,0.1
223699,0.0
223700,0.0
223701,0.01
223702,0.03
223703,0.0
223704,0.01
223705,0.01
223706,0.05
223707,0.0
223708,0.01
223709,0.01
223710,0.05
223711,0.02
223712,0.0
223713,0.96
223714,0.0
223715,0.01
223716,0.02
223717,0.1
223718,0.03
223719,0.04
223720,0.01
223721,0.01
223722,0.02
223723,0.01
223724,0.02
223725,0.01
223726,0.0
223727,0.79
223728,0.01
223729,0.83
223730,0.0
223731,0.04
223732,0.06
223733,0.0
223734,0.01
223735,0.02
223736,0.0
223737,0.02
223738,0.01
223739,0.05
223740,0.17
223741,0.02
223742,0.01
223743,0.01
223744,0.03
223745,0.76
223746,0.37
223747,0.05
223748,0.01
223749,0.0
223750,0.0
223751,0.01
223752,0.03
223753,0.04
223754,0.0
223755,0.0
223756,0.0
223757,0.0
223758,0.0
223759,0.0
223760,0.0
223761,0.01
223762,0.0
223763,0.25
223764,0.0
223765,0.02
223766,0.0
223767,0.05
223768,0.02
223769,0.0
223770,0.05
223771,0.01
223772,0.13
223773,0.0
223774,0.03
223775,0.03
223776,0.02
223777,0.0
223778,0.03
223779,0.03
223780,0.01
223781,0.0
223782,0.05
223783,0.07
223784,0.0
223785,0.02
223786,0.01
223787,0.03
223788,0.0
223789,0.0
223790,0.01
223791,0.0
223792,0.22666666666666666
223793,0.13
223794,0.0
223795,0.0
223796,0.0
223797,0.03
223798,0.0
223799,0.0
223800,0.1
223801,0.03
223802,0.1
223803,0.01
223804,0.01
223805,0.06
223806,0.04
223807,0.0
223808,0.01
223809,0.05
223810,0.02
223811,0.0
223812,0.0
223813,0.0
223814,0.0
223815,0.1
223816,0.61
223817,0.1
223818,0.01
223819,0.01
223820,0.02
223821,0.04
223822,0.0
223823,0.0
223824,0.01
223825,0.01
223826,0.02
223827,0.0
223828,0.0
223829,0.0
223830,0.0
223831,0.42
223832,0.02
223833,0.02
223834,0.0
223835,0.03
223836,0.0
223837,0.65
223838,0.01
223839,0.24
223840,0.0
223841,0.0
223842,0.0
223843,0.03
223844,0.0
223845,0.0
223846,0.05
223847,0.01
223848,0.01
223849,0.0
223850,0.0
223851,0.03
223852,0.0
223853,0.01
223854,0.03
223855,0.01
223856,0.01
223857,0.13
223858,0.02
223859,0.02
223860,0.02
223861,0.01
223862,0.03
223863,0.01
223864,0.0
223865,0.0
223866,0.03
223867,0.02
223868,0.02
223869,0.0
223870,0.0
223871,0.0
223872,0.08
223873,0.0
223874,0.01
223875,0.05
223876,0.02
223877,0.0
223878,0.23
223879,0.0
223880,0.0
223881,0.08
223882,0.01
223883,0.02
223884,0.06
223885,0.05
223886,0.01
223887,0.0
223888,0.0
223889,0.01
223890,0.02
223891,0.08
223892,0.0
223893,0.04
223894,0.01
223895,0.0
223896,0.02
223897,0.03
223898,0.0
223899,0.01
223900,0.0
223901,0.01
223902,0.0
223903,0.0
223904,0.0
223905,0.03
223906,0.91
223907,0.01
223908,0.01
223909,0.01
223910,0.01
223911,0.01
223912,0.02
223913,0.0
223914,0.03
223915,0.02
223916,0.01
223917,0.07
223918,0.0
223919,0.0
223920,0.29
223921,0.0
223922,0.01
223923,0.01
223924,0.0
223925,0.01
223926,0.06
223927,0.0
223928,0.0
223929,0.01
223930,0.02
223931,0.04
223932,0.01
223933,0.0
223934,0.01
223935,0.01
223936,0.0
223937,0.0
223938,0.0
223939,0.03
223940,0.0
223941,0.0
223942,0.11
223943,0.2
223944,0.01
223945,0.01
223946,0.01
223947,0.01
223948,0.03
223949,0.0
223950,0.02
223951,0.03
223952,0.01
223953,0.85
223954,0.0
223955,0.0
223956,0.49
223957,0.0
223958,0.0
223959,0.02
223960,0.0
223961,0.01
223962,0.04
223963,0.0
223964,0.0
223965,0.06
223966,0.0
223967,0.0
223968,0.0
223969,0.0
223970,0.01
223971,0.07
223972,0.0
223973,0.03
223974,0.0
223975,0.03
223976,0.0
223977,0.01
223978,0.12
223979,0.0
223980,0.0
223981,0.63
223982,0.0
223983,0.02
223984,0.02
223985,0.0
223986,0.0
223987,0.01
223988,0.07
223989,0.0
223990,0.0
223991,0.0
223992,0.0
223993,0.04
223994,0.37
223995,0.23
223996,0.01
223997,0.0
223998,0.28
223999,0.0
224000,0.05
224001,0.16
224002,0.02
224003,0.28
224004,0.0
224005,0.0
224006,0.09
224007,0.05
224008,0.5
224009,0.98
224010,0.02
224011,0.07
224012,0.38
224013,0.02
224014,0.01
224015,0.02
224016,0.03
224017,0.02
224018,0.0
224019,0.01
224020,0.05
224021,0.0
224022,0.0
224023,0.0
224024,0.0
224025,0.11
224026,0.01
224027,0.0
224028,0.0
224029,0.04
224030,0.06
224031,0.0
224032,0.0
224033,0.03
224034,0.03
224035,0.02
224036,0.0
224037,0.0
224038,0.06
224039,0.04
224040,0.05
224041,0.0
224042,0.56
224043,0.05
224044,0.0
224045,0.03
224046,0.04
224047,0.0
224048,0.0
224049,0.0
224050,0.04
224051,0.0
224052,0.03
224053,0.02
224054,0.0
224055,0.01
224056,0.01
224057,0.03
224058,0.02
224059,0.03
224060,0.05
224061,0.03
224062,0.01
224063,0.05
224064,0.03
224065,0.02
224066,0.01
224067,0.03
224068,0.0
224069,0.03333333333333333
224070,0.0
224071,0.02
224072,0.0
224073,0.02
224074,0.05
224075,0.0
224076,0.0
224077,0.09
224078,0.02
224079,0.01
224080,0.0
224081,0.08
224082,0.0
224083,0.0
224084,0.02
224085,0.0425
224086,0.01
224087,0.5
224088,0.02
224089,0.0
224090,0.02
224091,0.02
224092,0.07
224093,0.01
224094,0.01
224095,0.01
224096,0.0
224097,0.0
224098,0.0
224099,0.01
224100,0.06
224101,0.06
224102,0.7
224103,0.0
224104,0.08
224105,0.12
224106,0.0
224107,0.0
224108,0.0
224109,0.0
224110,0.01
224111,0.05
224112,0.0
224113,0.06
224114,0.05
224115,0.11
224116,0.02
224117,0.0
224118,0.55
224119,0.03
224120,0.26
224121,0.03
224122,0.0
224123,0.0
224124,0.01
224125,0.03
224126,0.15
224127,0.07
224128,0.01
224129,0.0
224130,0.02
224131,0.0
224132,0.02
224133,0.01
224134,0.53
224135,0.0
224136,0.02
224137,0.11
224138,0.05
224139,0.0
224140,0.05
224141,0.01
224142,0.05
224143,0.04
224144,0.06
224145,0.09
224146,0.01
224147,0.04
224148,0.01
224149,0.39
224150,0.06
224151,0.05
224152,0.0
224153,0.06
224154,0.07
224155,0.05
224156,0.02
224157,0.0
224158,0.01
224159,0.04
224160,0.03
224161,0.0
224162,0.03
224163,0.0
224164,0.0
224165,0.0
224166,0.0
224167,0.03
224168,0.85
224169,0.0
224170,0.0
224171,0.0
224172,0.01
224173,0.01
224174,0.01
224175,0.01
224176,0.17
224177,0.06
224178,0.0
224179,0.03
224180,0.03
224181,0.27
224182,0.0
224183,0.02
224184,0.0
224185,0.0
224186,0.04
224187,0.0
224188,0.0
224189,0.56
224190,0.09
224191,0.02
224192,0.11
224193,0.01
224194,0.03
224195,0.01
224196,0.0
224197,0.0
224198,0.0
224199,0.83
224200,0.0
224201,0.02
224202,0.0
224203,0.0
224204,0.07
224205,0.05
224206,0.13
224207,0.26
224208,0.06
224209,0.04
224210,0.0
224211,0.03
224212,0.13
224213,0.07
224214,0.01
224215,0.02
224216,0.0
224217,0.1
224218,0.0
224219,0.0
224220,0.01
224221,0.01
224222,0.06
224223,0.04
224224,0.0
224225,0.01
224226,0.02
224227,0.08
224228,0.04
224229,0.0
224230,0.0
224231,0.11
224232,0.02
224233,0.02
224234,0.01
224235,0.47
224236,0.0
224237,0.0
224238,0.05
224239,0.01
224240,0.04
224241,0.01
224242,0.0
224243,0.01
224244,0.72
224245,0.08
224246,0.026666666666666665
224247,0.18
224248,0.79
224249,0.16
224250,0.01
224251,0.0
224252,0.0
224253,0.0
224254,0.01
224255,0.0
224256,0.01
224257,0.01
224258,0.08
224259,0.0
224260,0.0
224261,0.01
224262,0.06
224263,0.0
224264,0.0
224265,0.02
224266,0.01
224267,0.05
224268,0.0
224269,0.01
224270,0.01
224271,0.0
224272,0.0
224273,0.02
224274,0.04
224275,0.02
224276,0.07
224277,0.08
224278,0.06
224279,0.0
224280,0.01
224281,0.0
224282,0.88
224283,0.83
224284,0.0
224285,0.01
224286,0.02
224287,0.0
224288,0.0
224289,0.02
224290,0.0
224291,0.86
224292,0.02
224293,0.04
224294,0.0
224295,0.02
224296,0.0
224297,0.01
224298,0.16
224299,0.18
224300,0.03
224301,0.0
224302,0.05
224303,0.13
224304,0.013333333333333332
224305,0.03
224306,0.0
224307,0.0
224308,0.0
224309,0.52
224310,0.0
224311,0.02
224312,0.0
224313,0.0
224314,0.0
224315,0.01
224316,0.0
224317,0.0
224318,0.81
224319,0.0
224320,0.0
224321,0.01
224322,0.0
224323,0.0
224324,0.01
224325,0.01
224326,0.0
224327,0.0
224328,0.01
224329,0.12
224330,0.04
224331,0.06
224332,0.0
224333,0.01
224334,0.0
224335,0.0
224336,0.02
224337,0.0
224338,0.0
224339,0.01
224340,0.0
224341,0.02
224342,0.01
224343,0.0
224344,0.03
224345,0.02
224346,0.69
224347,0.02
224348,0.0
224349,0.05
224350,0.01
224351,0.03
224352,0.0
224353,0.03
224354,0.08
224355,0.2225
224356,0.0
224357,0.03
224358,0.0
224359,0.0
224360,0.02
224361,0.03
224362,0.0
224363,0.0
224364,0.0
224365,0.0
224366,0.0
224367,0.04
224368,0.01
224369,0.02
224370,0.0
224371,0.03
224372,0.01
224373,0.0
224374,0.04
224375,0.04
224376,0.0
224377,0.01
224378,0.0
224379,0.82
224380,0.0
224381,0.0
224382,0.01
224383,0.02
224384,0.0
224385,0.0
224386,0.01
224387,0.08
224388,0.0
224389,0.0
224390,0.01
224391,0.0
224392,0.01
224393,0.02
224394,0.02
224395,0.03
224396,0.0
224397,0.16
224398,0.16
224399,0.37
224400,0.08
224401,0.05
224402,0.045
224403,0.0
224404,0.05
224405,0.02
224406,0.0
224407,0.0
224408,0.01
224409,0.01
224410,0.0
224411,0.01
224412,0.01
224413,0.0
224414,0.02
224415,0.16
224416,0.0
224417,0.05
224418,0.02
224419,0.0
224420,0.04
224421,0.0
224422,0.0
224423,0.01
224424,0.0
224425,0.01
224426,0.0
224427,0.02
224428,0.0
224429,0.04
224430,0.0
224431,0.0
224432,0.0
224433,0.0
224434,0.01
224435,0.1
224436,0.04
224437,0.05
224438,0.0
224439,0.02
224440,0.02
224441,0.0
224442,0.02
224443,0.1
224444,0.01
224445,0.0
224446,0.06
224447,0.05
224448,0.0
224449,0.01
224450,0.0
224451,0.02
224452,0.01
224453,0.07
224454,0.0
224455,0.0
224456,0.0
224457,0.0
224458,0.01
224459,0.01
224460,0.02
224461,0.02
224462,0.01
224463,0.01
224464,0.29
224465,0.37
224466,0.01
224467,0.01
224468,0.0
224469,0.01
224470,0.09
224471,0.06
224472,0.04
224473,0.01
224474,0.05
224475,0.01
224476,0.0
224477,0.0
224478,0.21
224479,0.03
224480,0.21
224481,0.25
224482,0.21
224483,0.0
224484,0.0
224485,0.04
224486,0.05
224487,0.02
224488,0.01
224489,0.04
224490,0.01
224491,0.01
224492,0.0
224493,0.05
224494,0.0
224495,0.06
224496,0.0
224497,0.0
224498,0.0
224499,0.07
224500,0.01
224501,0.07
224502,0.01
224503,0.01
224504,0.0
224505,0.01
224506,0.02
224507,0.0
224508,0.03
224509,0.01
224510,0.01
224511,0.01
224512,0.0
224513,0.16
224514,0.01
224515,0.02
224516,0.01
224517,0.02
224518,0.0
224519,0.09
224520,0.05
224521,0.02
224522,0.01
224523,0.03
224524,0.01
224525,0.0
224526,0.0
224527,0.01
224528,0.05
224529,0.02
224530,0.01
224531,0.93
224532,0.0
224533,0.02
224534,0.02
224535,0.0
224536,0.03
224537,0.0
224538,0.18
224539,0.0
224540,0.93
224541,0.02
224542,0.0
224543,0.0
224544,0.04
224545,0.0
224546,0.01
224547,0.0
224548,0.01
224549,0.04
224550,0.01
224551,0.01
224552,0.01
224553,0.0725
224554,0.02
224555,0.0
224556,0.05
224557,0.01
224558,0.0
224559,0.05
224560,0.0
224561,0.04
224562,0.03
224563,0.04
224564,0.02
224565,0.03
224566,0.32
224567,0.03
224568,0.03
224569,0.0
224570,0.98
224571,0.26
224572,0.03
224573,0.012857142857142855
224574,0.02
224575,0.02
224576,0.0
224577,0.01
224578,0.87
224579,0.65
224580,0.05
224581,0.02
224582,0.0
224583,0.04
224584,0.0
224585,0.0
224586,0.0
224587,0.75
224588,0.02
224589,0.04
224590,0.0
224591,0.0
224592,0.02
224593,0.01
224594,0.0
224595,0.01
224596,0.18
224597,0.0
224598,0.0
224599,0.0
224600,0.01
224601,0.07
224602,0.02
224603,0.0
224604,0.0
224605,0.03
224606,0.12
224607,0.04
224608,0.16
224609,0.06
224610,0.01
224611,0.02
224612,0.08
224613,0.0
224614,0.01
224615,0.01
224616,0.06
224617,0.03
224618,0.0
224619,0.0
224620,0.02
224621,0.0
224622,0.01
224623,0.02
224624,0.0
224625,0.02
224626,0.03
224627,0.01
224628,0.0
224629,0.09
224630,0.22
224631,0.02
224632,0.04
224633,0.02
224634,0.03
224635,0.0
224636,0.02
224637,0.07
224638,0.01
224639,0.0
224640,0.04
224641,0.01
224642,0.0
224643,0.01
224644,0.01
224645,0.01
224646,0.01
224647,0.01
224648,0.01
224649,0.0
224650,0.0
224651,0.0
224652,0.02
224653,0.12
224654,0.03
224655,0.0
224656,0.0
224657,0.97
224658,0.0
224659,0.65
224660,0.0
224661,0.02
224662,0.0
224663,0.0
224664,0.03
224665,0.02
224666,0.03
224667,0.02
224668,0.652
224669,0.02
224670,0.02
224671,0.02
224672,0.02
224673,0.01
224674,0.0
224675,0.05
224676,0.01
224677,0.0
224678,0.0
224679,0.0
224680,0.12
224681,0.0
224682,0.13
224683,0.02
224684,0.0
224685,0.0
224686,0.01
224687,0.0
224688,0.03
224689,0.01
224690,0.03
224691,0.0
224692,0.01
224693,0.07
224694,0.37
224695,0.0
224696,0.0
224697,0.3
224698,0.01
224699,0.01
224700,0.03
224701,0.02
224702,0.0
224703,0.0
224704,0.0
224705,0.0
224706,0.01
224707,0.05
224708,0.0
224709,0.02
224710,0.04
224711,0.03
224712,0.0
224713,0.0
224714,0.0
224715,0.03
224716,0.01
224717,0.0
224718,0.0
224719,0.01
224720,0.0
224721,0.01
224722,0.32
224723,0.01
224724,0.0
224725,0.0
224726,0.0
224727,0.03
224728,0.0
224729,0.02
224730,0.05
224731,0.05
224732,0.75
224733,0.01
224734,0.0
224735,0.0
224736,0.0
224737,0.02
224738,0.01
224739,0.03
224740,0.0
224741,0.38
224742,0.0
224743,0.0
224744,0.05
224745,0.0
224746,0.0
224747,0.0
224748,0.03
224749,0.0
224750,0.19
224751,0.0
224752,0.0
224753,0.0
224754,0.04
224755,0.01
224756,0.01
224757,0.01
224758,0.02
224759,0.0
224760,0.05
224761,0.0
224762,0.0
224763,0.05
224764,0.02
224765,0.01
224766,0.76
224767,0.01
224768,0.01
224769,0.0
224770,0.03
224771,0.15
224772,0.01
224773,0.0
224774,0.01
224775,0.03
224776,0.0
224777,0.02
224778,0.07
224779,0.01
224780,0.0
224781,0.19
224782,0.0
224783,0.05
224784,0.02
224785,0.0
224786,0.01
224787,0.05
224788,0.02
224789,0.01
224790,0.02
224791,0.82
224792,0.0
224793,0.01
224794,0.06
224795,0.0
224796,0.03
224797,0.02
224798,0.05
224799,0.0
224800,0.0
224801,0.02
224802,0.05
224803,0.0
224804,0.0
224805,0.02
224806,0.02
224807,0.01
224808,0.02
224809,0.0
224810,0.0
224811,0.01
224812,0.01
224813,0.04
224814,0.05
224815,0.74
224816,0.5
224817,0.02
224818,0.03
224819,0.0
224820,0.64
224821,0.0
224822,0.0
224823,0.01
224824,0.11
224825,0.02
224826,0.01
224827,0.07
224828,0.0
224829,0.02
224830,0.04
224831,0.21
224832,0.03
224833,0.03
224834,0.0
224835,0.0
224836,0.02
224837,0.13
224838,0.02
224839,0.0
224840,0.03
224841,0.02
224842,0.01
224843,0.02
224844,0.0
224845,0.02
224846,0.0
224847,0.0
224848,0.2
224849,0.0
224850,0.0
224851,0.03
224852,0.03
224853,0.0
224854,0.0
224855,0.09
224856,0.0
224857,0.01
224858,0.0
224859,0.0
224860,0.01
224861,0.0
224862,0.01
224863,0.01
224864,0.05
224865,0.0
224866,0.05
224867,0.01
224868,0.03
224869,0.0
224870,0.0
224871,0.0
224872,0.04
224873,0.0
224874,0.01
224875,0.0
224876,0.01
224877,0.0
224878,0.01
224879,0.0
224880,0.74
224881,0.38
224882,0.02
224883,0.0
224884,0.02
224885,0.55
224886,0.0
224887,0.01
224888,0.01
224889,0.01
224890,0.01
224891,0.0
224892,0.02
224893,0.01
224894,0.48
224895,0.0
224896,0.01
224897,0.78
224898,0.0
224899,0.01
224900,0.0
224901,0.0
224902,0.01
224903,0.32
224904,0.02
224905,0.08
224906,0.01
224907,0.0
224908,0.0
224909,0.0
224910,0.4
224911,0.0
224912,0.01
224913,0.0
224914,0.38
224915,0.07
224916,0.07
224917,0.04
224918,0.08
224919,0.04
224920,0.07
224921,0.0
224922,0.07
224923,0.02
224924,0.19
224925,0.01
224926,0.01
224927,0.02
224928,0.47
224929,0.61
224930,0.05
224931,0.09
224932,0.05
224933,0.0
224934,0.58
224935,0.02
224936,0.0
224937,0.01
224938,0.08
224939,0.0
224940,0.02
224941,0.01
224942,0.0
224943,0.0
224944,0.0
224945,0.0
224946,0.02
224947,0.03
224948,0.13
224949,0.08
224950,0.0
224951,0.05
224952,0.01
224953,0.01
224954,0.0
224955,0.0
224956,0.02
224957,0.0
224958,0.03
224959,0.02
224960,0.03
224961,0.0
224962,0.06
224963,0.21
224964,0.0
224965,0.0
224966,0.0
224967,0.0
224968,0.0
224969,0.06
224970,0.0
224971,0.09
224972,0.0
224973,0.46
224974,0.01
224975,0.0
224976,0.05
224977,0.01
224978,0.02
224979,0.0
224980,0.08
224981,0.04
224982,0.01
224983,0.13
224984,0.62
224985,0.54
224986,0.02
224987,0.04
224988,0.0
224989,0.09
224990,0.06
224991,0.04
224992,0.0
224993,0.0
224994,0.23
224995,0.0
224996,0.0
224997,0.0
224998,0.0
224999,0.0
225000,0.1
225001,0.03
225002,0.0
225003,0.01
225004,0.02
225005,0.0
225006,0.01
225007,0.06
225008,0.01
225009,0.0
225010,0.03
225011,0.01
225012,0.05
225013,0.02
225014,0.0
225015,0.02
225016,0.0
225017,0.01
225018,0.0
225019,0.6
225020,0.03
225021,0.01
225022,0.01
225023,0.0
225024,0.14
225025,0.0
225026,0.09
225027,0.0
225028,0.02
225029,0.03
225030,0.03
225031,0.62
225032,0.02
225033,0.0
225034,0.42
225035,0.0
225036,0.01
225037,0.02
225038,0.0
225039,0.0
225040,0.06
225041,0.025
225042,0.02
225043,0.01
225044,0.02
225045,0.0
225046,0.01
225047,0.03
225048,0.0
225049,0.0
225050,0.02
225051,0.06
225052,0.0
225053,0.07
225054,0.18
225055,0.08
225056,0.0
225057,0.01
225058,0.04
225059,0.47
225060,0.0
225061,0.0
225062,0.0
225063,0.03
225064,0.0
225065,0.1
225066,0.19
225067,0.01
225068,0.0
225069,0.03
225070,0.01
225071,0.22
225072,0.01
225073,0.0
225074,0.0
225075,0.01
225076,0.02
225077,0.03
225078,0.0
225079,0.06
225080,0.98
225081,0.03
225082,0.05
225083,0.01
225084,0.02
225085,0.14
225086,0.38
225087,0.0
225088,0.0
225089,0.0
225090,0.13
225091,0.01
225092,0.11
225093,0.0
225094,0.03
225095,0.01
225096,0.0
225097,0.01
225098,0.02
225099,0.09
225100,0.06
225101,0.02
225102,0.0
225103,0.0
225104,0.1
225105,0.0
225106,0.02
225107,0.03
225108,0.01
225109,0.0
225110,0.05
225111,0.01
225112,0.0
225113,0.02
225114,0.22
225115,0.01
225116,0.0
225117,0.01
225118,0.09
225119,0.0
225120,0.56
225121,0.0
225122,0.06
225123,0.04
225124,0.0
225125,0.0
225126,0.6
225127,0.09
225128,0.02
225129,0.05
225130,0.0
225131,0.01
225132,0.22
225133,0.0
225134,0.05
225135,0.72
225136,0.92
225137,0.03
225138,0.0
225139,0.0
225140,0.03
225141,0.02
225142,0.0
225143,0.0
225144,0.01
225145,0.04
225146,0.13
225147,0.01
225148,0.0
225149,0.02
225150,0.02
225151,0.02
225152,0.01
225153,0.05
225154,0.02
225155,0.0
225156,0.03
225157,0.0
225158,0.04
225159,0.18
225160,0.15
225161,0.01
225162,0.0
225163,0.03
225164,0.19
225165,0.33
225166,0.01
225167,0.0
225168,0.01
225169,0.01
225170,0.05
225171,0.0
225172,0.0
225173,0.24
225174,0.06
225175,0.01
225176,0.0
225177,0.0
225178,0.0
225179,0.03
225180,0.05
225181,0.0
225182,0.0
225183,0.03
225184,0.0
225185,0.04
225186,0.06
225187,0.02
225188,0.0
225189,0.0
225190,0.01
225191,0.02
225192,0.0
225193,0.01
225194,0.0
225195,0.0
225196,0.0
225197,0.02
225198,0.0
225199,0.0
225200,0.01
225201,0.02
225202,0.0
225203,0.02
225204,0.04
225205,0.0
225206,0.03
225207,0.06
225208,0.0
225209,0.02
225210,0.03
225211,0.1
225212,0.016666666666666666
225213,0.02
225214,0.01
225215,0.9
225216,0.03
225217,0.04
225218,0.0
225219,0.0
225220,0.02
225221,0.0
225222,0.03
225223,0.05
225224,0.0
225225,0.04
225226,0.0
225227,0.01
225228,0.09
225229,0.02
225230,0.0
225231,0.0
225232,0.0
225233,0.02
225234,0.0
225235,0.09
225236,0.0
225237,0.0
225238,0.03
225239,0.01
225240,0.03
225241,0.01
225242,0.03
225243,0.76
225244,0.03
225245,0.01
225246,0.03
225247,0.06
225248,0.0
225249,0.02
225250,0.02
225251,0.34
225252,0.0
225253,0.04
225254,0.01
225255,0.01
225256,0.01
225257,0.0
225258,0.0
225259,0.0
225260,0.01
225261,0.06
225262,0.03
225263,0.02
225264,0.0
225265,0.02
225266,0.17
225267,0.14
225268,0.1
225269,0.0
225270,0.01
225271,0.0
225272,0.0
225273,0.01
225274,0.02
225275,0.17
225276,0.0
225277,0.04
225278,0.01
225279,0.01
225280,0.04
225281,0.01
225282,0.0
225283,0.04
225284,0.06
225285,0.0
225286,0.01
225287,0.05
225288,0.0
225289,0.0
225290,0.01
225291,0.01
225292,0.0
225293,0.0
225294,0.0
225295,0.08
225296,0.0
225297,0.08
225298,0.12
225299,0.01
225300,0.13
225301,0.02
225302,0.02
225303,0.13
225304,0.0
225305,0.04
225306,0.0
225307,0.0
225308,0.18
225309,0.03
225310,0.03
225311,0.1
225312,0.0
225313,0.1
225314,0.08
225315,0.02
225316,0.0
225317,0.0
225318,0.18
225319,0.0
225320,0.01
225321,0.02
225322,0.03
225323,0.04
225324,0.0
225325,0.02
225326,0.08
225327,0.0
225328,0.01
225329,0.2
225330,0.0
225331,0.01
225332,0.05
225333,0.01
225334,0.09
225335,0.0
225336,0.02
225337,0.02
225338,0.07
225339,0.01
225340,0.0
225341,0.6
225342,0.02
225343,0.0
225344,0.03
225345,0.0
225346,0.02
225347,0.22
225348,0.01
225349,0.05
225350,0.6466666666666666
225351,0.04
225352,0.01
225353,0.02
225354,0.0
225355,0.04
225356,0.0
225357,0.14
225358,0.02
225359,0.01
225360,0.0
225361,0.05
225362,0.01
225363,0.0
225364,0.03
225365,0.0
225366,0.04
225367,0.02
225368,0.0
225369,0.0
225370,0.73
225371,0.01
225372,0.0
225373,0.04
225374,0.0
225375,0.02
225376,0.13
225377,0.0
225378,0.08
225379,0.0
225380,0.0
225381,0.14
225382,0.07
225383,0.04
225384,0.01
225385,0.17
225386,0.0
225387,0.0
225388,0.03
225389,0.01
225390,0.07
225391,0.01
225392,0.13
225393,0.09
225394,0.16
225395,0.0
225396,0.14
225397,0.0
225398,0.0
225399,0.01
225400,0.01
225401,0.48
225402,0.0
225403,0.0
225404,0.06
225405,0.02
225406,0.0
225407,0.29
225408,0.0
225409,0.01
225410,0.02
225411,0.16
225412,0.02
225413,0.03
225414,0.01
225415,0.01
225416,0.0
225417,0.0
225418,0.16
225419,0.01
225420,0.02
225421,0.0
225422,0.01
225423,0.02
225424,0.99
225425,0.0
225426,0.0
225427,0.01
225428,0.01
225429,0.04
225430,0.12
225431,0.09
225432,0.0
225433,0.02
225434,0.01
225435,0.02
225436,0.0
225437,0.09
225438,0.02
225439,0.0
225440,0.01
225441,0.01
225442,0.01
225443,0.74
225444,0.06
225445,0.0
225446,0.0
225447,0.02
225448,0.0
225449,0.02
225450,0.06
225451,0.02
225452,0.0
225453,0.01
225454,0.0
225455,0.0
225456,0.02
225457,0.02
225458,0.04
225459,0.0
225460,0.01
225461,0.0
225462,0.01
225463,0.0
225464,0.06
225465,0.0
225466,0.02
225467,0.0
225468,0.0
225469,0.05
225470,0.04
225471,0.0
225472,0.11
225473,0.01
225474,0.0
225475,0.03
225476,0.01
225477,0.03
225478,0.01
225479,0.0
225480,0.0
225481,0.0
225482,0.36
225483,0.21
225484,0.0
225485,0.14
225486,0.0
225487,0.03
225488,0.0
225489,0.0
225490,0.02
225491,0.06
225492,0.85
225493,0.0
225494,0.02
225495,0.0
225496,0.01
225497,0.15
225498,0.04
225499,0.08
225500,0.09
225501,0.0
225502,0.0
225503,0.02
225504,0.06
225505,0.0
225506,0.08
225507,0.06
225508,0.99
225509,0.03
225510,0.0
225511,0.01
225512,0.0
225513,0.01
225514,0.05
225515,0.0
225516,0.03
225517,0.01
225518,0.01
225519,0.13
225520,0.0
225521,0.0
225522,0.01
225523,0.02
225524,0.0
225525,0.0
225526,0.01
225527,0.0
225528,0.05
225529,0.07
225530,0.02
225531,0.02
225532,0.01
225533,0.0
225534,0.32
225535,0.0
225536,0.0
225537,0.0
225538,0.03
225539,0.03
225540,0.01
225541,0.76
225542,0.0
225543,0.01
225544,0.0
225545,0.05
225546,0.03
225547,0.05
225548,0.21
225549,0.01
225550,0.01
225551,0.02
225552,0.03
225553,0.07
225554,0.9
225555,0.01
225556,0.04
225557,0.02
225558,0.01
225559,0.03
225560,0.66
225561,0.49
225562,0.0
225563,0.0
225564,0.01
225565,0.0
225566,0.0
225567,0.0
225568,0.02
225569,0.0
225570,0.06
225571,0.03
225572,0.01
225573,0.0
225574,0.0
225575,0.04
225576,0.03
225577,0.02
225578,0.0
225579,0.0
225580,0.03
225581,0.73
225582,0.03
225583,0.0
225584,0.0
225585,0.04
225586,0.03
225587,0.01
225588,0.0
225589,0.0
225590,0.07
225591,0.0
225592,0.03
225593,0.06
225594,0.06
225595,0.04
225596,0.01
225597,0.14
225598,0.01
225599,0.14
225600,0.02
225601,0.0
225602,0.07
225603,0.02
225604,0.81
225605,0.08
225606,0.01
225607,0.0
225608,0.0
225609,0.03
225610,0.02
225611,0.0
225612,0.05
225613,0.02
225614,0.06
225615,0.01
225616,0.02
225617,0.03
225618,0.02
225619,0.01
225620,0.02
225621,0.12
225622,0.02
225623,0.0
225624,0.01
225625,0.01
225626,0.07
225627,0.3
225628,0.0
225629,0.04
225630,0.03
225631,0.03
225632,0.01
225633,0.88
225634,0.0
225635,0.0
225636,0.0
225637,0.0
225638,0.01
225639,0.01
225640,0.07
225641,0.01
225642,0.03
225643,0.89
225644,0.02
225645,0.09
225646,0.0
225647,0.0
225648,0.07
225649,0.0
225650,0.0
225651,0.0
225652,0.01
225653,0.05
225654,0.01
225655,0.01
225656,0.03
225657,0.27
225658,0.01
225659,0.0
225660,0.0
225661,0.02
225662,0.0
225663,0.0
225664,0.0
225665,0.0
225666,0.01
225667,0.0
225668,0.02
225669,0.01
225670,0.02
225671,0.17
225672,0.0
225673,0.0
225674,0.0
225675,0.13
225676,0.12
225677,0.1
225678,0.01
225679,0.03
225680,0.01
225681,0.0
225682,0.0
225683,0.02
225684,0.01
225685,0.0
225686,0.0
225687,0.0
225688,0.01
225689,0.03
225690,0.03
225691,0.06
225692,0.01
225693,0.01
225694,0.94
225695,0.05
225696,0.0
225697,0.04
225698,0.69
225699,0.03
225700,0.01
225701,0.01
225702,0.0
225703,0.02
225704,0.01
225705,0.0
225706,0.01
225707,0.01
225708,0.0
225709,0.0
225710,0.03
225711,0.15
225712,0.0
225713,0.02
225714,0.0
225715,0.02
225716,0.0
225717,0.0
225718,0.1
225719,0.01
225720,0.01
225721,0.0
225722,0.76
225723,0.03
225724,0.01
225725,0.05
225726,0.06
225727,0.24
225728,0.0
225729,0.01
225730,0.01
225731,0.01
225732,0.0
225733,0.0
225734,0.04
225735,0.0
225736,0.0
225737,0.06
225738,0.0
225739,0.74
225740,0.06
225741,0.02
225742,0.01
225743,0.01
225744,0.8
225745,0.01
225746,0.0
225747,0.01
225748,0.0
225749,0.06
225750,0.04
225751,0.08
225752,0.02
225753,0.0
225754,0.0
225755,0.01
225756,0.01
225757,0.77
225758,0.94
225759,0.05
225760,0.0
225761,0.93
225762,0.0
225763,0.22
225764,0.01
225765,0.0
225766,0.01
225767,0.0
225768,0.0
225769,0.0
225770,0.77
225771,0.04
225772,0.03
225773,0.03
225774,0.02
225775,0.01
225776,0.03
225777,0.02
225778,0.01
225779,0.01
225780,0.02
225781,0.01
225782,0.01
225783,0.13
225784,0.01
225785,0.0
225786,0.0
225787,0.47
225788,0.01
225789,0.01
225790,0.0
225791,0.0
225792,0.18
225793,0.04
225794,0.0
225795,0.08
225796,0.0
225797,0.06
225798,0.0
225799,0.01
225800,0.01
225801,0.0
225802,0.03
225803,0.01
225804,0.0
225805,0.0
225806,0.01
225807,0.0
225808,0.01
225809,0.0
225810,0.0
225811,0.01
225812,0.0
225813,0.08
225814,0.02
225815,0.02
225816,0.0
225817,0.0
225818,0.02
225819,0.0
225820,0.0
225821,0.0
225822,0.02
225823,0.03
225824,0.02
225825,0.05
225826,0.0
225827,0.01
225828,0.02
225829,0.08
225830,0.0
225831,0.01
225832,0.01
225833,0.03
225834,0.0
225835,0.0
225836,0.02
225837,0.09
225838,0.0
225839,0.44
225840,0.02
225841,0.02
225842,0.0
225843,0.03
225844,0.0
225845,0.01
225846,0.0
225847,0.0
225848,0.0
225849,0.0
225850,0.44
225851,0.02
225852,0.01
225853,0.01
225854,0.0
225855,0.02
225856,0.01
225857,0.0
225858,0.21
225859,0.02
225860,0.0
225861,0.07
225862,0.01
225863,0.07
225864,0.03
225865,0.01
225866,0.09
225867,0.0
225868,0.0
225869,0.0
225870,0.03
225871,0.0
225872,0.31
225873,0.04
225874,0.0
225875,0.05
225876,0.07
225877,0.01
225878,0.0
225879,0.0
225880,0.05
225881,0.0
225882,0.01
225883,0.0
225884,0.34
225885,0.01
225886,0.01
225887,0.75
225888,0.03
225889,0.0
225890,0.03
225891,0.02
225892,0.07
225893,0.0
225894,0.0
225895,0.26
225896,0.02
225897,0.0
225898,0.04
225899,0.02
225900,0.0
225901,0.03
225902,0.0
225903,0.02
225904,0.01
225905,0.0
225906,0.0
225907,0.12
225908,0.12
225909,0.0
225910,0.02
225911,0.01
225912,0.04
225913,0.0
225914,0.02
225915,0.0
225916,0.03
225917,0.07
225918,0.05
225919,0.0
225920,0.02
225921,0.02
225922,0.0
225923,0.02
225924,0.01
225925,0.05
225926,0.0
225927,0.14
225928,0.02
225929,0.09
225930,0.05
225931,0.0
225932,0.0
225933,0.03
225934,0.1
225935,0.01
225936,0.0
225937,0.0
225938,0.02
225939,0.02
225940,0.0
225941,0.02
225942,0.77
225943,0.05
225944,0.02
225945,0.01
225946,0.03
225947,0.05
225948,0.34
225949,0.02
225950,0.0
225951,0.02
225952,0.03
225953,0.04
225954,0.01
225955,0.14
225956,0.05
225957,0.0
225958,0.01
225959,0.06
225960,0.03
225961,0.05
225962,0.01
225963,0.01
225964,0.0
225965,0.01
225966,0.0
225967,0.01
225968,0.04
225969,0.01
225970,0.01
225971,0.01
225972,0.01
225973,0.04
225974,0.03
225975,0.02
225976,0.0
225977,0.02
225978,0.01
225979,0.0
225980,0.0
225981,0.01
225982,0.02
225983,0.09
225984,0.01
225985,0.09
225986,0.03
225987,0.0
225988,0.0
225989,0.01
225990,0.02
225991,0.01
225992,0.0
225993,0.03
225994,0.01
225995,0.0
225996,0.02
225997,0.04
225998,0.0
225999,0.06
226000,0.0
226001,0.87
226002,0.0
226003,0.05
226004,0.04
226005,0.0
226006,0.0
226007,0.03
226008,0.0
226009,0.0
226010,0.0
226011,0.0
226012,0.0
226013,0.01
226014,0.01
226015,0.0
226016,0.01
226017,0.0
226018,0.0
226019,0.0
226020,0.04
226021,0.02
226022,0.0
226023,0.0
226024,0.0
226025,0.0
226026,0.04
226027,0.02
226028,0.01
226029,0.11
226030,0.01
226031,0.03
226032,0.0
226033,0.01
226034,0.01
226035,0.01
226036,0.05
226037,0.01
226038,0.03
226039,0.0
226040,0.03
226041,0.01
226042,0.04
226043,0.05
226044,0.0
226045,0.38
226046,0.01
226047,0.0
226048,0.01
226049,0.02
226050,0.07
226051,0.41
226052,0.01
226053,0.04
226054,0.0
226055,0.01
226056,0.0
226057,0.01
226058,0.1
226059,0.01
226060,0.07
226061,0.02
226062,0.0
226063,0.03
226064,0.02
226065,0.12
226066,0.0
226067,0.0
226068,0.03
226069,0.16
226070,0.06
226071,0.6
226072,0.01
226073,0.0
226074,0.01
226075,0.05
226076,0.0
226077,0.88
226078,0.01
226079,0.01
226080,0.03
226081,0.05
226082,0.0
226083,0.01
226084,0.04
226085,0.0
226086,0.0
226087,0.01
226088,0.04
226089,0.03
226090,0.0
226091,0.0
226092,0.01
226093,0.07
226094,0.05
226095,0.02
226096,0.02
226097,0.0
226098,0.0
226099,0.0
226100,0.07
226101,0.01
226102,0.01
226103,0.01
226104,0.02
226105,0.06
226106,0.0
226107,0.11
226108,0.0
226109,0.03
226110,0.92
226111,0.03
226112,0.18
226113,0.01
226114,0.0
226115,0.04
226116,0.0
226117,0.0
226118,0.01
226119,0.15
226120,0.0
226121,0.84
226122,0.08
226123,0.0
226124,0.02
226125,0.19
226126,0.01
226127,0.0
226128,0.02
226129,0.03
226130,0.0
226131,0.0
226132,0.01
226133,0.0
226134,0.0
226135,0.01
226136,0.02
226137,0.0
226138,0.01
226139,0.0
226140,0.01
226141,0.03
226142,0.03
226143,0.0
226144,0.24
226145,0.01
226146,0.04
226147,0.17
226148,0.08
226149,0.03
226150,0.05
226151,0.01
226152,0.43
226153,0.02
226154,0.01
226155,0.0
226156,0.02
226157,0.01
226158,0.15
226159,0.03
226160,0.01
226161,0.01
226162,0.0
226163,0.02
226164,0.02
226165,0.01
226166,0.01
226167,0.01
226168,0.02
226169,0.08
226170,0.01
226171,0.02
226172,0.07
226173,0.07
226174,0.01
226175,0.01
226176,0.09
226177,0.01
226178,0.02
226179,0.0
226180,0.0
226181,0.0
226182,0.01
226183,0.0
226184,0.04
226185,0.01
226186,0.01
226187,0.01
226188,0.0
226189,0.0
226190,0.15
226191,0.01
226192,0.01
226193,0.0
226194,0.0
226195,0.0
226196,0.01
226197,0.01
226198,0.0
226199,0.01
226200,0.0
226201,0.07
226202,0.02
226203,0.01
226204,0.1
226205,0.0
226206,0.01
226207,0.01
226208,0.01
226209,0.01
226210,0.02
226211,0.0
226212,0.01
226213,0.0
226214,0.01
226215,0.09
226216,0.07
226217,0.07
226218,0.01
226219,0.01
226220,0.12
226221,0.0
226222,0.94
226223,0.02
226224,0.11
226225,0.02
226226,0.01
226227,0.01
226228,0.02
226229,0.0
226230,0.06
226231,0.0
226232,0.0
226233,0.02
226234,0.02
226235,0.03
226236,0.0
226237,0.01
226238,0.01
226239,0.0
226240,0.03
226241,0.07
226242,0.03
226243,0.01
226244,0.01
226245,0.0
226246,0.03
226247,0.02
226248,0.0
226249,0.05
226250,0.0
226251,0.03
226252,0.0
226253,0.02
226254,0.0
226255,0.06
226256,0.01
226257,0.03
226258,0.0
226259,0.05
226260,0.0
226261,0.01
226262,0.0
226263,0.62
226264,0.03
226265,0.02
226266,0.0
226267,0.03
226268,0.0
226269,0.07
226270,0.01
226271,0.03
226272,0.07
226273,0.0
226274,0.01
226275,0.04
226276,0.03
226277,0.15
226278,0.01
226279,0.0
226280,0.01
226281,0.15
226282,0.03
226283,0.0
226284,0.0
226285,0.0
226286,0.07
226287,0.03
226288,0.0
226289,0.41
226290,0.0
226291,0.0
226292,0.0
226293,0.02
226294,0.09
226295,0.02333333333333333
226296,0.01
226297,0.02
226298,0.02
226299,0.0
226300,0.42
226301,0.04
226302,0.0
226303,0.0
226304,0.0
226305,0.04
226306,0.02
226307,0.0
226308,0.01
226309,0.0
226310,0.0
226311,0.0
226312,0.05
226313,0.03
226314,0.03
226315,0.0
226316,0.1
226317,0.01
226318,0.08
226319,0.0
226320,0.0
226321,0.0
226322,0.0
226323,0.04
226324,0.86
226325,0.01
226326,0.01
226327,0.01
226328,0.02
226329,0.03
226330,0.06
226331,0.01
226332,0.0
226333,0.0
226334,0.0
226335,0.01
226336,0.01
226337,0.03
226338,0.0
226339,0.03
226340,0.01
226341,0.22
226342,0.02
226343,0.02
226344,0.03
226345,0.0
226346,0.02
226347,0.0
226348,0.01
226349,0.0
226350,0.0
226351,0.0
226352,0.0
226353,0.01
226354,0.01
226355,0.0
226356,0.0
226357,0.0
226358,0.05
226359,0.0
226360,0.0
226361,0.02
226362,0.02
226363,0.03
226364,0.04
226365,0.0
226366,0.0
226367,0.03
226368,0.0
226369,0.0
226370,0.0
226371,0.03
226372,0.0
226373,0.01
226374,0.03
226375,0.01
226376,0.07
226377,0.04
226378,0.03
226379,0.05
226380,0.01
226381,0.01
226382,0.04
226383,0.02
226384,0.02
226385,0.02
226386,0.01
226387,0.06
226388,0.02
226389,0.92
226390,0.02
226391,0.0
226392,0.0
226393,0.17
226394,0.02
226395,0.04
226396,0.01
226397,0.0
226398,0.01
226399,0.01
226400,0.0
226401,0.06
226402,0.0
226403,0.0
226404,0.02
226405,0.01
226406,0.01
226407,0.02
226408,0.01
226409,0.06
226410,0.03
226411,0.09
226412,0.04
226413,0.0
226414,0.01
226415,0.02
226416,0.01
226417,0.0
226418,0.19
226419,0.01
226420,0.04
226421,0.0
226422,0.03
226423,0.0
226424,0.01
226425,0.74
226426,0.01
226427,0.0
226428,0.0
226429,0.04
226430,0.01
226431,0.12
226432,0.28
226433,0.0
226434,0.69
226435,0.06
226436,0.04
226437,0.13
226438,0.01
226439,0.0
226440,0.0
226441,0.03
226442,0.0
226443,0.0
226444,0.0
226445,0.04
226446,0.0
226447,0.01
226448,0.22
226449,0.0
226450,0.77
226451,0.0
226452,0.02
226453,0.01
226454,0.0
226455,0.02
226456,0.05
226457,0.89
226458,0.0
226459,0.02
226460,0.02
226461,0.02
226462,0.0
226463,0.01
226464,0.01
226465,0.01
226466,0.0
226467,0.05
226468,0.01
226469,0.03
226470,0.02
226471,0.01
226472,0.02
226473,0.0
226474,0.02
226475,0.0
226476,0.0
226477,0.5
226478,0.0
226479,0.02
226480,0.15
226481,0.0
226482,0.0
226483,0.03
226484,0.11
226485,0.06
226486,0.0
226487,0.71
226488,0.4
226489,0.01
226490,0.02
226491,0.0
226492,0.03
226493,0.01
226494,0.01
226495,0.0
226496,0.04
226497,0.03
226498,0.02
226499,0.03
226500,0.0
226501,0.02
226502,0.76
226503,0.01
226504,0.25
226505,0.0
226506,0.01
226507,0.04
226508,0.02
226509,0.02
226510,0.01
226511,0.0
226512,0.08
226513,0.01
226514,0.01
226515,0.0
226516,0.07
226517,0.04
226518,0.0
226519,0.49
226520,0.11
226521,0.03
226522,0.01
226523,0.07
226524,0.0
226525,0.26
226526,0.63
226527,0.04
226528,0.0
226529,0.05
226530,0.02
226531,0.0
226532,0.02
226533,0.02
226534,0.01
226535,0.0
226536,0.06
226537,0.01
226538,0.02
226539,0.08
226540,0.0
226541,0.01
226542,0.0
226543,0.03
226544,0.05
226545,0.01
226546,0.0
226547,0.05
226548,0.03
226549,0.0
226550,0.0
226551,0.0
226552,0.06
226553,0.03
226554,0.01
226555,0.0
226556,0.0
226557,0.04
226558,0.12
226559,0.0
226560,0.03
226561,0.0
226562,0.18
226563,0.01
226564,0.03
226565,0.01
226566,0.12
226567,0.0
226568,0.0
226569,0.01
226570,0.07
226571,0.0
226572,0.07
226573,0.0
226574,0.01
226575,0.04
226576,0.04
226577,0.07
226578,0.0
226579,0.18
226580,0.1
226581,0.03
226582,0.02
226583,0.03
226584,0.43
226585,0.0
226586,0.0
226587,0.01
226588,0.01
226589,0.05
226590,0.01
226591,0.03
226592,0.0
226593,0.01
226594,0.59
226595,0.0
226596,0.0
226597,0.0
226598,0.0
226599,0.02
226600,0.95
226601,0.64
226602,0.0
226603,0.03
226604,0.0
226605,0.01
226606,0.0
226607,0.01
226608,0.07
226609,0.02
226610,0.0
226611,0.0
226612,0.31
226613,0.01
226614,0.07
226615,0.0
226616,0.0
226617,0.01
226618,0.0
226619,0.01
226620,0.02
226621,0.01
226622,0.17
226623,0.0
226624,0.0
226625,0.0
226626,0.31
226627,0.01
226628,0.05
226629,0.02
226630,0.0
226631,0.0
226632,0.0
226633,0.02
226634,0.01
226635,0.05
226636,0.01
226637,0.01
226638,0.0
226639,0.02
226640,0.0
226641,0.03
226642,0.0
226643,0.03
226644,0.0
226645,0.0
226646,0.05
226647,0.38
226648,0.0
226649,0.0
226650,0.06
226651,0.0
226652,0.01
226653,0.07
226654,0.02
226655,0.05
226656,0.03
226657,0.01
226658,0.03
226659,0.01
226660,0.02
226661,0.0
226662,0.01
226663,0.0
226664,0.31
226665,0.01
226666,0.0
226667,0.01
226668,0.28
226669,0.02
226670,0.02
226671,0.0
226672,0.0
226673,0.0
226674,0.03
226675,0.0
226676,0.0
226677,0.0
226678,0.03
226679,0.0
226680,0.08
226681,0.0
226682,0.0
226683,0.0
226684,0.03
226685,0.02
226686,0.0
226687,0.01
226688,0.0
226689,0.01
226690,0.01
226691,0.05
226692,0.0
226693,0.07
226694,0.05
226695,0.01
226696,0.09
226697,0.0
226698,1.0
226699,0.0
226700,0.01
226701,0.07
226702,0.01
226703,0.2
226704,0.19
226705,0.88
226706,0.0
226707,0.06
226708,0.01
226709,0.0
226710,0.0
226711,0.0
226712,0.02
226713,0.02
226714,0.0
226715,0.95
226716,0.0
226717,0.1
226718,0.14
226719,0.09
226720,0.01
226721,0.01
226722,0.0
226723,0.03
226724,0.0
226725,0.0
226726,0.03
226727,0.0
226728,0.02
226729,0.0
226730,0.03
226731,0.02
226732,0.04
226733,0.01
226734,0.09
226735,0.0
226736,0.01
226737,0.05
226738,0.06
226739,0.0
226740,0.03
226741,0.47
226742,0.0
226743,0.06
226744,0.0
226745,0.0
226746,0.02
226747,0.08
226748,0.01
226749,0.01
226750,0.02
226751,0.01
226752,0.01
226753,0.0
226754,0.01
226755,0.0
226756,0.17
226757,0.0
226758,0.0
226759,0.11
226760,0.05
226761,0.76
226762,0.0
226763,0.12
226764,0.06
226765,0.65
226766,0.05
226767,0.01
226768,0.03
226769,0.03
226770,0.01
226771,0.01
226772,0.01
226773,0.01
226774,0.11
226775,0.0
226776,0.0
226777,0.0
226778,0.0
226779,0.01
226780,0.02
226781,0.0
226782,0.78
226783,0.0
226784,0.57
226785,0.0
226786,0.01
226787,0.03
226788,0.01
226789,0.0
226790,0.12
226791,0.03
226792,0.0
226793,0.01
226794,0.01
226795,0.0
226796,0.49
226797,0.45
226798,0.15
226799,0.08
226800,0.0
226801,0.02
226802,0.0
226803,0.0
226804,0.02
226805,0.03
226806,0.04
226807,0.05
226808,0.0
226809,0.01
226810,0.01
226811,0.01
226812,0.0
226813,0.0
226814,0.0
226815,0.0
226816,0.0
226817,0.02
226818,0.0
226819,0.51
226820,0.0
226821,0.0
226822,0.01
226823,0.31
226824,0.01
226825,0.04
226826,0.01
226827,0.02
226828,0.01
226829,0.0
226830,0.05
226831,0.0
226832,0.05
226833,0.0
226834,0.01
226835,0.68
226836,0.05
226837,0.05
226838,0.02
226839,0.03
226840,0.01
226841,0.0
226842,0.0
226843,0.0
226844,0.96
226845,0.1
226846,0.0
226847,0.04
226848,0.1
226849,0.04
226850,0.0
226851,0.0
226852,0.02
226853,0.04
226854,0.21
226855,0.01
226856,0.0
226857,0.0
226858,0.01
226859,0.0
226860,0.25
226861,0.02
226862,0.07
226863,0.0
226864,0.02
226865,0.09
226866,0.05
226867,0.05
226868,0.02
226869,0.02
226870,0.01
226871,0.03
226872,0.02
226873,0.04
226874,0.01
226875,0.0
226876,0.0
226877,0.0
226878,0.02
226879,0.0
226880,0.04
226881,0.03
226882,0.01
226883,0.0
226884,0.03
226885,0.02
226886,0.08
226887,0.06
226888,0.01
226889,0.0
226890,0.01
226891,0.01
226892,0.0
226893,0.0
226894,0.05
226895,0.01
226896,0.01
226897,0.01
226898,0.05
226899,0.01
226900,0.16
226901,0.0
226902,0.05
226903,0.0
226904,0.82
226905,0.01
226906,0.035
226907,0.0
226908,0.01
226909,0.03
226910,0.0
226911,0.42
226912,0.0
226913,0.0
226914,0.02
226915,0.06
226916,0.0
226917,0.0
226918,0.03
226919,0.49
226920,0.03
226921,0.52
226922,0.07
226923,0.01
226924,0.0
226925,0.0
226926,0.0
226927,0.34
226928,0.01
226929,0.0
226930,0.0
226931,0.02
226932,0.0
226933,0.0
226934,0.02
226935,0.16
226936,0.0
226937,0.02
226938,0.12
226939,0.0
226940,0.01
226941,0.04
226942,0.01
226943,0.03
226944,0.0
226945,0.03
226946,0.0
226947,0.0
226948,0.02
226949,0.0
226950,0.01
226951,0.01
226952,0.54
226953,0.0
226954,0.01
226955,0.0
226956,0.0
226957,0.08
226958,0.03
226959,0.04
226960,0.0
226961,0.01
226962,0.0
226963,0.02
226964,0.0
226965,0.0
226966,0.0
226967,0.01
226968,0.1
226969,0.03
226970,0.06
226971,0.0
226972,0.23
226973,0.01
226974,0.01
226975,0.15
226976,0.0
226977,0.03
226978,0.94
226979,0.0
226980,0.08
226981,0.0
226982,0.01
226983,0.02
226984,0.0
226985,0.0
226986,0.01
226987,0.03
226988,0.0
226989,0.65
226990,0.04
226991,0.06
226992,0.01
226993,0.65
226994,0.0
226995,0.16
226996,0.0
226997,0.18
226998,0.02
226999,0.1
227000,0.0
227001,0.02
227002,0.01
227003,0.02
227004,0.01
227005,0.0
227006,0.0
227007,0.18
227008,0.01
227009,0.0
227010,0.01
227011,0.04
227012,0.01
227013,0.0
227014,0.03
227015,0.01
227016,0.0
227017,0.1
227018,0.01
227019,0.0
227020,0.0
227021,0.06
227022,0.01
227023,0.07
227024,0.02
227025,0.01
227026,0.03
227027,0.0
227028,0.82
227029,0.0
227030,0.0
227031,0.0
227032,0.01
227033,0.01
227034,0.0
227035,0.02
227036,0.0
227037,0.0
227038,0.13
227039,0.0
227040,0.01
227041,0.026666666666666665
227042,0.06
227043,0.01
227044,0.01
227045,0.21
227046,0.02
227047,0.03
227048,0.03
227049,0.01
227050,0.01
227051,0.0
227052,0.0
227053,0.0
227054,0.0
227055,0.02
227056,0.03
227057,0.02
227058,0.03
227059,0.13
227060,0.0
227061,0.02
227062,0.0
227063,0.01
227064,0.02
227065,0.0
227066,0.9
227067,0.46
227068,0.0
227069,0.02
227070,0.03
227071,0.01
227072,0.0
227073,0.0
227074,0.0
227075,0.0
227076,0.0
227077,0.0
227078,0.0
227079,0.02
227080,0.01
227081,0.04
227082,0.03
227083,0.0
227084,0.0
227085,0.0
227086,0.0
227087,0.02
227088,0.0
227089,0.01
227090,0.04
227091,0.0
227092,0.0
227093,0.02
227094,0.0
227095,0.08
227096,0.02
227097,0.01
227098,0.01
227099,0.01
227100,0.01
227101,0.23
227102,0.02
227103,0.0
227104,0.05
227105,0.04
227106,0.0
227107,0.05
227108,0.0
227109,0.0
227110,0.0
227111,0.0
227112,0.0
227113,0.0
227114,0.01
227115,0.04
227116,0.03
227117,0.01
227118,0.01
227119,0.11
227120,0.02
227121,0.35
227122,0.0
227123,0.0
227124,0.02
227125,0.02
227126,0.0
227127,0.0
227128,0.02
227129,0.01
227130,0.02
227131,0.0
227132,0.04
227133,0.0
227134,0.01
227135,0.01
227136,0.04
227137,0.01
227138,0.0
227139,0.03
227140,0.03
227141,0.05
227142,0.03
227143,0.01
227144,0.01
227145,0.0
227146,0.03
227147,0.0
227148,0.1
227149,0.09
227150,0.05
227151,0.02
227152,0.03
227153,0.0
227154,0.58
227155,0.04
227156,0.01
227157,0.06
227158,0.01
227159,0.01
227160,0.01
227161,0.02
227162,0.03
227163,0.1
227164,0.08
227165,0.01
227166,0.026666666666666665
227167,0.01
227168,0.03
227169,0.08
227170,0.01
227171,0.0
227172,0.0
227173,0.02
227174,0.01
227175,0.0
227176,0.29
227177,0.01
227178,0.05
227179,0.0
227180,0.01
227181,0.07
227182,0.13
227183,0.14
227184,0.0
227185,0.95
227186,0.01
227187,0.0
227188,0.02
227189,0.8
227190,0.01
227191,0.07
227192,0.03
227193,0.01
227194,0.0
227195,0.1
227196,0.45
227197,0.04
227198,0.01
227199,0.1
227200,0.08
227201,0.0
227202,0.0
227203,0.0
227204,0.04
227205,0.0
227206,0.0
227207,0.89
227208,0.05
227209,0.0
227210,0.12
227211,0.03
227212,0.0
227213,0.41
227214,0.0
227215,0.0
227216,0.0
227217,0.0
227218,0.01
227219,0.0
227220,0.02
227221,0.05
227222,0.01
227223,0.02
227224,0.0
227225,0.0
227226,0.016
227227,0.0
227228,0.0
227229,0.95
227230,0.0
227231,0.04
227232,0.01
227233,0.05
227234,0.0
227235,0.0
227236,0.02
227237,0.0
227238,0.01
227239,0.02
227240,0.01
227241,0.0
227242,0.03
227243,0.07
227244,0.01
227245,0.0
227246,0.1
227247,0.01
227248,0.03
227249,0.06
227250,0.02
227251,0.03
227252,0.0
227253,0.01
227254,0.01
227255,0.01
227256,0.01
227257,0.01
227258,0.1
227259,0.0
227260,0.0
227261,0.0
227262,0.0
227263,0.06
227264,0.77
227265,0.02
227266,0.0
227267,0.03
227268,0.01
227269,0.0
227270,0.01
227271,0.02
227272,0.02
227273,0.02
227274,0.02
227275,0.0
227276,0.0
227277,0.36
227278,0.0
227279,0.04
227280,0.01
227281,0.01
227282,0.95
227283,0.01
227284,0.08
227285,0.01
227286,0.02
227287,0.0
227288,0.04
227289,0.01
227290,0.08
227291,0.04
227292,0.03
227293,0.01
227294,0.01
227295,0.01
227296,0.0
227297,0.06
227298,0.01
227299,0.03
227300,0.05
227301,0.03
227302,0.91
227303,0.38
227304,0.02
227305,0.06
227306,0.0
227307,0.0
227308,0.01
227309,0.04
227310,0.05
227311,0.92
227312,0.02
227313,0.06
227314,0.01
227315,0.01
227316,0.01
227317,0.0
227318,0.0
227319,0.01
227320,0.0
227321,0.0
227322,0.0
227323,0.02
227324,0.01
227325,0.035
227326,0.38
227327,0.0
227328,0.05
227329,0.01
227330,0.02
227331,0.01
227332,0.01
227333,0.0
227334,0.0
227335,0.07
227336,0.08
227337,0.04
227338,0.02
227339,0.0
227340,0.0
227341,0.02
227342,0.0
227343,0.01
227344,0.0
227345,0.0
227346,0.01
227347,0.0
227348,0.0
227349,0.02
227350,0.0
227351,0.02
227352,0.01
227353,0.0
227354,0.1
227355,0.08
227356,0.04
227357,0.61
227358,0.02
227359,0.04
227360,0.01
227361,0.02
227362,0.01
227363,0.0
227364,0.03
227365,0.12
227366,0.0
227367,0.03
227368,0.0
227369,0.02
227370,0.04
227371,0.0
227372,0.0
227373,0.31
227374,0.01
227375,0.0
227376,0.05
227377,0.0
227378,0.0
227379,0.07
227380,0.02
227381,0.0
227382,0.05
227383,0.0
227384,0.01
227385,0.0
227386,0.01
227387,0.02
227388,0.38
227389,0.05
227390,0.01
227391,0.01
227392,0.14
227393,0.01
227394,0.03
227395,0.05
227396,0.01
227397,0.0
227398,0.0
227399,0.03666666666666667
227400,0.02
227401,0.03
227402,0.02
227403,0.01
227404,0.0
227405,0.4
227406,0.02
227407,0.02
227408,0.0
227409,0.01
227410,0.06
227411,0.0
227412,0.03
227413,0.91
227414,0.0
227415,0.04
227416,0.37
227417,0.02
227418,0.0
227419,0.01
227420,0.0
227421,0.07
227422,0.01
227423,0.0
227424,0.0
227425,0.01
227426,0.03
227427,0.44
227428,0.12
227429,0.05
227430,0.02
227431,1.0
227432,0.83
227433,0.03
227434,0.03
227435,0.03
227436,0.0
227437,0.03
227438,0.01
227439,0.01
227440,0.84
227441,0.03
227442,0.0
227443,0.04
227444,0.0
227445,0.0
227446,0.02
227447,0.04
227448,0.02
227449,0.0
227450,0.05
227451,0.01
227452,0.02
227453,0.0
227454,0.0
227455,0.01
227456,0.0
227457,0.03
227458,0.03
227459,0.0
227460,0.01
227461,0.13
227462,0.01
227463,0.0
227464,0.01
227465,0.02
227466,0.0
227467,0.19
227468,0.01
227469,0.0
227470,0.01
227471,0.01
227472,0.02
227473,0.0
227474,0.21
227475,0.03
227476,0.02
227477,0.01
227478,0.2
227479,0.0
227480,0.04
227481,0.01
227482,0.0
227483,0.84
227484,0.01
227485,0.01
227486,0.03
227487,0.02
227488,0.0
227489,0.0
227490,0.0
227491,0.0
227492,0.03
227493,0.01
227494,0.0
227495,0.01
227496,0.01
227497,0.0
227498,0.0
227499,0.01
227500,0.0
227501,0.0
227502,0.01
227503,0.04
227504,0.02
227505,0.01
227506,0.0
227507,0.01
227508,0.01
227509,0.37
227510,0.08
227511,0.09
227512,0.0
227513,0.0
227514,0.02
227515,0.01
227516,0.0
227517,0.09
227518,0.0
227519,0.35
227520,0.0
227521,0.08
227522,0.16
227523,0.01
227524,0.03
227525,0.05
227526,0.0
227527,0.0
227528,0.0
227529,0.53
227530,0.01
227531,0.0
227532,0.01
227533,0.07
227534,0.0
227535,0.04
227536,0.01
227537,0.0
227538,0.04
227539,0.0
227540,0.0
227541,0.0
227542,0.04
227543,0.01
227544,0.02
227545,0.01
227546,0.02
227547,0.0
227548,0.0
227549,0.01
227550,0.04
227551,0.0
227552,0.0
227553,0.02
227554,0.0
227555,0.84
227556,0.05
227557,0.02
227558,0.0
227559,0.0
227560,0.01
227561,0.07
227562,0.02
227563,0.0
227564,0.01
227565,0.04
227566,0.42
227567,0.03
227568,0.01
227569,0.05
227570,0.0
227571,0.04
227572,0.01
227573,0.0
227574,0.02
227575,0.09
227576,0.1
227577,0.01
227578,0.0
227579,0.1
227580,0.01
227581,0.0
227582,0.0
227583,0.03
227584,0.0
227585,0.05
227586,0.0
227587,0.0
227588,0.01
227589,0.0
227590,0.0
227591,0.01
227592,0.12
227593,0.04
227594,0.17
227595,0.01
227596,0.01
227597,0.01
227598,0.0
227599,0.0
227600,0.0
227601,0.0
227602,0.0
227603,0.02
227604,0.03
227605,0.0
227606,0.74
227607,0.02
227608,0.05
227609,0.49
227610,0.17
227611,0.0
227612,0.02
227613,0.0
227614,0.03
227615,0.0
227616,0.02
227617,0.1
227618,0.03
227619,0.05
227620,0.01
227621,0.61
227622,0.0
227623,0.0
227624,0.0
227625,0.05
227626,0.0
227627,0.02
227628,0.07
227629,0.02
227630,0.0
227631,0.03
227632,0.08
227633,0.02
227634,0.0
227635,0.02
227636,0.0
227637,0.08
227638,0.02
227639,0.01
227640,0.0
227641,0.0
227642,0.0
227643,0.01
227644,0.57
227645,0.03
227646,0.01
227647,0.01
227648,0.0
227649,0.04
227650,0.02
227651,0.03
227652,0.09
227653,0.01
227654,0.02
227655,0.03
227656,0.0
227657,0.0
227658,0.07
227659,0.0
227660,0.04
227661,0.03
227662,0.01
227663,0.01
227664,0.0
227665,0.01
227666,0.01
227667,0.0
227668,0.03
227669,0.01
227670,0.07
227671,0.0
227672,0.006666666666666666
227673,0.02
227674,0.0
227675,0.0
227676,0.01
227677,0.04
227678,0.69
227679,0.02
227680,0.07
227681,0.01
227682,0.05
227683,0.01
227684,0.01
227685,0.0
227686,0.01
227687,0.04
227688,0.01
227689,0.02
227690,0.04
227691,0.02
227692,0.02
227693,0.08
227694,0.01
227695,0.055
227696,0.09
227697,0.0
227698,0.0
227699,0.01
227700,0.02
227701,0.04
227702,0.02
227703,0.12
227704,0.0
227705,0.02
227706,0.04
227707,0.0
227708,0.14
227709,0.01
227710,0.02
227711,0.0
227712,0.01
227713,0.0
227714,0.03
227715,0.0
227716,0.0
227717,0.0
227718,0.02
227719,0.04
227720,0.02
227721,0.03
227722,0.29
227723,0.01
227724,0.01
227725,0.0
227726,0.07
227727,0.0
227728,0.0
227729,0.0
227730,0.02
227731,0.0
227732,0.0
227733,0.02
227734,0.02
227735,0.0
227736,0.05
227737,0.03
227738,0.95
227739,0.02
227740,0.09
227741,0.0
227742,0.0
227743,0.0
227744,0.02
227745,0.02
227746,0.33
227747,0.0
227748,0.01
227749,0.0
227750,0.01
227751,0.1
227752,0.0
227753,0.02
227754,0.03
227755,0.02
227756,0.06
227757,0.09
227758,0.0
227759,0.02
227760,0.0
227761,0.0
227762,0.03
227763,0.0
227764,0.08
227765,0.0
227766,0.0
227767,0.01
227768,0.07
227769,0.0
227770,0.0
227771,0.06
227772,0.01
227773,0.04
227774,0.01
227775,0.0
227776,0.04
227777,0.01
227778,0.0
227779,0.03
227780,0.05
227781,0.01
227782,0.0
227783,0.08
227784,0.01
227785,0.01
227786,0.0
227787,0.0
227788,0.02
227789,0.01
227790,0.13
227791,0.01
227792,0.02
227793,0.01
227794,0.0
227795,0.13
227796,0.04
227797,0.0
227798,0.06
227799,0.0
227800,0.01
227801,0.0
227802,0.08
227803,0.0
227804,0.0
227805,0.1
227806,0.0
227807,0.0
227808,0.0
227809,0.0
227810,0.0
227811,0.32
227812,0.0
227813,0.01
227814,0.01
227815,0.01
227816,0.01
227817,0.03
227818,0.04
227819,0.02
227820,0.02
227821,0.01
227822,0.08
227823,0.02
227824,0.0
227825,0.0
227826,0.0
227827,0.22
227828,0.0
227829,0.0
227830,0.0
227831,0.0
227832,0.0
227833,0.01
227834,0.61
227835,0.04
227836,0.0
227837,0.06
227838,0.02
227839,0.1
227840,0.0
227841,0.0
227842,0.39
227843,0.01
227844,0.01
227845,0.08
227846,0.01
227847,0.03
227848,0.17
227849,0.01
227850,0.0
227851,0.0
227852,0.03
227853,0.0
227854,0.0
227855,0.01
227856,0.2
227857,0.06
227858,0.01
227859,0.07
227860,0.33
227861,0.02
227862,0.03
227863,0.04
227864,0.06
227865,0.02
227866,0.02
227867,0.01
227868,0.01
227869,0.02
227870,0.18
227871,0.03
227872,0.02
227873,0.03
227874,0.05
227875,0.61
227876,0.0
227877,0.04
227878,0.0
227879,0.0
227880,0.0
227881,0.0
227882,0.01
227883,0.0
227884,0.0
227885,0.11
227886,0.01
227887,0.02
227888,0.03
227889,0.0
227890,0.0
227891,0.02
227892,0.01
227893,0.01
227894,0.0
227895,0.0
227896,0.02
227897,0.01
227898,0.02
227899,0.03
227900,0.01
227901,0.0
227902,0.0
227903,0.01
227904,0.0
227905,0.02
227906,0.07
227907,0.0
227908,0.0
227909,0.02
227910,0.15
227911,0.14
227912,0.01
227913,0.0
227914,0.02
227915,0.02
227916,0.03
227917,0.01
227918,0.0
227919,0.0
227920,0.52
227921,0.81
227922,0.03
227923,0.05
227924,0.03
227925,0.02
227926,0.12
227927,0.01
227928,0.24
227929,0.01
227930,0.0
227931,0.04
227932,0.01
227933,0.0
227934,0.07
227935,0.0
227936,0.09
227937,0.01
227938,0.09
227939,0.0
227940,0.0
227941,0.0
227942,0.0
227943,0.05
227944,0.0
227945,0.02
227946,0.0
227947,0.1
227948,0.02
227949,0.01
227950,0.08
227951,0.96
227952,0.12
227953,0.23
227954,0.46
227955,0.0
227956,0.0
227957,0.0
227958,0.01
227959,0.0
227960,0.023333333333333334
227961,0.0
227962,0.02
227963,0.51
227964,0.02
227965,0.07
227966,0.03
227967,0.02
227968,0.0
227969,0.0
227970,0.01
227971,0.05
227972,0.0
227973,0.0
227974,0.08
227975,0.02
227976,0.02
227977,0.01
227978,0.24
227979,0.21
227980,0.02
227981,0.04
227982,0.05
227983,0.02
227984,0.0
227985,0.0
227986,0.0
227987,0.0
227988,0.03
227989,0.02
227990,0.0
227991,0.02
227992,0.02
227993,0.01
227994,0.03
227995,0.01
227996,0.12
227997,0.01
227998,0.0
227999,0.0
228000,0.0
228001,0.0
228002,0.0
228003,0.06
228004,0.01
228005,0.02
228006,0.04
228007,0.01
228008,0.01
228009,0.03
228010,0.0
228011,0.0
228012,0.03
228013,0.0
228014,0.0
228015,0.0
228016,0.06
228017,0.05
228018,0.46
228019,0.02
228020,0.02
228021,0.0
228022,0.04
228023,0.0
228024,0.0
228025,0.2
228026,0.01
228027,0.02
228028,0.1
228029,0.01
228030,0.03
228031,0.0
228032,0.05
228033,0.0
228034,0.0
228035,0.0
228036,0.08
228037,0.01
228038,0.0
228039,0.0
228040,0.01
228041,0.04
228042,0.17
228043,0.0
228044,0.01
228045,0.05
228046,0.0
228047,0.01
228048,0.01
228049,0.0
228050,0.06
228051,0.83
228052,0.01
228053,0.05
228054,0.06
228055,0.25
228056,0.33
228057,0.0
228058,0.04
228059,0.02
228060,0.17
228061,0.02
228062,0.01
228063,0.02
228064,0.01
228065,0.01
228066,0.0
228067,0.04
228068,0.01
228069,0.0
228070,0.08
228071,0.0
228072,0.03
228073,0.02
228074,0.04
228075,0.03
228076,0.02
228077,0.0
228078,0.0
228079,0.0
228080,0.0
228081,0.01
228082,0.03
228083,0.01
228084,0.01
228085,0.0
228086,0.0
228087,0.23
228088,0.04
228089,0.01
228090,0.01
228091,0.02
228092,0.0
228093,0.03
228094,0.04
228095,0.0
228096,0.02
228097,0.01
228098,0.04
228099,0.02
228100,0.0
228101,0.13
228102,0.01
228103,0.0
228104,0.0
228105,0.01
228106,0.0
228107,0.76
228108,0.0
228109,0.0
228110,0.02
228111,0.01
228112,0.0
228113,0.01
228114,0.0
228115,0.0
228116,0.88
228117,0.0
228118,0.02
228119,0.04
228120,0.0
228121,0.01
228122,0.06
228123,0.03
228124,0.0
228125,0.48
228126,0.01
228127,0.01
228128,0.01
228129,0.0
228130,0.0
228131,0.01
228132,0.0
228133,0.03
228134,0.0
228135,0.02
228136,0.0
228137,0.0
228138,0.23
228139,0.0
228140,1.0
228141,0.02
228142,0.0
228143,0.38
228144,0.02
228145,0.04
228146,0.01
228147,0.04
228148,0.0
228149,0.07
228150,0.01
228151,0.02
228152,0.02
228153,0.01
228154,0.0
228155,0.01
228156,0.01
228157,0.03
228158,0.01
228159,0.01
228160,0.0
228161,0.18
228162,0.0
228163,0.03
228164,0.0
228165,0.4
228166,0.0
228167,0.2
228168,0.01
228169,0.04
228170,0.0
228171,0.06
228172,0.0
228173,0.01
228174,0.0
228175,0.03
228176,0.01
228177,0.01
228178,0.02
228179,0.0
228180,0.0
228181,0.0
228182,0.0
228183,0.11
228184,0.05
228185,0.0
228186,0.09
228187,0.05
228188,0.07
228189,0.91
228190,0.01
228191,0.01
228192,0.01
228193,0.04
228194,0.01
228195,0.0
228196,0.0
228197,0.03
228198,0.0
228199,0.09
228200,0.01
228201,0.08
228202,0.04
228203,0.0
228204,0.0
228205,0.05
228206,0.01
228207,0.03
228208,0.08
228209,0.0
228210,0.02
228211,0.01
228212,0.06
228213,0.0
228214,0.02
228215,0.0
228216,0.11
228217,0.02
228218,0.04
228219,0.01
228220,0.02
228221,0.21
228222,0.01
228223,0.02
228224,0.03
228225,0.04
228226,0.01
228227,0.0
228228,0.02
228229,0.01
228230,0.06
228231,0.11
228232,0.01
228233,0.87
228234,0.0
228235,0.05
228236,0.0
228237,0.0
228238,0.06
228239,0.01
228240,0.09
228241,0.05
228242,0.0
228243,0.03
228244,0.02
228245,0.02
228246,0.05
228247,0.0
228248,0.07
228249,0.02
228250,0.0
228251,0.01
228252,0.03
228253,0.02
228254,0.04
228255,0.0
228256,0.38
228257,0.1
228258,0.9256666666666666
228259,0.0
228260,0.0
228261,0.11
228262,0.06
228263,0.1
228264,0.06
228265,0.03
228266,0.0
228267,0.01
228268,0.08
228269,0.02
228270,0.69
228271,0.06
228272,0.0
228273,0.02
228274,0.01
228275,0.01
228276,0.0
228277,0.0
228278,0.02
228279,0.01
228280,0.27
228281,0.01
228282,0.02
228283,0.03
228284,0.0
228285,0.02
228286,0.02
228287,0.01
228288,0.0
228289,0.01
228290,0.04
228291,0.0
228292,0.02
228293,0.06
228294,0.01
228295,0.02
228296,0.03
228297,0.05
228298,0.01
228299,0.02
228300,0.02
228301,0.03
228302,0.0
228303,0.0
228304,0.07
228305,0.0
228306,0.0
228307,0.0
228308,0.0
228309,0.0
228310,0.0
228311,0.0
228312,0.0
228313,0.01
228314,0.0
228315,0.0
228316,0.0
228317,0.03
228318,0.01
228319,0.01
228320,0.31
228321,0.02
228322,0.02
228323,0.0
228324,0.09
228325,0.01
228326,0.0
228327,0.03
228328,0.01
228329,0.1
228330,0.0
228331,0.11
228332,0.01
228333,0.0
228334,0.01
228335,0.04
228336,0.01
228337,0.08
228338,0.87
228339,0.0
228340,0.01
228341,0.05
228342,0.02
228343,0.04
228344,0.02
228345,0.21333333333333332
228346,0.0
228347,0.03
228348,0.02
228349,0.03
228350,0.03
228351,0.46
228352,0.07
228353,0.01
228354,0.08
228355,0.0
228356,0.02
228357,0.01
228358,0.03
228359,0.08
228360,0.03
228361,0.0
228362,0.03
228363,0.01
228364,0.03
228365,0.08
228366,0.01
228367,0.0
228368,1.0
228369,0.07
228370,0.02
228371,0.0
228372,0.01
228373,0.01
228374,0.02
228375,0.02
228376,0.0
228377,0.01
228378,0.0
228379,0.0
228380,0.05
228381,0.03
228382,0.0
228383,0.0
228384,0.01
228385,0.01
228386,0.88
228387,0.09
228388,0.02
228389,0.01
228390,0.01
228391,0.01
228392,0.03
228393,0.0
228394,0.06
228395,0.03
228396,0.03
228397,0.01
228398,0.0
228399,0.0
228400,0.0
228401,0.02
228402,0.55
228403,0.01
228404,0.0
228405,0.0
228406,0.01
228407,0.01
228408,0.03
228409,0.01
228410,0.0
228411,0.01
228412,0.0
228413,0.03
228414,0.01
228415,0.03
228416,0.01
228417,0.09
228418,0.0
228419,0.01
228420,0.4066666666666666
228421,0.05
228422,0.22
228423,0.02
228424,0.01
228425,0.0
228426,0.02
228427,0.02
228428,0.01
228429,0.01
228430,0.0
228431,0.01
228432,0.0
228433,0.17
228434,0.0
228435,0.03
228436,0.16
228437,0.03
228438,0.01
228439,0.01
228440,0.0
228441,0.01
228442,0.09
228443,0.02
228444,0.08
228445,0.02
228446,0.0
228447,0.01
228448,0.02
228449,0.01
228450,0.82
228451,0.01
228452,0.17
228453,0.03
228454,0.02
228455,0.06
228456,0.0
228457,0.02
228458,0.14
228459,0.02
228460,0.03
228461,0.01
228462,0.0
228463,0.05
228464,0.14
228465,0.0
228466,0.0
228467,0.33
228468,0.02
228469,0.0
228470,0.04
228471,0.0
228472,0.04
228473,0.0
228474,0.0
228475,0.0
228476,0.03
228477,0.0
228478,0.03
228479,0.0
228480,0.02
228481,0.01
228482,0.01
228483,0.01
228484,0.0
228485,0.01
228486,0.01
228487,0.02
228488,0.0
228489,0.15
228490,0.02
228491,0.0
228492,0.0
228493,0.04
228494,0.0
228495,0.04
228496,0.81
228497,0.0
228498,0.0
228499,0.0
228500,0.0
228501,0.0
228502,0.01
228503,0.03
228504,0.0
228505,0.02
228506,0.01
228507,0.05
228508,0.19
228509,0.03
228510,0.0
228511,0.0
228512,0.02
228513,0.0
228514,0.01
228515,0.01
228516,0.05
228517,0.2
228518,0.0
228519,0.01
228520,0.0
228521,0.02
228522,0.0
228523,0.05
228524,0.0
228525,0.01
228526,0.07
228527,0.01
228528,0.02
228529,0.09
228530,0.0
228531,0.01
228532,0.0
228533,0.05
228534,0.0
228535,0.13
228536,0.02
228537,0.09
228538,0.0
228539,0.95
228540,0.01
228541,0.05
228542,0.0
228543,0.0
228544,0.04
228545,0.0
228546,0.0
228547,0.35
228548,0.04
228549,0.01
228550,0.03
228551,0.0
228552,0.01
228553,0.04
228554,0.02
228555,0.01
228556,0.02
228557,0.03
228558,0.3
228559,0.0
228560,0.0
228561,0.03
228562,0.21
228563,0.0
228564,0.0
228565,0.0
228566,0.05
228567,0.0
228568,0.0
228569,0.02
228570,0.06
228571,0.71
228572,0.02
228573,0.02
228574,0.0
228575,0.32
228576,0.06
228577,0.0
228578,0.03
228579,0.0
228580,0.0
228581,0.0
228582,0.03
228583,0.02
228584,0.0
228585,0.05
228586,0.01
228587,0.01
228588,0.02
228589,0.01
228590,0.09
228591,0.0
228592,0.0
228593,0.0
228594,0.02
228595,0.03
228596,0.01
228597,0.03
228598,0.07
228599,0.27
228600,0.07
228601,0.0
228602,0.0
228603,0.12
228604,0.04
228605,0.05
228606,0.02
228607,0.03
228608,0.02
228609,0.0
228610,0.02
228611,0.01
228612,0.01
228613,0.27
228614,0.01
228615,0.08
228616,0.0
228617,0.01
228618,0.01
228619,0.04
228620,0.34
228621,0.0
228622,0.01
228623,0.03
228624,0.0
228625,0.02
228626,0.0
228627,0.06
228628,0.07
228629,0.01
228630,0.02
228631,0.0
228632,0.43
228633,0.01
228634,0.04
228635,0.38
228636,0.01
228637,0.0
228638,0.68
228639,0.02
228640,0.0
228641,0.01
228642,0.0
228643,0.0
228644,0.0
228645,0.05
228646,0.01
228647,0.67
228648,0.03
228649,0.31
228650,0.02
228651,0.0
228652,0.31
228653,0.0
228654,0.02
228655,0.07
228656,0.05
228657,0.01
228658,0.01
228659,0.05
228660,0.0
228661,0.0
228662,0.02
228663,0.04
228664,0.0
228665,0.0
228666,0.0
228667,0.03
228668,0.01
228669,0.05
228670,0.0
228671,0.07
228672,0.02
228673,0.0
228674,0.28
228675,0.09
228676,0.02
228677,0.0
228678,0.07
228679,0.07
228680,0.02
228681,0.0
228682,0.0
228683,0.01
228684,0.0
228685,0.01
228686,0.01
228687,0.03
228688,0.0
228689,0.0
228690,0.01
228691,0.04
228692,0.03
228693,0.0
228694,0.0
228695,0.02
228696,0.05
228697,0.0
228698,0.0
228699,0.0
228700,0.0
228701,0.0
228702,0.01
228703,0.05
228704,0.02
228705,0.1
228706,0.0
228707,0.01
228708,0.01
228709,0.0
228710,0.04
228711,0.01
228712,0.01
228713,0.03
228714,0.0
228715,0.0
228716,0.05
228717,0.04
228718,0.03
228719,0.05
228720,0.0
228721,0.0
228722,0.02
228723,0.01
228724,0.01
228725,0.09
228726,0.01
228727,0.01
228728,0.03
228729,0.02
228730,0.0
228731,0.02
228732,0.0
228733,0.08
228734,0.0
228735,0.03
228736,0.01
228737,0.0
228738,0.04
228739,0.47
228740,0.0
228741,0.0
228742,0.0
228743,0.17
228744,0.08
228745,0.04
228746,0.18
228747,0.01
228748,0.0
228749,0.14
228750,0.02
228751,0.01
228752,0.03
228753,0.6
228754,0.0
228755,0.01
228756,0.0
228757,0.03
228758,0.0
228759,0.42
228760,0.09
228761,0.03
228762,0.0
228763,0.01
228764,0.0
228765,0.0
228766,0.0
228767,0.08
228768,0.0
228769,0.03
228770,0.08
228771,0.1
228772,0.04
228773,0.02
228774,0.0
228775,0.01
228776,0.08
228777,0.01
228778,0.08
228779,0.95
228780,0.04
228781,0.0
228782,0.0
228783,0.05
228784,0.8
228785,0.0
228786,0.04
228787,0.0
228788,0.0
228789,0.056575396825396834
228790,0.02
228791,0.0
228792,0.01
228793,0.05
228794,0.0
228795,0.0
228796,0.0
228797,0.04
228798,0.0
228799,0.0
228800,0.01
228801,0.0
228802,0.0
228803,0.7
228804,0.0
228805,0.0
228806,0.02
228807,0.05
228808,0.03
228809,0.61
228810,0.05
228811,0.02
228812,0.01
228813,0.01
228814,0.01
228815,0.0
228816,0.0
228817,0.89
228818,0.04
228819,0.0
228820,0.02
228821,0.01
228822,0.0
228823,0.02
228824,0.02
228825,0.16
228826,0.03
228827,0.03
228828,0.67
228829,0.04
228830,0.06
228831,0.08
228832,0.0
228833,0.03
228834,0.01
228835,0.0
228836,0.01
228837,0.0
228838,0.14
228839,0.02
228840,0.05
228841,0.02
228842,0.15
228843,0.0
228844,0.01
228845,0.16666666666666663
228846,0.11
228847,0.0
228848,0.0
228849,0.05
228850,0.0
228851,0.0
228852,0.0
228853,0.0
228854,0.16
228855,0.16
228856,0.05
228857,0.0
228858,0.0
228859,0.0
228860,0.0
228861,0.0
228862,0.04
228863,0.02
228864,0.01
228865,0.057999999999999996
228866,0.06
228867,0.03
228868,0.01
228869,0.01
228870,0.01
228871,0.05
228872,0.02
228873,0.01
228874,0.0
228875,0.0
228876,0.01
228877,0.03
228878,0.04
228879,0.0
228880,0.03
228881,0.0
228882,0.08
228883,0.05
228884,0.04
228885,0.0
228886,0.01
228887,0.03
228888,0.04
228889,0.01
228890,0.02
228891,0.01
228892,0.01
228893,0.02
228894,0.0
228895,0.02
228896,0.01
228897,0.01
228898,0.01
228899,0.0
228900,0.01
228901,0.03
228902,0.01
228903,0.0
228904,0.14
228905,0.0
228906,0.01
228907,0.01
228908,0.02
228909,0.0
228910,0.06
228911,0.01
228912,0.02
228913,0.0
228914,0.0
228915,0.29
228916,0.01
228917,0.0
228918,0.03
228919,0.01
228920,0.0
228921,0.0
228922,0.04
228923,0.04
228924,0.01
228925,0.01
228926,0.03
228927,0.0
228928,0.01
228929,0.03
228930,0.0
228931,0.03
228932,0.24
228933,0.02
228934,0.08
228935,0.19
228936,0.05
228937,0.01
228938,0.02
228939,0.01
228940,0.16
228941,0.04
228942,0.01
228943,0.04
228944,0.0
228945,0.0
228946,0.07
228947,0.01
228948,0.38
228949,0.01
228950,0.0
228951,0.05
228952,0.02
228953,0.05
228954,0.06
228955,0.08
228956,0.01
228957,0.01
228958,0.02
228959,0.02
228960,0.0
228961,0.02
228962,0.05
228963,0.01
228964,0.01
228965,0.0
228966,0.04
228967,0.0
228968,0.06
228969,0.01
228970,0.0
228971,0.0
228972,0.49
228973,0.01
228974,0.03
228975,0.12
228976,0.02
228977,0.01
228978,0.0
228979,0.1
228980,0.01
228981,0.03
228982,0.06
228983,0.02
228984,0.15
228985,0.04
228986,0.0
228987,0.0
228988,0.02
228989,0.02
228990,0.0
228991,0.02
228992,0.87
228993,0.08
228994,0.02
228995,0.01
228996,0.05
228997,0.94
228998,0.0
228999,0.01
229000,0.0
229001,0.0
229002,0.0
229003,0.0
229004,0.04
229005,0.0
229006,0.1
229007,0.0
229008,0.0
229009,0.0
229010,0.0
229011,0.0
229012,0.03
229013,0.0
229014,0.02
229015,0.07
229016,0.12
229017,0.01
229018,0.02
229019,0.0
229020,0.02
229021,0.0
229022,0.26
229023,0.08
229024,0.84
229025,0.02
229026,0.0
229027,0.05
229028,0.0
229029,0.02
229030,0.26
229031,0.12
229032,0.0
229033,0.0
229034,0.01
229035,0.01
229036,0.13
229037,0.01
229038,0.08
229039,0.03
229040,0.03
229041,0.0
229042,0.26
229043,0.06
229044,0.01
229045,0.12
229046,0.08
229047,0.0
229048,0.02
229049,0.01
229050,0.01
229051,0.0
229052,0.05
229053,0.0
229054,0.05
229055,0.0
229056,0.0
229057,0.09
229058,0.0
229059,0.0
229060,0.04
229061,0.0
229062,0.01
229063,0.01
229064,0.1
229065,0.0
229066,0.0
229067,0.0
229068,0.29
229069,0.03
229070,0.02
229071,0.73
229072,0.02
229073,0.03
229074,0.17
229075,0.02
229076,0.0
229077,0.02
229078,0.01
229079,0.02
229080,0.05
229081,0.05
229082,0.03
229083,0.0
229084,0.0
229085,0.68
229086,0.0
229087,0.0
229088,0.0
229089,0.0
229090,0.03
229091,0.03
229092,0.01
229093,0.16
229094,0.0
229095,0.62
229096,0.06
229097,0.44
229098,0.02
229099,0.02
229100,0.03
229101,0.06
229102,0.03
229103,0.0
229104,0.02
229105,0.04
229106,0.07
229107,0.05
229108,0.01
229109,0.8
229110,0.01
229111,0.06
229112,0.03
229113,0.0
229114,0.0
229115,0.01
229116,0.01
229117,0.01
229118,0.01
229119,0.79
229120,0.01
229121,0.085
229122,0.0
229123,0.01
229124,0.04
229125,0.03
229126,0.0
229127,0.0
229128,0.01
229129,0.25
229130,0.05
229131,0.0
229132,0.0
229133,0.05
229134,0.0
229135,0.04
229136,0.0
229137,0.02
229138,0.8
229139,0.03
229140,0.04
229141,0.0
229142,0.09
229143,0.01
229144,0.01
229145,0.0
229146,0.1
229147,0.0
229148,0.05
229149,0.0
229150,0.0
229151,0.0
229152,0.01
229153,0.01
229154,0.0
229155,0.0
229156,0.08
229157,0.01
229158,0.0
229159,0.14
229160,0.02
229161,0.03
229162,0.01
229163,0.0
229164,0.01
229165,0.01
229166,0.0
229167,0.02
229168,0.0
229169,0.19
229170,0.03
229171,0.15
229172,0.04
229173,0.02
229174,0.01
229175,0.12
229176,0.0
229177,0.09
229178,0.0
229179,0.0
229180,0.02
229181,0.01
229182,0.05
229183,0.0
229184,0.439
229185,0.0
229186,0.01
229187,0.03
229188,0.06
229189,0.0
229190,0.0
229191,0.01
229192,0.01
229193,0.01
229194,0.02
229195,0.07
229196,0.01
229197,0.02
229198,0.09
229199,0.04
229200,0.09
229201,0.0
229202,0.01
229203,0.05
229204,0.0
229205,0.0
229206,0.03
229207,0.09
229208,0.01
229209,0.0
229210,0.07
229211,0.01
229212,0.02
229213,0.0
229214,0.0
229215,0.01
229216,0.0
229217,0.0
229218,0.01
229219,0.01
229220,0.1
229221,0.01
229222,0.06
229223,0.01
229224,0.0
229225,0.0
229226,0.0
229227,0.0
229228,0.02
229229,0.0
229230,0.04
229231,0.0
229232,0.02
229233,0.17
229234,0.15
229235,0.04
229236,0.8058333333333333
229237,0.03
229238,0.01
229239,0.0
229240,0.0
229241,0.0
229242,0.73
229243,0.31
229244,0.02
229245,0.02
229246,0.0
229247,0.0
229248,0.01
229249,0.0
229250,0.0
229251,0.01
229252,0.03
229253,0.03
229254,0.0
229255,0.06
229256,0.38
229257,0.0
229258,0.05
229259,0.0
229260,0.04
229261,0.03
229262,0.02
229263,0.0
229264,0.81
229265,0.07
229266,0.0
229267,0.06
229268,0.09
229269,0.01
229270,0.06
229271,0.0
229272,0.0
229273,0.01
229274,0.17
229275,0.02
229276,0.01
229277,0.0
229278,0.0
229279,0.0
229280,0.01
229281,0.02
229282,0.0
229283,0.01
229284,0.74
229285,0.03
229286,0.01
229287,0.01
229288,0.05
229289,0.0
229290,0.1
229291,0.0
229292,0.85
229293,0.065
229294,0.0
229295,0.06
229296,0.03
229297,0.44
229298,0.06
229299,0.03
229300,0.41
229301,0.16
229302,0.65
229303,0.0
229304,0.0
229305,0.03
229306,0.33
229307,0.04
229308,0.0
229309,0.0
229310,0.0
229311,0.02
229312,0.0
229313,0.02
229314,0.0
229315,0.01
229316,0.0
229317,0.22
229318,0.0
229319,0.01
229320,0.0
229321,0.29
229322,0.48
229323,0.06
229324,0.02
229325,0.02
229326,0.0
229327,0.06
229328,0.06
229329,0.03
229330,0.0
229331,0.02
229332,0.05
229333,0.01
229334,0.11
229335,0.87
229336,0.02
229337,0.05
229338,0.01
229339,0.0
229340,0.15
229341,0.01
229342,0.05
229343,0.02
229344,0.02
229345,0.0
229346,0.0
229347,0.0
229348,0.0
229349,0.0
229350,0.0
229351,0.0
229352,0.01
229353,0.0
229354,0.01
229355,0.0
229356,0.0
229357,0.07
229358,0.06
229359,0.01
229360,0.02
229361,0.0
229362,0.01
229363,0.02
229364,0.04
229365,0.06
229366,0.0
229367,0.0
229368,0.01
229369,0.02
229370,0.0
229371,0.01
229372,0.01
229373,0.03
229374,0.0
229375,0.11
229376,0.0
229377,0.0
229378,0.04
229379,0.03
229380,0.0
229381,0.03
229382,0.03
229383,0.06
229384,0.01
229385,0.0
229386,0.0
229387,0.0
229388,0.02
229389,0.01
229390,0.845
229391,0.0
229392,0.06
229393,0.01
229394,0.0
229395,0.02
229396,0.01
229397,0.02
229398,0.11
229399,0.04
229400,0.18
229401,0.0
229402,0.48
229403,0.0
229404,0.0
229405,0.02
229406,0.02
229407,0.03
229408,0.0
229409,0.01
229410,0.0
229411,0.73
229412,0.08
229413,0.0
229414,0.0
229415,0.01
229416,0.02
229417,0.02
229418,0.0
229419,0.0
229420,0.0
229421,0.01
229422,0.0
229423,0.0
229424,0.1
229425,0.07
229426,0.0
229427,0.14
229428,0.05
229429,0.0
229430,0.02
229431,0.0
229432,0.13
229433,0.0
229434,0.0
229435,0.02
229436,0.01
229437,0.06
229438,0.0
229439,0.0
229440,0.04
229441,0.0
229442,0.01
229443,0.23
229444,0.04
229445,0.0
229446,0.01
229447,0.01
229448,0.01
229449,0.29
229450,0.01
229451,0.8
229452,0.02
229453,0.0
229454,0.0
229455,0.0
229456,0.0
229457,0.03
229458,0.03
229459,0.0
229460,0.18
229461,0.0
229462,0.0
229463,0.03
229464,0.05
229465,0.0
229466,0.09
229467,0.0
229468,0.02
229469,0.05
229470,0.11
229471,0.03
229472,0.0
229473,0.0
229474,0.01
229475,0.06
229476,0.01
229477,0.0
229478,0.02
229479,0.0
229480,0.0
229481,0.14
229482,0.16
229483,0.13
229484,0.0
229485,0.04
229486,0.44
229487,0.01
229488,0.02
229489,0.03
229490,0.0
229491,0.0
229492,0.0
229493,0.0
229494,0.0
229495,0.09
229496,0.0
229497,0.01
229498,0.1
229499,0.11
229500,0.01
229501,0.01
229502,0.03
229503,0.44
229504,0.0
229505,0.83
229506,0.0
229507,0.01
229508,0.04
229509,0.23
229510,0.0
229511,0.02
229512,0.03
229513,0.0
229514,0.0
229515,0.03
229516,0.0
229517,0.03
229518,0.0
229519,0.04
229520,0.0
229521,0.09
229522,0.35
229523,0.04
229524,0.02
229525,0.01
229526,0.16
229527,0.31
229528,0.08
229529,0.0
229530,0.15
229531,0.04
229532,0.03
229533,0.08
229534,0.01
229535,0.0
229536,0.05
229537,0.07
229538,0.0
229539,0.0
229540,0.0
229541,0.2
229542,0.0
229543,0.02
229544,0.02
229545,0.01
229546,0.02
229547,0.0
229548,0.02
229549,0.31
229550,0.0
229551,0.01
229552,0.01
229553,0.0
229554,0.0
229555,0.01
229556,0.0
229557,0.0
229558,0.47
229559,0.0
229560,0.04
229561,0.02
229562,0.0
229563,0.07
229564,0.0
229565,0.0
229566,0.01
229567,0.0
229568,0.05
229569,0.07
229570,0.04
229571,0.04
229572,0.0
229573,0.14
229574,0.0
229575,0.08
229576,0.027999999999999997
229577,0.02
229578,0.02
229579,0.73
229580,0.04
229581,0.01
229582,0.05
229583,0.78
229584,0.02
229585,0.19
229586,0.0
229587,0.01
229588,0.04
229589,0.0
229590,0.0
229591,0.02
229592,0.82
229593,0.04
229594,0.21
229595,0.01
229596,0.01
229597,0.1
229598,0.0
229599,0.01
229600,0.08
229601,0.02
229602,0.0
229603,0.02
229604,0.0
229605,0.0
229606,0.02
229607,0.05
229608,0.01
229609,0.01
229610,0.06
229611,0.0
229612,0.0
229613,0.01
229614,0.0
229615,0.0
229616,0.08
229617,0.02
229618,0.0
229619,0.87
229620,0.0
229621,0.06
229622,0.67
229623,0.2
229624,0.0
229625,0.0
229626,0.01
229627,0.07
229628,0.0
229629,0.17
229630,0.0
229631,0.1
229632,0.17
229633,0.02
229634,0.0
229635,0.04
229636,0.02
229637,0.0
229638,0.0
229639,0.0
229640,0.02
229641,0.04
229642,0.07
229643,0.01
229644,0.01
229645,0.0
229646,0.0
229647,0.02
229648,0.09
229649,0.07
229650,0.01
229651,0.0
229652,0.01
229653,0.02
229654,0.0
229655,0.06
229656,0.02
229657,0.89
229658,0.91
229659,0.0
229660,0.002
229661,0.01
229662,0.0
229663,0.03
229664,0.14
229665,0.22
229666,0.56
229667,0.0
229668,0.024
229669,0.06
229670,0.03
229671,0.0
229672,0.02
229673,0.0
229674,0.02
229675,0.06
229676,0.0
229677,0.01
229678,0.71
229679,0.03
229680,0.01
229681,0.0
229682,0.0
229683,0.02
229684,0.03
229685,0.03
229686,0.01
229687,0.01
229688,0.0
229689,0.0
229690,0.0
229691,0.0
229692,0.02
229693,0.0
229694,0.01
229695,0.04
229696,0.02
229697,0.03
229698,0.02
229699,0.02
229700,0.03
229701,0.0
229702,0.06
229703,0.02
229704,0.0
229705,0.0
229706,0.21
229707,0.06
229708,0.03
229709,0.1
229710,0.0
229711,0.03
229712,0.02
229713,0.01
229714,0.01
229715,0.0
229716,0.0
229717,0.0
229718,0.05
229719,0.0
229720,0.01
229721,0.01
229722,0.05
229723,0.0
229724,0.01
229725,0.0
229726,0.01
229727,0.03
229728,0.01
229729,0.02
229730,0.0
229731,0.01
229732,0.22
229733,0.01
229734,0.0
229735,0.04
229736,0.0
229737,0.0
229738,0.03
229739,0.03
229740,0.0
229741,0.04
229742,0.0
229743,0.03
229744,0.02
229745,0.03
229746,0.0
229747,0.01
229748,0.34
229749,0.01
229750,0.01
229751,0.0
229752,0.07
229753,0.02
229754,0.0
229755,0.0
229756,0.0
229757,0.01
229758,0.0
229759,0.01
229760,0.04
229761,0.12
229762,0.01
229763,0.03
229764,0.17
229765,0.07
229766,0.65
229767,0.07
229768,0.05
229769,0.87
229770,0.02
229771,0.04
229772,0.04
229773,0.0
229774,0.02
229775,0.05
229776,0.25
229777,0.02
229778,0.04
229779,0.0
229780,0.01
229781,0.0
229782,0.01
229783,0.01
229784,0.25
229785,0.06
229786,0.0
229787,0.0
229788,0.02
229789,0.01
229790,0.01
229791,0.01
229792,0.0
229793,0.09
229794,0.0
229795,0.01
229796,0.0
229797,0.01
229798,0.71
229799,0.01
229800,0.01
229801,0.0
229802,0.1
229803,0.04
229804,0.02
229805,0.0
229806,0.03
229807,0.03
229808,0.06
229809,0.0
229810,0.0
229811,0.0
229812,0.01
229813,0.0
229814,0.0
229815,0.0
229816,0.0
229817,0.0
229818,0.0
229819,0.16
229820,0.0
229821,0.01
229822,0.01
229823,0.08
229824,0.01
229825,0.0
229826,0.0
229827,0.02
229828,0.06
229829,0.02
229830,0.06
229831,0.0
229832,0.01
229833,0.54
229834,0.0
229835,0.02
229836,0.01
229837,0.02
229838,0.04
229839,0.0
229840,0.03
229841,0.04
229842,0.04
229843,0.11
229844,0.22
229845,0.01
229846,0.03
229847,0.0
229848,0.06
229849,0.01
229850,0.12
229851,0.0
229852,0.0
229853,0.0
229854,0.06
229855,0.01
229856,0.03
229857,0.01
229858,0.01
229859,0.02
229860,0.03
229861,0.03
229862,0.03
229863,0.01
229864,0.0
229865,0.01
229866,0.01
229867,0.39
229868,0.0
229869,0.01
229870,0.05
229871,0.03
229872,0.01
229873,0.01
229874,0.0
229875,0.01
229876,0.0
229877,0.0
229878,0.0
229879,0.0
229880,0.0
229881,0.01
229882,0.0
229883,0.02
229884,0.13
229885,0.13
229886,0.88
229887,0.01
229888,0.03
229889,0.0
229890,0.0
229891,0.04
229892,0.01
229893,0.0
229894,0.02
229895,0.21
229896,0.0
229897,0.03
229898,0.01
229899,0.01
229900,0.0
229901,0.03
229902,0.0
229903,0.03
229904,0.04
229905,0.11
229906,0.0
229907,0.02
229908,0.08
229909,0.74
229910,0.0
229911,0.02
229912,0.0
229913,0.16
229914,0.0
229915,0.64
229916,0.0
229917,0.0
229918,0.05
229919,0.0
229920,0.01
229921,0.0
229922,0.6
229923,0.01
229924,0.01
229925,0.27
229926,0.11
229927,0.0
229928,0.01
229929,0.02
229930,0.81
229931,0.0
229932,0.0
229933,0.04
229934,0.03
229935,0.01
229936,0.01
229937,0.11
229938,0.07
229939,0.01
229940,0.27
229941,0.02
229942,0.01
229943,0.0
229944,0.0
229945,0.14
229946,0.02
229947,0.0
229948,0.01
229949,0.0
229950,0.05
229951,0.01
229952,0.0
229953,0.02
229954,0.01
229955,0.0
229956,0.01
229957,0.13
229958,0.0
229959,0.02
229960,0.82
229961,0.04
229962,0.03
229963,0.04
229964,0.01
229965,0.01
229966,0.03
229967,0.0
229968,0.0
229969,0.0
229970,0.03
229971,0.03
229972,0.01
229973,0.0
229974,0.0
229975,0.02
229976,0.0
229977,0.0
229978,0.02
229979,0.02
229980,0.0
229981,0.0
229982,0.0
229983,0.0
229984,0.01
229985,0.0
229986,0.01
229987,0.63
229988,0.08
229989,0.0
229990,0.02
229991,0.01
229992,0.06
229993,0.04
229994,0.01
229995,0.01
229996,0.0
229997,0.0
229998,0.01
229999,0.0
230000,0.0
230001,0.02
230002,0.09
230003,0.01
230004,0.43
230005,0.0
230006,0.0
230007,0.02
230008,0.19
230009,0.28
230010,0.55
230011,0.0
230012,0.0
230013,0.01
230014,0.01
230015,0.0
230016,0.0
230017,0.0
230018,0.0
230019,0.14
230020,0.0
230021,0.0
230022,0.02
230023,0.0
230024,0.01
230025,0.86
230026,0.0
230027,0.0
230028,0.33
230029,0.0
230030,0.04
230031,0.0
230032,0.04
230033,0.01
230034,0.01
230035,0.01
230036,0.01
230037,0.01
230038,0.0
230039,0.01
230040,0.0
230041,0.02
230042,0.01
230043,0.01
230044,0.02
230045,0.0
230046,0.01
230047,0.41
230048,0.0
230049,0.0
230050,0.01
230051,0.05
230052,0.0
230053,0.01
230054,0.04
230055,0.07
230056,0.02
230057,0.11
230058,0.0
230059,0.03
230060,0.07
230061,0.01
230062,0.0
230063,0.0
230064,0.1
230065,0.04
230066,0.02
230067,0.94
230068,0.25
230069,0.02
230070,0.03
230071,0.0
230072,0.08
230073,0.05
230074,0.01
230075,0.01
230076,0.0
230077,0.08
230078,0.02
230079,0.0
230080,0.03
230081,0.0
230082,0.01
230083,0.07
230084,0.02
230085,0.0
230086,0.01
230087,0.03
230088,0.01
230089,0.01
230090,0.01
230091,0.02
230092,0.04
230093,0.02
230094,0.0
230095,0.03
230096,0.01
230097,0.02
230098,0.01
230099,0.0
230100,0.0
230101,0.0
230102,0.03
230103,0.01
230104,0.08
230105,0.13
230106,0.24
230107,0.44
230108,0.02
230109,0.01
230110,0.04
230111,0.0
230112,0.01
230113,0.02
230114,0.0
230115,0.0
230116,0.0
230117,0.79
230118,0.0
230119,0.0
230120,0.05
230121,0.0
230122,0.01
230123,0.94
230124,0.0
230125,0.0
230126,0.0
230127,0.0
230128,0.01
230129,0.09
230130,0.05
230131,0.0
230132,0.03
230133,0.0
230134,0.01
230135,0.0
230136,0.13
230137,0.0
230138,0.06
230139,0.01
230140,0.06
230141,0.04
230142,0.01
230143,0.02
230144,0.04
230145,0.04
230146,0.04
230147,0.0
230148,0.04
230149,0.03
230150,0.0
230151,0.01
230152,0.02
230153,0.0
230154,0.07
230155,0.0
230156,0.13
230157,0.05
230158,0.09
230159,0.03
230160,0.0
230161,0.43
230162,0.0
230163,0.02
230164,0.04
230165,0.0
230166,0.0
230167,0.0
230168,0.0
230169,0.05
230170,0.42
230171,0.08
230172,0.02
230173,0.0
230174,0.0
230175,0.01
230176,0.0
230177,0.02
230178,0.06
230179,0.0
230180,0.05
230181,0.0
230182,0.08
230183,0.01
230184,0.0
230185,0.01
230186,0.0
230187,0.01
230188,0.03
230189,0.03
230190,0.13
230191,0.2
230192,0.0
230193,0.03
230194,0.9
230195,0.01
230196,0.35
230197,0.0
230198,0.01
230199,0.02
230200,0.0
230201,0.225
230202,0.05
230203,0.01
230204,0.02
230205,0.0
230206,0.4
230207,0.06
230208,0.02
230209,0.02
230210,0.01
230211,0.07
230212,0.01
230213,0.7
230214,0.09
230215,0.0
230216,0.39
230217,0.52
230218,0.01
230219,0.01
230220,0.52
230221,0.0
230222,0.01
230223,0.08
230224,0.0
230225,0.36
230226,0.13
230227,0.01
230228,0.0
230229,0.15
230230,0.01
230231,0.02
230232,0.02
230233,0.0
230234,0.0
230235,0.09
230236,0.0
230237,0.0
230238,0.04
230239,0.07
230240,0.01
230241,0.01
230242,0.03
230243,0.01
230244,0.1
230245,0.01
230246,0.01
230247,0.0
230248,0.26
230249,0.02
230250,0.11
230251,0.02
230252,0.0
230253,0.01
230254,0.0
230255,0.24
230256,0.0
230257,0.07
230258,0.02
230259,0.0
230260,0.01
230261,0.04
230262,0.01
230263,0.07
230264,0.02
230265,0.07
230266,0.01
230267,0.0
230268,0.05
230269,0.04
230270,0.04
230271,0.0
230272,0.01
230273,0.0
230274,0.0
230275,0.01
230276,0.06
230277,0.76
230278,0.01
230279,0.0
230280,0.59
230281,0.81
230282,0.0
230283,0.02
230284,0.02
230285,0.05
230286,0.43
230287,0.01
230288,0.04
230289,0.02
230290,0.02
230291,0.07
230292,0.02
230293,0.04
230294,0.04
230295,0.01
230296,0.01
230297,0.135
230298,0.01
230299,0.0
230300,0.05
230301,0.0
230302,0.02
230303,0.01
230304,0.05
230305,0.05
230306,0.0
230307,0.0
230308,0.03
230309,0.02
230310,0.0
230311,0.08
230312,0.01
230313,0.01
230314,0.01
230315,0.04
230316,0.0
230317,0.27
230318,0.02
230319,0.01
230320,0.0
230321,0.0
230322,0.0
230323,0.0
230324,0.02
230325,0.36
230326,0.0
230327,0.01
230328,0.07
230329,0.53
230330,0.03
230331,0.35
230332,0.0
230333,0.01
230334,0.0
230335,0.0
230336,0.01
230337,0.01
230338,0.03
230339,0.0
230340,0.0
230341,0.02
230342,0.0
230343,0.01
230344,0.34
230345,0.0
230346,0.0
230347,0.01
230348,0.12
230349,0.06
230350,0.01
230351,0.01
230352,0.0
230353,0.01
230354,0.0
230355,0.67
230356,0.0
230357,0.0
230358,0.01
230359,0.0
230360,0.01
230361,0.0
230362,0.01
230363,0.01
230364,0.02
230365,0.02
230366,0.01
230367,0.0
230368,0.0
230369,0.05
230370,0.01
230371,0.05
230372,0.25
230373,0.07
230374,0.02
230375,0.06
230376,0.01
230377,0.04
230378,0.01
230379,0.0
230380,0.03
230381,0.03
230382,0.0
230383,0.04
230384,0.38
230385,0.0
230386,0.0
230387,0.0
230388,0.03
230389,0.01
230390,0.0
230391,0.03
230392,0.01
230393,0.02
230394,0.0
230395,0.1
230396,0.0
230397,0.0
230398,0.01
230399,0.02
230400,0.0
230401,0.0
230402,0.06
230403,0.03
230404,0.01
230405,0.13
230406,0.03
230407,0.0
230408,0.02
230409,0.07
230410,0.0
230411,0.0
230412,0.02
230413,0.0
230414,0.0
230415,0.02
230416,0.01
230417,0.06
230418,0.02
230419,0.04
230420,0.01
230421,0.01
230422,0.0
230423,0.0
230424,0.02
230425,0.03
230426,0.02
230427,0.08
230428,0.0
230429,0.03
230430,0.0
230431,0.0
230432,0.05
230433,0.01
230434,0.0
230435,0.05
230436,0.01
230437,0.0
230438,0.03
230439,0.0
230440,0.03
230441,0.04
230442,0.0
230443,0.03
230444,0.43
230445,0.0
230446,0.03
230447,0.01
230448,0.02
230449,0.01
230450,0.0
230451,0.0
230452,0.01
230453,0.06
230454,0.0
230455,0.0
230456,0.0
230457,0.0
230458,0.01
230459,0.0
230460,0.01
230461,0.1
230462,0.03
230463,0.01
230464,0.0
230465,0.0
230466,0.02
230467,0.01
230468,0.0
230469,0.0
230470,0.06
230471,0.0
230472,0.0
230473,0.02
230474,0.1
230475,0.0
230476,0.04
230477,0.06
230478,0.1
230479,0.01
230480,0.0
230481,0.0
230482,0.02
230483,0.03
230484,0.0
230485,0.04
230486,0.01
230487,0.01
230488,0.03
230489,0.02
230490,0.0
230491,0.04
230492,0.0
230493,0.0
230494,0.0
230495,0.03
230496,0.0
230497,0.08
230498,0.02
230499,0.0
230500,0.04
230501,0.08
230502,0.0
230503,0.0
230504,0.58
230505,0.02
230506,0.03
230507,0.03
230508,0.01
230509,0.01
230510,0.05
230511,0.0
230512,0.03
230513,0.01
230514,0.01
230515,0.05
230516,0.11
230517,0.02
230518,0.03
230519,1.0
230520,0.01
230521,0.01
230522,0.01
230523,0.02
230524,0.0
230525,0.01
230526,0.04
230527,0.01
230528,0.0
230529,0.0
230530,0.16
230531,0.08
230532,0.0
230533,0.0
230534,0.07
230535,0.02
230536,0.01
230537,0.08
230538,0.01
230539,0.06
230540,0.07
230541,0.01
230542,0.0
230543,0.01
230544,0.07
230545,0.05
230546,0.03
230547,0.05
230548,0.0
230549,0.08
230550,0.02
230551,0.33
230552,0.05
230553,0.04
230554,0.01
230555,0.0
230556,0.01
230557,0.01
230558,0.0
230559,0.05
230560,0.06
230561,0.01
230562,0.56
230563,0.02
230564,0.0
230565,0.01
230566,0.0
230567,0.02
230568,0.0
230569,0.01
230570,0.08
230571,0.02
230572,0.0
230573,0.07
230574,0.0
230575,0.02
230576,0.0
230577,0.04
230578,0.02
230579,0.07
230580,0.57
230581,0.02
230582,0.33
230583,0.05
230584,0.05
230585,0.01
230586,0.03
230587,0.01
230588,0.1
230589,0.07
230590,0.01
230591,0.0
230592,0.0
230593,0.04
230594,0.0
230595,0.0
230596,0.02
230597,0.0
230598,0.04
230599,0.02
230600,0.01
230601,0.08
230602,0.0
230603,0.01
230604,0.02
230605,0.03
230606,0.03
230607,0.02
230608,0.02
230609,0.0
230610,0.0
230611,0.0
230612,0.0
230613,0.01
230614,0.01
230615,0.01
230616,0.56
230617,0.01
230618,0.05
230619,0.0
230620,0.01
230621,0.0
230622,0.04
230623,0.01
230624,0.05
230625,0.01
230626,0.28
230627,0.0
230628,0.02
230629,0.0
230630,0.04
230631,0.0
230632,0.29
230633,0.85
230634,0.04
230635,0.77
230636,0.1
230637,0.03
230638,0.47
230639,0.05
230640,0.0
230641,0.01
230642,0.0
230643,0.01
230644,0.0
230645,0.03
230646,0.02
230647,0.0
230648,0.04
230649,0.16
230650,0.04
230651,0.03
230652,0.0
230653,0.67
230654,0.01
230655,0.05
230656,0.06
230657,0.04
230658,0.03
230659,0.03
230660,0.12
230661,0.03
230662,0.0
230663,0.0
230664,0.0
230665,0.02
230666,0.0
230667,0.01
230668,0.05
230669,0.0
230670,0.81
230671,0.0
230672,0.0
230673,0.03
230674,0.3
230675,0.94
230676,0.01
230677,0.06
230678,0.0
230679,0.01
230680,0.01
230681,0.02
230682,0.04
230683,0.0
230684,0.08
230685,0.02
230686,0.0
230687,0.06
230688,0.06
230689,0.05
230690,0.33
230691,0.02
230692,0.0
230693,0.01
230694,0.0
230695,0.07
230696,0.0
230697,0.01
230698,0.006666666666666666
230699,0.03
230700,0.0
230701,0.02
230702,0.07
230703,0.01
230704,0.43
230705,0.01
230706,0.01
230707,0.02
230708,0.0
230709,0.01
230710,0.0
230711,0.05
230712,0.03
230713,0.83
230714,0.01
230715,0.08
230716,0.02
230717,0.11
230718,0.02
230719,0.02
230720,0.0
230721,0.21
230722,0.0
230723,0.01
230724,0.01
230725,0.0
230726,0.05
230727,0.01
230728,0.01
230729,0.0
230730,0.0
230731,0.02
230732,0.02
230733,0.03
230734,0.0
230735,0.0
230736,0.77
230737,0.01
230738,0.0
230739,0.04
230740,0.02
230741,0.02
230742,0.02
230743,0.01
230744,0.03
230745,0.05
230746,0.04
230747,0.01
230748,0.01
230749,0.01
230750,0.01
230751,0.01
230752,0.06
230753,0.01
230754,0.0
230755,0.02
230756,0.01
230757,0.66
230758,0.06
230759,0.13
230760,0.17
230761,0.1
230762,0.01
230763,0.01
230764,0.0
230765,0.01
230766,0.03
230767,0.0
230768,0.0
230769,0.0
230770,0.0
230771,0.0
230772,0.04
230773,0.02
230774,0.06
230775,0.62
230776,0.1
230777,0.01
230778,0.01
230779,0.04
230780,0.05
230781,0.0
230782,0.04
230783,0.0
230784,0.0
230785,0.01
230786,0.01
230787,0.02
230788,0.0
230789,0.01
230790,0.0
230791,0.0
230792,0.01
230793,0.04
230794,0.0
230795,0.19
230796,0.01
230797,0.06
230798,0.0
230799,0.03
230800,0.02
230801,0.07
230802,0.06
230803,0.02
230804,0.04
230805,0.0
230806,0.05
230807,0.01
230808,0.06
230809,0.01
230810,0.26
230811,0.0
230812,0.0
230813,0.0
230814,0.06
230815,0.02
230816,0.44
230817,0.03
230818,0.02
230819,0.44
230820,0.07
230821,0.01
230822,0.0
230823,0.02
230824,0.02
230825,0.01
230826,0.05000000000000001
230827,0.0
230828,0.08
230829,0.01
230830,0.08
230831,0.26
230832,0.05
230833,0.05
230834,0.01
230835,0.0
230836,0.0
230837,0.02
230838,0.0
230839,0.0
230840,0.0
230841,0.0
230842,0.55
230843,0.0
230844,0.46
230845,0.0
230846,0.0
230847,0.02
230848,0.0
230849,0.0
230850,0.04
230851,0.72
230852,0.0
230853,0.01
230854,0.0
230855,0.02
230856,0.0
230857,0.0
230858,0.0
230859,0.01
230860,0.0
230861,0.0
230862,0.02
230863,0.01
230864,0.68
230865,0.01
230866,0.04
230867,0.02
230868,0.02
230869,0.01
230870,0.06
230871,0.03
230872,0.16
230873,0.01
230874,0.0
230875,0.11
230876,0.04
230877,0.0
230878,0.05
230879,0.01
230880,0.02
230881,0.02
230882,0.0
230883,0.01
230884,0.0
230885,0.04
230886,0.01
230887,0.69
230888,0.02
230889,0.0
230890,0.01
230891,0.0
230892,0.02
230893,0.77
230894,0.01
230895,0.01
230896,0.19
230897,0.0
230898,0.53
230899,0.02
230900,0.0
230901,0.0
230902,0.04
230903,0.02
230904,0.02
230905,0.02
230906,0.02
230907,0.16
230908,0.03
230909,0.0
230910,0.0
230911,0.01
230912,0.0
230913,0.31
230914,0.0
230915,0.03
230916,0.02
230917,0.02
230918,0.01
230919,0.0
230920,0.0
230921,0.0
230922,0.01
230923,0.0
230924,0.04
230925,0.07
230926,0.01
230927,0.0
230928,0.01
230929,0.73
230930,0.05
230931,0.03
230932,0.01
230933,0.02
230934,0.08
230935,0.02
230936,0.0
230937,0.05
230938,0.02
230939,0.0
230940,0.0
230941,0.0
230942,0.0
230943,0.02
230944,0.8
230945,0.13
230946,0.02
230947,0.0
230948,0.01
230949,0.0
230950,0.11
230951,0.01
230952,0.01
230953,0.0
230954,0.0
230955,0.02
230956,0.01
230957,0.0
230958,0.01
230959,0.0
230960,0.0
230961,0.0
230962,0.0
230963,0.0
230964,0.0
230965,0.0
230966,0.0
230967,0.0
230968,0.0
230969,0.02
230970,0.0
230971,0.01
230972,0.12
230973,0.12
230974,0.03
230975,0.32
230976,0.0
230977,0.12
230978,0.01
230979,0.0
230980,0.01
230981,0.0
230982,0.07
230983,0.0
230984,0.09
230985,0.0
230986,0.03
230987,0.05
230988,0.02
230989,0.01
230990,0.02
230991,0.01
230992,0.06
230993,0.16
230994,0.0
230995,0.9
230996,0.07
230997,0.02
230998,0.0
230999,0.01
231000,0.0
231001,0.0
231002,0.01
231003,0.0
231004,0.34
231005,0.0
231006,0.09
231007,0.0
231008,0.0
231009,0.2
231010,0.04
231011,0.07
231012,0.0
231013,0.02
231014,0.6
231015,0.0
231016,0.05
231017,0.07
231018,0.0
231019,0.0
231020,0.01
231021,0.02
231022,0.01
231023,0.59
231024,0.02
231025,0.02
231026,0.01
231027,0.98
231028,0.01
231029,0.03
231030,0.29
231031,0.01
231032,0.05
231033,0.0
231034,0.02
231035,0.08
231036,0.01
231037,0.0
231038,0.1
231039,0.11
231040,0.93
231041,0.11
231042,0.0
231043,0.01
231044,0.01
231045,0.04
231046,0.0
231047,0.0
231048,0.0
231049,0.0
231050,0.0
231051,0.03
231052,0.01
231053,0.03
231054,0.01
231055,0.04333333333333333
231056,0.01
231057,0.05
231058,0.0
231059,0.04
231060,0.02
231061,0.01
231062,0.03
231063,0.01
231064,0.0
231065,0.0
231066,0.02
231067,0.0
231068,0.01
231069,0.0
231070,0.04
231071,0.02
231072,0.0
231073,0.03
231074,0.05
231075,0.0
231076,0.02
231077,0.04
231078,0.18
231079,0.04
231080,0.0
231081,0.0
231082,0.61
231083,0.04
231084,0.02
231085,0.09
231086,0.0
231087,0.05
231088,0.05
231089,0.14
231090,0.02
231091,0.0
231092,0.0
231093,0.9
231094,0.0
231095,0.01
231096,0.01
231097,0.04
231098,0.01
231099,0.01
231100,0.0
231101,0.01
231102,0.11
231103,0.04
231104,0.0
231105,0.01
231106,0.88
231107,0.02
231108,0.01
231109,0.02
231110,0.0
231111,0.59
231112,0.0
231113,0.01
231114,0.0
231115,0.02
231116,0.22
231117,0.0
231118,0.47
231119,0.14
231120,0.01
231121,0.12
231122,0.0
231123,0.06
231124,0.02
231125,0.0
231126,0.01
231127,0.02
231128,0.08
231129,0.0
231130,0.01
231131,0.03
231132,0.02
231133,0.0
231134,0.0
231135,0.01
231136,0.01
231137,0.05
231138,0.39
231139,0.01
231140,0.03
231141,0.45
231142,0.07
231143,0.18
231144,0.62
231145,0.03
231146,0.06
231147,0.05
231148,0.03
231149,0.0
231150,0.64
231151,0.02
231152,0.01
231153,0.0
231154,0.01
231155,0.07
231156,0.0
231157,0.02
231158,0.0
231159,0.0
231160,0.0
231161,0.03
231162,0.0
231163,0.03
231164,0.02
231165,0.03
231166,0.0
231167,0.05
231168,0.02
231169,0.08
231170,0.0
231171,0.0
231172,0.0
231173,0.89
231174,0.13
231175,0.0
231176,0.0
231177,0.03
231178,0.01
231179,0.0
231180,0.0
231181,0.01
231182,0.0
231183,0.06
231184,0.0
231185,0.015
231186,0.06
231187,0.05
231188,0.0
231189,0.0
231190,0.0
231191,0.01
231192,0.0
231193,0.0
231194,0.0
231195,0.02
231196,0.03
231197,0.13
231198,0.0
231199,0.01
231200,0.01
231201,0.01
231202,0.01
231203,0.0
231204,0.01
231205,0.89
231206,0.02
231207,0.4
231208,0.12
231209,0.0
231210,0.01
231211,0.01
231212,0.4
231213,0.0
231214,0.0
231215,0.01
231216,0.42
231217,0.03
231218,0.78
231219,0.02
231220,0.01
231221,0.0
231222,0.0
231223,0.03
231224,0.06
231225,0.03
231226,0.0
231227,0.0
231228,0.42
231229,0.01
231230,0.0
231231,0.25
231232,0.0
231233,0.01
231234,0.02
231235,0.03
231236,0.03
231237,0.0
231238,0.0
231239,0.0
231240,0.08
231241,0.9
231242,0.0
231243,0.02
231244,0.02
231245,0.01
231246,0.0
231247,0.28
231248,0.0
231249,0.01
231250,0.03
231251,0.0
231252,0.03
231253,0.05
231254,0.04
231255,0.01
231256,0.01
231257,0.01
231258,0.0
231259,0.0
231260,0.04
231261,0.99
231262,0.0
231263,0.01
231264,0.0
231265,0.03
231266,0.05
231267,0.0
231268,0.05
231269,0.52
231270,0.0
231271,0.83
231272,0.0
231273,0.01
231274,0.0
231275,0.0
231276,0.0
231277,0.0
231278,0.0
231279,0.01
231280,0.03
231281,0.87
231282,0.02
231283,0.02
231284,0.02
231285,0.0
231286,0.0
231287,0.0
231288,0.0
231289,0.03
231290,0.03
231291,0.0
231292,0.0
231293,0.02
231294,0.0
231295,0.05
231296,0.0
231297,0.0
231298,0.01
231299,0.01
231300,0.02
231301,0.0
231302,0.0
231303,0.0
231304,0.03
231305,0.01
231306,0.0
231307,0.0
231308,0.02
231309,0.0
231310,0.02
231311,0.0
231312,0.05
231313,0.01
231314,0.01
231315,0.0
231316,0.01
231317,0.23
231318,0.0
231319,0.0
231320,0.0
231321,0.02
231322,0.0
231323,0.15
231324,0.35
231325,0.0
231326,0.01
231327,0.06
231328,0.01
231329,0.07
231330,0.71
231331,0.03
231332,0.05
231333,0.06
231334,0.03
231335,0.02
231336,0.0
231337,0.02
231338,0.0
231339,0.2
231340,0.0
231341,0.0
231342,0.02
231343,0.03
231344,0.18
231345,0.03
231346,0.01
231347,0.12
231348,0.02
231349,0.03
231350,0.23
231351,0.02
231352,0.01
231353,0.03
231354,0.0
231355,0.01
231356,0.01
231357,0.07
231358,0.04
231359,0.06
231360,0.2
231361,0.07
231362,0.03
231363,0.0
231364,0.04
231365,0.02
231366,0.01
231367,0.01
231368,0.05
231369,0.07
231370,0.37
231371,0.35
231372,0.04
231373,0.02
231374,0.01
231375,0.0
231376,0.01
231377,0.56
231378,0.01
231379,0.0
231380,0.03
231381,0.54
231382,0.0
231383,0.0
231384,0.11
231385,0.0
231386,0.0
231387,0.05
231388,0.0
231389,0.2
231390,0.02
231391,0.06
231392,0.02
231393,0.0
231394,0.01
231395,0.0
231396,0.0
231397,0.0
231398,0.0
231399,0.07
231400,0.0
231401,0.0
231402,0.35
231403,0.01
231404,0.0
231405,0.0
231406,0.0
231407,0.02
231408,0.72
231409,0.09
231410,0.02
231411,0.0
231412,0.09
231413,0.01
231414,0.01
231415,0.0
231416,0.11
231417,0.0
231418,0.01
231419,0.01
231420,0.0
231421,0.09
231422,0.17
231423,0.01
231424,0.0
231425,0.04
231426,0.0
231427,0.0
231428,0.02
231429,0.03
231430,0.0
231431,0.01
231432,0.07
231433,0.05
231434,0.01
231435,0.0
231436,0.02
231437,0.01
231438,0.05
231439,0.0
231440,0.01
231441,0.0
231442,0.03
231443,0.08
231444,0.02
231445,0.01
231446,0.02
231447,0.01
231448,0.0
231449,0.07
231450,0.0
231451,0.0
231452,0.04
231453,0.0
231454,0.0
231455,0.0
231456,0.02
231457,0.03
231458,0.5
231459,0.0
231460,0.0
231461,0.02
231462,0.0
231463,0.0
231464,0.02
231465,0.07
231466,0.01
231467,0.01
231468,0.0
231469,0.01
231470,0.01
231471,0.0
231472,0.01
231473,0.0
231474,0.3
231475,0.0
231476,0.01
231477,0.78
231478,0.0
231479,0.06
231480,0.49
231481,0.02
231482,0.0
231483,0.03
231484,0.77
231485,0.03
231486,0.04
231487,0.17
231488,0.01
231489,0.01
231490,0.16
231491,0.66
231492,0.0
231493,0.01
231494,0.05
231495,0.0
231496,0.0
231497,0.0
231498,0.07
231499,0.0
231500,0.01
231501,0.0
231502,0.01
231503,0.06
231504,0.0
231505,0.05
231506,0.01
231507,0.01
231508,0.19
231509,0.0
231510,0.04
231511,0.0
231512,0.0
231513,0.0
231514,0.01
231515,0.0
231516,0.03
231517,0.07
231518,0.0
231519,0.03
231520,0.01
231521,0.0
231522,0.0
231523,0.0
231524,0.01
231525,0.04
231526,0.01
231527,0.01
231528,0.0
231529,0.0
231530,0.04
231531,0.03
231532,0.25
231533,0.02
231534,0.05
231535,0.02
231536,0.01
231537,0.0
231538,0.03
231539,0.0
231540,0.0
231541,0.03
231542,0.04
231543,0.47
231544,0.0
231545,0.03
231546,0.06
231547,0.0
231548,0.09
231549,0.02
231550,0.0
231551,0.0
231552,0.02
231553,0.85
231554,0.01
231555,0.22
231556,0.33
231557,0.0
231558,0.01
231559,0.0
231560,0.01
231561,0.02
231562,0.0
231563,0.0
231564,0.01
231565,0.01
231566,0.94
231567,0.02
231568,0.04
231569,0.01
231570,0.01
231571,0.0
231572,0.0
231573,0.0
231574,0.01
231575,0.05
231576,0.02
231577,0.01
231578,0.04
231579,0.0
231580,0.0
231581,0.0
231582,0.01
231583,0.01
231584,0.0
231585,0.04
231586,0.02
231587,0.01
231588,0.0
231589,0.01
231590,0.01
231591,0.0
231592,0.0
231593,0.0
231594,0.0
231595,0.02
231596,0.01
231597,0.27
231598,0.0
231599,0.01
231600,0.0
231601,0.04
231602,0.01
231603,0.0
231604,0.01
231605,0.0
231606,0.1
231607,0.06
231608,0.0
231609,0.0
231610,0.0
231611,0.01
231612,0.0
231613,0.0
231614,0.05
231615,0.0
231616,0.03
231617,0.01
231618,0.08
231619,0.0
231620,0.02
231621,0.02
231622,0.0
231623,0.09
231624,0.2
231625,0.0
231626,0.08
231627,0.01
231628,0.51
231629,0.13
231630,0.12
231631,0.01
231632,0.06
231633,0.0
231634,0.01
231635,0.0
231636,0.01
231637,0.03
231638,0.01
231639,0.02
231640,0.49
231641,0.0
231642,0.0
231643,0.0
231644,0.0
231645,0.07
231646,0.16
231647,0.01
231648,0.78
231649,0.0
231650,0.0
231651,0.02
231652,0.01
231653,0.09
231654,0.0
231655,0.01
231656,0.0
231657,0.02
231658,0.05
231659,0.0
231660,0.02
231661,0.0
231662,0.05
231663,0.01
231664,0.0
231665,0.0
231666,0.02
231667,0.8
231668,0.01
231669,0.03
231670,0.05
231671,0.0
231672,0.06
231673,0.11
231674,0.04
231675,0.62
231676,0.02
231677,0.0
231678,0.02
231679,0.02
231680,0.93
231681,0.01
231682,0.03
231683,0.0
231684,0.5
231685,0.13
231686,0.23
231687,0.0
231688,0.01
231689,0.05
231690,0.04
231691,0.0
231692,0.02
231693,0.0
231694,0.02
231695,0.0
231696,0.0
231697,0.02
231698,0.03
231699,0.37
231700,0.02
231701,0.01
231702,0.73
231703,0.13
231704,0.21
231705,0.11
231706,0.0
231707,0.0
231708,0.01
231709,0.0
231710,0.03
231711,0.0
231712,0.02
231713,0.0
231714,0.1
231715,0.02
231716,0.02
231717,0.02
231718,0.07
231719,0.0
231720,0.05
231721,0.0
231722,0.02
231723,0.04
231724,0.07
231725,0.08
231726,0.01
231727,0.04
231728,0.01
231729,0.0
231730,0.04
231731,0.02
231732,0.17
231733,0.7
231734,0.0
231735,0.04
231736,0.04
231737,0.02
231738,0.0
231739,0.02
231740,0.0
231741,0.72
231742,0.0
231743,0.0
231744,0.02
231745,0.0
231746,0.0
231747,0.03
231748,0.14
231749,0.01
231750,0.0
231751,0.03
231752,0.06
231753,0.02
231754,0.0
231755,0.04
231756,0.03
231757,0.0
231758,0.0
231759,0.03
231760,0.06
231761,0.0
231762,0.02
231763,0.02
231764,0.0
231765,0.0
231766,0.02
231767,0.0
231768,0.03
231769,0.0
231770,0.0
231771,0.06
231772,0.11
231773,0.0
231774,0.0
231775,0.06
231776,0.03
231777,0.01
231778,0.0
231779,0.03
231780,0.05
231781,0.8
231782,0.0
231783,0.89
231784,0.01
231785,0.06
231786,0.0
231787,0.04
231788,0.01
231789,0.05
231790,0.04
231791,0.01
231792,0.0
231793,0.01
231794,0.0
231795,0.0
231796,0.03
231797,0.01
231798,0.09
231799,0.08
231800,0.03
231801,0.0
231802,0.0
231803,0.0
231804,0.0
231805,0.01
231806,0.03
231807,0.01
231808,0.0
231809,0.0
231810,0.01
231811,0.0
231812,0.03
231813,0.03
231814,0.0
231815,0.03
231816,0.0
231817,0.0
231818,0.02
231819,0.0
231820,0.0
231821,0.01
231822,0.0
231823,0.0
231824,0.0
231825,0.01
231826,0.02
231827,0.03
231828,0.46
231829,0.01
231830,0.0
231831,0.03
231832,0.02
231833,0.01
231834,0.05
231835,0.01
231836,0.63
231837,0.07
231838,0.0
231839,0.0
231840,0.7
231841,0.02
231842,0.01
231843,0.01
231844,0.0
231845,0.02
231846,0.0
231847,0.01
231848,0.03
231849,0.01
231850,0.04
231851,0.0
231852,0.02
231853,0.0
231854,0.0
231855,0.0
231856,0.0
231857,0.02
231858,0.0
231859,0.11
231860,0.04
231861,0.0
231862,0.02
231863,0.02
231864,0.02
231865,0.04
231866,0.04
231867,0.0
231868,0.02
231869,0.01
231870,0.0
231871,0.03
231872,0.71
231873,0.0
231874,0.0
231875,0.01
231876,0.05
231877,0.0
231878,0.04
231879,0.0
231880,0.0
231881,0.07
231882,0.0
231883,0.02
231884,0.04
231885,0.0
231886,0.01
231887,0.0
231888,0.01
231889,0.02
231890,0.07
231891,0.02
231892,0.08
231893,0.01
231894,0.06
231895,0.01
231896,0.02
231897,0.02
231898,0.05
231899,0.02
231900,0.73
231901,0.0
231902,0.03
231903,0.01
231904,0.0
231905,0.02
231906,0.02
231907,0.06
231908,0.01
231909,0.0
231910,0.05
231911,0.02
231912,0.0
231913,0.23
231914,0.01
231915,0.0
231916,0.0
231917,0.09
231918,0.0
231919,0.01
231920,0.03
231921,0.0
231922,0.01
231923,0.01
231924,0.01
231925,0.06
231926,0.04
231927,0.2725
231928,0.01
231929,0.06
231930,0.03
231931,0.02
231932,0.02
231933,0.01
231934,0.01
231935,0.04
231936,0.0
231937,0.66
231938,0.67
231939,0.01
231940,0.03
231941,0.0
231942,0.0
231943,0.0
231944,0.01
231945,0.02
231946,0.48
231947,0.06
231948,0.0
231949,0.16
231950,0.0
231951,0.03
231952,0.3
231953,0.06
231954,0.01
231955,0.0
231956,0.0
231957,0.03
231958,0.0
231959,0.42
231960,0.0
231961,0.01
231962,0.0
231963,0.0
231964,0.03
231965,0.07
231966,0.0
231967,0.03
231968,0.05
231969,0.0
231970,0.76
231971,0.0
231972,0.0
231973,0.01
231974,0.0
231975,0.01
231976,0.69
231977,0.0
231978,0.23
231979,0.01
231980,0.0
231981,0.01
231982,0.02
231983,0.8
231984,0.0
231985,0.05
231986,0.58
231987,0.0
231988,0.01
231989,0.09
231990,0.05
231991,0.0
231992,0.0
231993,0.01
231994,0.02
231995,0.1
231996,0.02
231997,0.14
231998,0.37
231999,0.01
232000,0.28
232001,0.1
232002,0.0
232003,0.0
232004,0.0
232005,0.0
232006,0.04
232007,0.0
232008,0.3
232009,0.01
232010,0.06
232011,0.0
232012,0.0
232013,0.02
232014,0.41
232015,0.02
232016,0.0
232017,0.0
232018,0.35
232019,0.03
232020,0.01
232021,0.02
232022,0.0
232023,0.0
232024,0.03
232025,0.01
232026,0.01
232027,0.01
232028,0.01
232029,0.0
232030,0.01
232031,0.0
232032,0.0
232033,0.58
232034,0.58
232035,0.0
232036,0.61
232037,0.01
232038,0.0
232039,0.0
232040,0.09
232041,0.28
232042,0.05
232043,0.77
232044,0.02
232045,0.01
232046,0.0
232047,0.07
232048,0.0
232049,0.19
232050,0.0
232051,0.01
232052,0.01
232053,0.0
232054,0.0
232055,0.11
232056,0.01
232057,0.01
232058,0.03
232059,0.0
232060,0.0
232061,0.04
232062,0.01
232063,0.0
232064,0.04
232065,0.02
232066,0.01
232067,0.62
232068,0.02
232069,0.06
232070,0.01
232071,0.06
232072,0.01
232073,0.14
232074,0.0
232075,0.03
232076,0.01
232077,0.0
232078,0.37
232079,0.0
232080,0.06
232081,0.01
232082,0.02
232083,0.0
232084,0.02
232085,0.0
232086,0.0
232087,0.17
232088,0.06
232089,0.04
232090,0.04
232091,0.01
232092,0.0
232093,0.16
232094,0.0
232095,0.05
232096,0.0
232097,0.05
232098,0.0
232099,0.0
232100,0.02
232101,0.03
232102,0.03
232103,0.02
232104,0.04
232105,0.02
232106,0.0
232107,0.03
232108,0.01
232109,0.01
232110,0.02
232111,0.0
232112,0.0
232113,0.0
232114,0.78
232115,0.0
232116,0.02
232117,0.02
232118,0.0
232119,0.05
232120,0.0
232121,0.01
232122,0.59
232123,0.0
232124,0.0
232125,0.01
232126,0.01
232127,0.03
232128,0.03
232129,0.7
232130,0.0
232131,0.0
232132,0.0
232133,0.0
232134,0.0
232135,0.01
232136,0.06
232137,0.03
232138,0.0
232139,0.04
232140,0.02
232141,0.08
232142,0.0
232143,0.01
232144,0.01
232145,0.0
232146,0.91
232147,0.75
232148,0.0
232149,0.67
232150,0.01
232151,0.02
232152,0.06
232153,0.02
232154,0.0
232155,0.84
232156,0.13
232157,0.02
232158,0.07
232159,0.02
232160,0.0
232161,0.02
232162,0.04
232163,0.02
232164,0.01
232165,0.01
232166,0.01
232167,0.06
232168,0.03
232169,0.02
232170,0.02
232171,0.26
232172,0.08
232173,0.07
232174,0.01
232175,0.02
232176,0.51
232177,0.01
232178,0.0
232179,0.01
232180,0.01
232181,0.03
232182,0.01
232183,0.01
232184,0.93
232185,0.01
232186,0.01
232187,0.22
232188,0.04
232189,0.85
232190,0.04
232191,0.01
232192,0.0
232193,0.01
232194,0.03
232195,0.0
232196,0.01
232197,0.0
232198,0.0
232199,0.19
232200,0.04
232201,0.03
232202,0.1
232203,0.0
232204,0.01
232205,0.83
232206,0.01
232207,0.0
232208,0.01
232209,0.12
232210,0.0
232211,0.01
232212,0.15
232213,0.0
232214,0.01
232215,0.0
232216,0.04
232217,0.02
232218,0.48
232219,0.0
232220,0.04
232221,0.01
232222,0.02
232223,0.09
232224,0.02
232225,0.29
232226,0.0
232227,0.04
232228,0.12
232229,0.06
232230,0.0
232231,0.0
232232,0.03
232233,0.05
232234,0.03
232235,0.01
232236,0.42
232237,0.92
232238,0.03
232239,0.0
232240,0.25
232241,0.05
232242,0.0
232243,0.01
232244,0.03
232245,0.02
232246,0.04
232247,0.26
232248,0.0
232249,0.07
232250,0.06
232251,0.03
232252,0.01
232253,0.06
232254,0.01
232255,0.03
232256,0.04
232257,0.06
232258,0.01
232259,0.03
232260,0.01
232261,0.02
232262,0.0
232263,0.0
232264,0.63
232265,0.05
232266,0.01
232267,0.01
232268,0.04
232269,0.02
232270,0.03
232271,0.0
232272,0.03
232273,0.02
232274,0.0
232275,0.01
232276,0.0
232277,0.0
232278,0.01
232279,0.22
232280,0.82
232281,0.06
232282,0.53
232283,0.05
232284,0.05
232285,0.24
232286,0.02
232287,0.05
232288,0.01
232289,0.02
232290,0.0
232291,0.14
232292,0.0
232293,0.02
232294,0.0
232295,0.3
232296,0.01
232297,0.02
232298,0.0
232299,0.02
232300,0.15
232301,0.03
232302,0.0
232303,0.01
232304,0.01
232305,0.36
232306,0.02
232307,0.01
232308,0.0
232309,0.0
232310,0.02
232311,0.0
232312,0.03
232313,0.01
232314,0.005
232315,0.09
232316,0.0
232317,0.05
232318,0.0
232319,0.01
232320,0.51
232321,0.62
232322,0.085
232323,0.01
232324,0.05
232325,0.0
232326,0.01
232327,0.11333333333333333
232328,0.04
232329,0.02
232330,0.01
232331,0.0
232332,0.09
232333,0.01
232334,0.0
232335,0.01
232336,0.04
232337,0.02
232338,0.0
232339,0.0
232340,0.0
232341,0.27
232342,0.88
232343,0.0
232344,0.01
232345,0.04
232346,0.0
232347,0.01
232348,0.01
232349,0.0
232350,0.06
232351,0.28
232352,0.0
232353,0.02
232354,0.01
232355,0.0
232356,0.04
232357,0.01
232358,0.02
232359,0.04
232360,0.01
232361,0.01
232362,0.05
232363,0.02
232364,0.97
232365,0.1
232366,0.0
232367,0.03
232368,0.04
232369,0.26
232370,0.0
232371,0.0
232372,0.01
232373,0.0
232374,0.03
232375,0.02
232376,0.0
232377,0.15
232378,0.01
232379,0.02
232380,0.07
232381,0.05
232382,0.01
232383,0.0
232384,0.08
232385,0.01
232386,0.0
232387,0.0
232388,0.01
232389,0.0
232390,0.0
232391,0.0
232392,0.05
232393,0.0
232394,0.06
232395,0.01
232396,0.02
232397,0.02
232398,0.0
232399,0.0
232400,0.04
232401,0.0
232402,0.7
232403,0.0
232404,0.05
232405,0.01
232406,0.04
232407,0.03
232408,0.08
232409,0.01
232410,0.44
232411,0.0
232412,0.01
232413,0.01
232414,0.03
232415,0.0
232416,0.01
232417,0.17
232418,0.03
232419,0.02
232420,0.0
232421,0.03
232422,0.08
232423,0.0
232424,0.0
232425,0.0
232426,0.06
232427,0.01
232428,0.03
232429,0.01
232430,0.63
232431,0.19
232432,0.0
232433,0.03
232434,0.39
232435,0.05
232436,0.0
232437,0.02
232438,0.0
232439,0.05
232440,0.0
232441,0.0
232442,0.01
232443,0.01
232444,0.07
232445,0.02
232446,0.0
232447,0.05
232448,0.03
232449,0.0
232450,0.02
232451,0.02
232452,0.05
232453,0.0
232454,0.0
232455,0.01
232456,0.0
232457,0.88
232458,0.49
232459,0.01
232460,0.0
232461,0.0
232462,0.01
232463,0.01
232464,0.0
232465,0.01
232466,0.94
232467,0.04
232468,0.11
232469,0.0
232470,0.02
232471,0.01
232472,0.0
232473,0.01
232474,0.01
232475,0.0
232476,0.0
232477,0.05
232478,0.05
232479,0.02
232480,0.98
232481,0.0
232482,0.0
232483,0.02
232484,0.0
232485,0.12
232486,0.0
232487,0.01
232488,0.0
232489,0.0
232490,0.0
232491,0.01
232492,0.01
232493,0.01
232494,0.0
232495,0.02
232496,0.47
232497,0.12
232498,0.01
232499,0.09
232500,0.0
232501,0.003333333333333333
232502,0.03
232503,0.03
232504,0.19
232505,0.0
232506,0.14
232507,0.0
232508,0.01
232509,0.1
232510,0.01
232511,0.0
232512,0.02
232513,0.0
232514,0.0
232515,0.0
232516,0.09
232517,0.0
232518,0.0
232519,0.55
232520,0.02
232521,0.74
232522,0.0
232523,0.01
232524,0.04
232525,0.0
232526,0.0
232527,0.02
232528,0.0
232529,0.44
232530,0.02
232531,0.02
232532,0.03
232533,0.0
232534,0.0
232535,0.07
232536,0.01
232537,0.01
232538,0.0
232539,0.01
232540,0.0
232541,0.03
232542,0.02
232543,0.0
232544,0.0
232545,0.03
232546,0.04
232547,0.01
232548,0.0
232549,0.0
232550,0.01
232551,0.0
232552,0.04
232553,0.0
232554,0.02
232555,0.01
232556,0.01
232557,0.0
232558,0.01
232559,0.03
232560,0.01
232561,0.0
232562,0.0
232563,0.01
232564,0.01
232565,0.01
232566,0.01
232567,0.17
232568,0.22
232569,0.0
232570,0.0
232571,0.03
232572,0.0
232573,0.0
232574,0.02
232575,0.02
232576,0.34
232577,0.08
232578,0.01
232579,0.65
232580,0.01
232581,0.32
232582,0.58
232583,0.04
232584,0.0
232585,0.03
232586,0.0
232587,0.02
232588,0.15
232589,0.04
232590,0.0
232591,0.0
232592,0.0
232593,0.0
232594,0.25
232595,0.43
232596,0.08
232597,0.0
232598,0.01
232599,0.12
232600,0.0
232601,0.02
232602,0.05
232603,0.01
232604,0.26
232605,0.04
232606,0.05
232607,0.01
232608,0.02
232609,0.01
232610,0.02
232611,0.05
232612,0.0
232613,0.8475
232614,0.0
232615,0.0
232616,0.02
232617,0.0
232618,0.04
232619,0.03
232620,0.01125
232621,0.0
232622,0.0
232623,0.73
232624,0.0
232625,0.01
232626,0.01
232627,0.0
232628,0.0
232629,0.05
232630,0.02
232631,0.0
232632,0.0
232633,0.03
232634,0.0
232635,0.04
232636,0.0
232637,0.0
232638,0.04
232639,0.0
232640,0.03
232641,0.0
232642,0.01
232643,0.01
232644,0.0
232645,0.01
232646,0.0
232647,0.07
232648,0.67
232649,0.06
232650,0.06
232651,0.01
232652,0.0
232653,0.01
232654,0.0
232655,0.07
232656,0.13
232657,0.06
232658,0.04
232659,0.21
232660,0.0
232661,0.0
232662,0.01
232663,0.0
232664,0.0
232665,0.07
232666,0.0
232667,0.0
232668,0.01
232669,0.0325
232670,0.01
232671,0.0
232672,0.0
232673,0.01
232674,0.94
232675,0.01
232676,0.01
232677,0.0
232678,0.0
232679,0.01
232680,0.12
232681,0.02
232682,0.01
232683,0.0
232684,0.02
232685,0.02
232686,0.0
232687,0.36
232688,0.0
232689,0.0
232690,0.0
232691,0.07
232692,0.0
232693,0.0
232694,0.14
232695,0.0
232696,0.16
232697,0.0
232698,0.0
232699,0.03
232700,0.01
232701,0.0
232702,0.04
232703,0.01
232704,0.01
232705,0.02
232706,0.05
232707,0.04
232708,0.0
232709,0.15
232710,0.01
232711,0.01
232712,0.03
232713,0.03
232714,0.07
232715,0.57
232716,0.02
232717,0.02
232718,0.03
232719,0.02
232720,0.06
232721,0.07
232722,0.01
232723,0.04
232724,0.0
232725,0.03
232726,0.0
232727,0.03
232728,0.02
232729,0.04
232730,0.0
232731,0.0
232732,0.0
232733,0.0
232734,0.06
232735,0.0
232736,0.0
232737,0.0
232738,0.01
232739,0.0
232740,0.12
232741,0.01
232742,0.01
232743,0.02
232744,0.08
232745,0.0
232746,0.11
232747,0.01
232748,0.48
232749,0.02
232750,0.0
232751,0.02
232752,0.04
232753,0.02
232754,0.07
232755,0.02
232756,0.0
232757,0.0
232758,0.0
232759,0.0
232760,0.13
232761,0.0
232762,0.0
232763,0.04
232764,0.01
232765,0.0
232766,0.43
232767,0.0
232768,0.0
232769,0.01
232770,0.0
232771,0.0
232772,0.0
232773,0.0
232774,0.0
232775,0.01
232776,0.0
232777,0.02
232778,0.04
232779,0.01
232780,0.11
232781,0.01
232782,0.01
232783,0.05
232784,0.13
232785,0.88
232786,0.05
232787,0.03
232788,0.06
232789,0.05
232790,0.03
232791,0.15
232792,0.01
232793,0.02
232794,0.32
232795,0.01
232796,0.10666666666666666
232797,0.01
232798,0.01
232799,0.0
232800,0.02
232801,0.11
232802,0.0
232803,0.01
232804,0.06
232805,0.02
232806,0.02
232807,0.01
232808,0.01
232809,0.05
232810,0.0
232811,0.0
232812,0.01
232813,0.01
232814,0.01
232815,0.0
232816,0.29
232817,0.01
232818,0.03
232819,0.02
232820,0.25
232821,0.02
232822,0.0
232823,0.04
232824,0.03
232825,0.01
232826,0.03
232827,0.0
232828,0.03
232829,0.02
232830,0.01
232831,0.08
232832,0.02
232833,0.0
232834,0.01
232835,0.0
232836,0.03
232837,0.0
232838,0.0
232839,0.06
232840,0.01
232841,0.21
232842,0.01
232843,0.8
232844,0.01
232845,0.04
232846,0.02
232847,0.01
232848,0.0
232849,0.01
232850,0.02
232851,0.0
232852,0.02
232853,0.01
232854,0.0
232855,0.1
232856,0.0
232857,0.0
232858,0.88
232859,0.09
232860,0.0
232861,0.05
232862,0.05
232863,0.0
232864,0.0
232865,0.0
232866,0.02
232867,0.03
232868,0.02
232869,0.002
232870,0.02
232871,0.04
232872,0.02
232873,0.01
232874,0.02
232875,0.01
232876,0.01
232877,0.44
232878,0.0
232879,0.45
232880,0.02
232881,0.0
232882,0.01
232883,0.11
232884,0.05
232885,0.02
232886,0.0
232887,0.18
232888,0.03
232889,0.0
232890,0.0
232891,0.0
232892,0.0
232893,0.0
232894,0.18
232895,0.01
232896,0.07
232897,0.04
232898,0.40666666666666673
232899,0.01
232900,0.01
232901,0.06
232902,0.04
232903,0.0
232904,0.01
232905,0.01
232906,0.05
232907,0.04
232908,0.0
232909,0.0
232910,0.05
232911,0.0
232912,0.01
232913,0.0
232914,0.02
232915,0.15
232916,0.02
232917,0.13
232918,0.55
232919,0.03
232920,0.04
232921,0.62
232922,0.04
232923,0.01
232924,0.08
232925,0.0
232926,0.03
232927,0.0
232928,0.01
232929,0.02
232930,0.02
232931,0.0
232932,0.0
232933,0.0
232934,0.66
232935,0.01
232936,0.57
232937,0.81
232938,0.0
232939,0.0
232940,0.09
232941,0.02
232942,0.01
232943,0.01
232944,0.01
232945,0.02
232946,0.55
232947,0.07
232948,0.35
232949,0.02
232950,0.02
232951,0.02
232952,0.02
232953,0.01
232954,0.01
232955,0.0
232956,0.03
232957,0.03
232958,0.0
232959,0.99
232960,0.02
232961,0.06
232962,0.04
232963,0.06
232964,0.06
232965,0.0
232966,0.01
232967,0.01
232968,0.01
232969,0.0
232970,0.04
232971,0.0
232972,0.01
232973,0.61
232974,0.02
232975,0.0
232976,0.02
232977,0.53
232978,0.09
232979,0.0
232980,0.14
232981,0.09
232982,0.0
232983,0.0
232984,0.01
232985,0.05
232986,0.02
232987,0.04
232988,0.02
232989,0.01
232990,0.0
232991,0.01
232992,0.02
232993,0.01
232994,0.0
232995,0.01
232996,0.0
232997,0.0
232998,0.03
232999,0.13
233000,0.0
233001,0.0
233002,0.01
233003,0.12
233004,0.0
233005,0.0
233006,0.07
233007,0.0
233008,0.35
233009,0.01
233010,0.01
233011,0.0
233012,0.0
233013,0.09
233014,0.02
233015,0.0
233016,0.02
233017,0.03
233018,0.04
233019,0.14
233020,0.09
233021,0.0
233022,0.07
233023,0.72
233024,0.0
233025,0.03
233026,0.32
233027,0.0
233028,0.01
233029,0.0
233030,0.03
233031,0.0
233032,0.01
233033,0.02
233034,0.91
233035,0.0
233036,0.02
233037,0.0
233038,0.02
233039,0.0
233040,0.04
233041,0.0
233042,0.0
233043,0.0
233044,0.01
233045,0.0
233046,0.02
233047,0.01
233048,0.0
233049,0.07
233050,0.04
233051,0.0
233052,0.02
233053,0.17
233054,0.0475
233055,0.0
233056,0.11
233057,0.0
233058,0.02
233059,0.04
233060,0.0
233061,0.01
233062,0.0
233063,0.01
233064,0.0
233065,0.72
233066,0.0
233067,0.02
233068,0.06
233069,0.0
233070,0.0
233071,0.03
233072,0.0
233073,0.13
233074,0.05
233075,0.01
233076,0.0
233077,0.02
233078,0.6
233079,0.32
233080,0.37
233081,0.0
233082,0.03
233083,0.08
233084,0.01
233085,0.0
233086,0.0
233087,0.01
233088,0.0
233089,0.11
233090,0.0
233091,0.01
233092,0.0
233093,0.17
233094,0.01
233095,0.24
233096,0.05
233097,0.03
233098,0.0
233099,0.02
233100,0.0
233101,0.0
233102,0.02
233103,0.08
233104,0.73
233105,0.01
233106,0.03
233107,0.02
233108,0.92
233109,0.0
233110,0.18
233111,0.0
233112,0.0
233113,0.0
233114,0.0
233115,0.06
233116,0.04
233117,0.0
233118,0.03
233119,0.0
233120,0.01
233121,0.0
233122,0.03
233123,0.81
233124,0.01
233125,0.13
233126,0.0
233127,0.01
233128,0.02
233129,0.01
233130,0.01
233131,0.35
233132,0.09
233133,0.22
233134,0.07
233135,0.03
233136,0.0
233137,0.0
233138,0.01
233139,0.03
233140,0.03
233141,0.67
233142,0.01
233143,0.0
233144,0.04
233145,0.015
233146,0.02
233147,0.0
233148,0.01
233149,0.0
233150,0.08
233151,0.0
233152,0.15
233153,0.0
233154,0.0
233155,0.06
233156,0.02
233157,0.0
233158,0.04
233159,0.01
233160,0.05
233161,0.12
233162,0.04
233163,0.03
233164,0.01
233165,0.01
233166,0.0
233167,0.86
233168,0.01
233169,0.02
233170,0.0
233171,0.0
233172,0.0
233173,0.04
233174,0.0
233175,0.0
233176,0.0
233177,0.01
233178,0.0
233179,0.04
233180,0.0
233181,0.01
233182,0.0
233183,0.01
233184,0.01
233185,0.56
233186,0.0
233187,0.07
233188,0.05
233189,0.01
233190,0.07
233191,0.0
233192,0.01
233193,0.0
233194,0.05
233195,0.08
233196,0.01
233197,0.0
233198,0.0
233199,0.02
233200,0.0
233201,0.0
233202,0.08
233203,0.0
233204,0.02
233205,0.06
233206,0.01
233207,0.0
233208,0.01
233209,0.02
233210,0.02
233211,0.01
233212,0.08
233213,0.04
233214,0.01
233215,0.07
233216,0.08
233217,0.03
233218,0.0
233219,0.14
233220,0.01
233221,0.0
233222,0.0
233223,0.18
233224,0.01
233225,0.04
233226,0.01
233227,0.02
233228,0.02
233229,0.0
233230,0.0
233231,0.0
233232,0.0
233233,0.0
233234,0.03
233235,0.19
233236,0.0
233237,0.03
233238,0.03
233239,0.04
233240,0.0
233241,0.88
233242,0.03
233243,0.0
233244,0.0
233245,0.0
233246,0.05
233247,0.0
233248,0.02
233249,0.04
233250,0.0
233251,0.23
233252,0.0
233253,0.0
233254,0.06
233255,0.02
233256,0.3
233257,0.0
233258,0.96
233259,0.03
233260,0.0
233261,0.0
233262,0.0
233263,0.02
233264,0.0
233265,0.01
233266,0.1
233267,0.57
233268,0.05
233269,0.02
233270,0.0
233271,0.01
233272,0.02
233273,0.0
233274,0.2
233275,0.03
233276,0.73
233277,0.07
233278,0.01
233279,0.01
233280,0.2
233281,0.0
233282,0.02
233283,0.02
233284,0.0
233285,0.04
233286,0.0
233287,0.0
233288,0.01
233289,0.14
233290,0.04
233291,0.0
233292,0.01
233293,0.02
233294,0.01
233295,0.04
233296,0.0
233297,0.01
233298,0.0
233299,0.84
233300,0.0
233301,0.02
233302,0.01
233303,0.13
233304,0.01
233305,0.03
233306,0.03
233307,0.03
233308,0.0
233309,0.02
233310,0.03
233311,0.0
233312,0.0
233313,0.2
233314,0.04
233315,0.0
233316,0.0
233317,0.01
233318,0.01
233319,0.02
233320,0.04
233321,0.01
233322,0.01
233323,0.0
233324,0.0
233325,0.1
233326,0.0
233327,0.0
233328,0.01
233329,0.01
233330,0.98
233331,0.04
233332,0.06
233333,0.03
233334,0.02
233335,0.06
233336,0.0
233337,0.01
233338,0.12
233339,0.04
233340,0.02
233341,0.01
233342,0.05
233343,0.0
233344,0.01
233345,0.01
233346,0.04
233347,0.97
233348,0.0
233349,0.01
233350,0.03
233351,0.02
233352,0.0
233353,0.09
233354,0.01
233355,0.69
233356,0.02
233357,0.06
233358,0.0
233359,0.0
233360,0.16
233361,0.01
233362,0.2
233363,0.01
233364,0.02
233365,0.0
233366,0.01
233367,0.03
233368,0.05
233369,0.05
233370,0.0
233371,0.0
233372,0.0
233373,0.25
233374,0.0
233375,0.0
233376,0.03
233377,0.0
233378,0.03
233379,0.11
233380,0.01
233381,0.0
233382,0.05
233383,0.04
233384,0.06
233385,0.01
233386,0.0
233387,0.0
233388,0.01
233389,0.0
233390,0.19
233391,0.0
233392,0.04
233393,0.06
233394,0.0
233395,0.01
233396,0.01
233397,0.09
233398,0.06
233399,0.01
233400,0.03
233401,0.01
233402,0.88
233403,0.02
233404,0.04
233405,0.03
233406,0.0
233407,0.01
233408,0.0
233409,0.07
233410,0.04
233411,0.0
233412,0.06
233413,0.03
233414,0.0
233415,0.0
233416,0.75
233417,0.0
233418,0.0
233419,0.0
233420,0.22
233421,0.0
233422,0.14
233423,0.01
233424,0.0
233425,0.0
233426,0.01
233427,0.05
233428,0.04
233429,0.04
233430,0.03
233431,0.0
233432,0.01
233433,0.01
233434,0.04
233435,0.01
233436,0.11
233437,0.13
233438,0.0
233439,0.0
233440,0.0
233441,0.06
233442,0.0
233443,0.01
233444,0.01
233445,0.02
233446,0.0
233447,0.01
233448,0.24
233449,0.01
233450,0.01
233451,0.0
233452,0.01
233453,0.01
233454,0.03
233455,0.0
233456,0.81
233457,0.0
233458,0.26
233459,0.06
233460,0.01
233461,0.04
233462,0.04
233463,0.0
233464,0.04
233465,0.03
233466,0.02
233467,0.07
233468,0.0
233469,0.17
233470,0.01
233471,0.05
233472,0.01
233473,0.0
233474,0.03
233475,0.0
233476,0.02
233477,0.03
233478,0.0
233479,0.0
233480,0.01
233481,0.0
233482,0.0
233483,0.0
233484,0.01
233485,0.02
233486,0.04
233487,0.0
233488,0.05
233489,0.0
233490,0.01
233491,0.02
233492,0.23
233493,0.02
233494,0.05
233495,0.48
233496,0.01
233497,0.03
233498,0.2
233499,0.16
233500,0.01
233501,0.01
233502,0.04
233503,0.0
233504,0.07
233505,0.0
233506,0.02
233507,0.0
233508,0.02
233509,0.32
233510,0.04
233511,0.51
233512,0.0
233513,0.03
233514,0.04
233515,0.01
233516,0.04
233517,0.04
233518,0.01
233519,0.0
233520,0.02
233521,0.02
233522,0.0
233523,0.0
233524,0.0
233525,0.04
233526,0.07
233527,0.0
233528,0.015
233529,0.0
233530,0.0
233531,0.04
233532,0.02
233533,0.0
233534,0.0
233535,0.0
233536,0.04
233537,0.05
233538,0.01
233539,0.0
233540,0.77
233541,0.22
233542,0.0
233543,0.01
233544,0.01
233545,0.0
233546,0.13
233547,0.01
233548,0.01
233549,0.03
233550,0.0
233551,0.01
233552,0.0
233553,0.0
233554,0.02
233555,0.0
233556,0.0
233557,0.01
233558,0.38
233559,0.06
233560,0.11
233561,0.0
233562,0.0
233563,0.03
233564,0.0
233565,0.38
233566,0.02
233567,0.28
233568,0.0
233569,0.03
233570,0.01
233571,0.03
233572,0.01
233573,0.08
233574,0.05
233575,0.03
233576,0.1
233577,0.02
233578,0.73
233579,0.0
233580,0.01
233581,0.03
233582,0.02
233583,0.01
233584,0.0
233585,0.0
233586,0.04
233587,0.01
233588,0.0
233589,0.01
233590,0.0
233591,0.02
233592,0.02
233593,0.02
233594,0.0
233595,0.5
233596,0.01
233597,0.04
233598,0.09
233599,0.1
233600,0.0
233601,0.01
233602,0.02
233603,0.0
233604,0.04
233605,0.01
233606,0.01
233607,0.03
233608,0.0
233609,0.0
233610,0.02
233611,0.0
233612,0.83
233613,0.01
233614,0.0
233615,0.05
233616,0.02
233617,0.06
233618,0.02
233619,0.07
233620,0.04
233621,0.0
233622,0.14
233623,0.05
233624,0.02
233625,0.05
233626,0.01
233627,0.01
233628,0.0
233629,0.04
233630,0.01
233631,0.8
233632,0.03
233633,0.0
233634,0.08
233635,0.06
233636,0.07
233637,0.03
233638,0.67
233639,0.01
233640,0.02
233641,0.0
233642,0.02
233643,0.01
233644,0.0
233645,0.0
233646,0.01
233647,0.0
233648,0.0
233649,0.02
233650,0.0
233651,0.01
233652,0.0
233653,0.01
233654,0.0
233655,0.0
233656,0.02
233657,0.01
233658,0.07
233659,0.01
233660,0.01
233661,0.0
233662,0.04
233663,0.0
233664,0.04
233665,0.04
233666,0.02
233667,0.02
233668,0.01
233669,0.08
233670,0.03
233671,0.02
233672,0.0
233673,0.03
233674,0.06
233675,0.03
233676,0.01
233677,0.0
233678,0.04
233679,0.37
233680,0.26
233681,0.02
233682,0.22
233683,0.0
233684,0.34
233685,0.03
233686,0.09
233687,0.04
233688,0.01
233689,0.03
233690,0.0
233691,0.0
233692,0.01
233693,0.03
233694,0.01
233695,0.01
233696,0.0
233697,0.0
233698,0.02
233699,0.62
233700,0.08
233701,0.02
233702,0.0
233703,0.09
233704,0.0
233705,0.01
233706,0.01
233707,1.0
233708,0.0
233709,0.0
233710,0.0
233711,0.02
233712,0.01
233713,0.02
233714,0.01
233715,0.0
233716,0.0
233717,0.01
233718,0.01
233719,0.0
233720,0.03
233721,0.01
233722,0.0
233723,0.1
233724,0.03
233725,0.02
233726,0.05
233727,0.0
233728,0.02
233729,0.04
233730,0.01
233731,0.05
233732,0.02
233733,0.0
233734,0.07
233735,0.0
233736,0.0
233737,0.49
233738,0.0
233739,0.02
233740,0.02
233741,0.0
233742,0.01
233743,0.19
233744,0.0
233745,0.01
233746,0.0
233747,0.01
233748,0.01
233749,0.0
233750,0.01
233751,0.03
233752,0.07
233753,0.02
233754,0.01
233755,0.0
233756,0.82
233757,0.03
233758,0.01
233759,0.01
233760,0.01
233761,0.56
233762,0.02
233763,0.01
233764,0.03
233765,0.0
233766,0.0
233767,0.03
233768,0.0
233769,0.0
233770,0.03
233771,0.0
233772,0.0
233773,0.6
233774,0.67
233775,0.0
233776,0.99
233777,0.03
233778,0.02
233779,0.0
233780,0.0
233781,0.0
233782,0.01
233783,0.0
233784,0.01
233785,0.03
233786,0.0
233787,0.02
233788,0.02
233789,0.0
233790,0.04
233791,0.14
233792,0.0
233793,0.09
233794,0.0
233795,0.0
233796,0.07
233797,0.22
233798,0.01
233799,0.01
233800,0.01
233801,0.0
233802,0.0
233803,0.01
233804,0.0
233805,0.0
233806,0.01
233807,0.02
233808,0.86
233809,0.0
233810,0.0
233811,0.0
233812,0.03
233813,0.01
233814,0.04
233815,0.07
233816,0.05
233817,0.06
233818,0.0
233819,0.01
233820,0.09
233821,0.0
233822,0.02
233823,0.0
233824,0.01
233825,0.41
233826,0.0
233827,0.52
233828,0.03
233829,0.04
233830,0.01
233831,0.04
233832,0.03
233833,0.06
233834,0.06
233835,0.0
233836,0.01
233837,0.01
233838,0.03
233839,0.0
233840,0.09
233841,0.0
233842,0.0
233843,0.02
233844,0.29
233845,0.0
233846,0.01
233847,0.02
233848,0.01
233849,0.31
233850,0.01
233851,0.17
233852,0.01
233853,0.01
233854,0.02
233855,0.0
233856,0.4
233857,0.09
233858,0.0
233859,0.0
233860,0.01
233861,0.01
233862,0.0
233863,0.0
233864,0.0
233865,0.0
233866,0.01
233867,0.03
233868,0.0
233869,0.02
233870,0.0
233871,0.0
233872,0.0
233873,0.02
233874,0.01
233875,0.0
233876,0.01
233877,0.03
233878,0.62
233879,0.01
233880,0.34
233881,0.02
233882,0.01
233883,0.03
233884,0.0
233885,0.0
233886,0.05
233887,0.0
233888,0.04
233889,0.01
233890,0.0
233891,0.0
233892,0.0
233893,0.0
233894,0.16
233895,0.0
233896,0.01
233897,0.02
233898,0.15
233899,0.01
233900,0.0
233901,0.0
233902,0.02
233903,0.58
233904,0.21
233905,0.0
233906,0.21
233907,0.0
233908,0.0
233909,0.01
233910,0.8
233911,0.09
233912,0.02
233913,0.01
233914,0.0
233915,0.01
233916,0.02
233917,0.02
233918,0.03
233919,0.02
233920,0.9
233921,0.0
233922,0.02
233923,0.02
233924,0.04
233925,0.0
233926,0.08
233927,0.01
233928,0.0
233929,0.02
233930,0.04
233931,0.0
233932,0.17
233933,0.15
233934,0.01
233935,0.0
233936,0.03
233937,0.02
233938,0.0
233939,0.0
233940,0.0
233941,0.01
233942,0.0
233943,0.05
233944,0.05
233945,0.01
233946,0.0
233947,0.0
233948,0.13
233949,0.04
233950,0.03
233951,0.0
233952,0.0
233953,0.09
233954,0.17
233955,0.0
233956,0.0
233957,0.02
233958,0.03
233959,0.0
233960,0.0
233961,0.02
233962,0.01
233963,0.01
233964,0.0
233965,0.01
233966,0.48
233967,0.01
233968,0.03
233969,0.02
233970,0.51
233971,0.62
233972,0.02
233973,0.0
233974,0.02
233975,0.06
233976,0.04
233977,0.0
233978,0.0
233979,0.02
233980,0.02
233981,0.05
233982,0.0
233983,0.23
233984,0.0
233985,0.0
233986,0.03
233987,0.05
233988,0.02
233989,0.14
233990,0.01
233991,0.11
233992,0.01
233993,0.0
233994,0.03
233995,0.0
233996,0.15
233997,0.02
233998,0.0
233999,0.0
234000,0.0
234001,0.0
234002,0.59
234003,0.02
234004,0.0
234005,0.01
234006,0.05
234007,0.0
234008,0.06
234009,0.07
234010,0.01
234011,0.0
234012,0.04
234013,0.0
234014,0.0
234015,0.0
234016,0.01
234017,0.0
234018,0.0
234019,0.05
234020,0.01
234021,0.01
234022,0.28
234023,0.01
234024,0.1
234025,0.0
234026,0.01
234027,0.0
234028,0.03
234029,0.02
234030,0.02
234031,0.02
234032,0.0
234033,0.0
234034,0.86
234035,0.0
234036,0.0
234037,0.63
234038,0.09
234039,0.0
234040,0.0
234041,0.39
234042,0.04
234043,0.95
234044,0.0
234045,0.01
234046,0.03
234047,0.0
234048,0.05
234049,0.0
234050,0.68
234051,0.0
234052,0.02
234053,0.0
234054,0.0
234055,0.01
234056,0.01
234057,0.07
234058,0.01
234059,0.17
234060,0.0
234061,0.0
234062,0.0
234063,0.0
234064,0.01
234065,0.02
234066,0.01
234067,0.0
234068,0.0
234069,0.02
234070,0.0
234071,0.05
234072,0.0
234073,0.0
234074,0.03
234075,0.0
234076,0.03
234077,0.02
234078,0.05
234079,0.84
234080,0.0
234081,0.32
234082,0.03
234083,0.0
234084,0.05
234085,0.0
234086,0.0
234087,0.02
234088,0.0
234089,0.02
234090,0.03
234091,0.0
234092,0.08
234093,0.04
234094,0.1
234095,0.01
234096,0.02
234097,0.04
234098,0.01
234099,0.08
234100,0.05
234101,0.71
234102,0.03
234103,0.04
234104,0.02
234105,0.0
234106,0.0
234107,0.06
234108,0.01
234109,0.0
234110,0.02
234111,0.03
234112,0.0
234113,0.0
234114,0.0
234115,0.02
234116,0.03
234117,0.1
234118,0.94
234119,0.06
234120,0.0
234121,0.0
234122,0.0
234123,0.2
234124,0.01
234125,0.0
234126,0.01
234127,0.016666666666666666
234128,0.01
234129,0.03333333333333333
234130,0.01
234131,0.02
234132,0.0
234133,0.0
234134,0.16
234135,0.04
234136,0.0
234137,0.01
234138,0.05
234139,0.02
234140,0.0
234141,0.24
234142,0.01
234143,0.01
234144,0.01
234145,0.03
234146,0.02
234147,0.04
234148,0.01
234149,0.03
234150,0.14
234151,0.01
234152,0.0
234153,0.06
234154,0.01
234155,0.97
234156,0.04
234157,0.0
234158,0.03
234159,0.0
234160,0.01
234161,0.0
234162,0.01
234163,0.0
234164,0.0
234165,0.0
234166,0.01
234167,0.0
234168,0.0
234169,0.0
234170,0.02
234171,0.27
234172,0.02
234173,0.0
234174,0.0
234175,0.03
234176,0.02
234177,0.07
234178,0.02
234179,0.04
234180,0.02
234181,0.01
234182,0.01
234183,0.03
234184,0.02
234185,0.01
234186,0.0
234187,0.0
234188,0.01
234189,0.0
234190,0.02
234191,0.0
234192,0.03
234193,0.13
234194,0.04
234195,0.0
234196,0.0
234197,0.0
234198,0.0
234199,0.02
234200,0.54
234201,0.76
234202,0.48
234203,0.01
234204,0.0
234205,0.0
234206,0.01
234207,0.02
234208,0.0
234209,0.51
234210,0.01
234211,0.04
234212,0.01
234213,0.0
234214,0.02
234215,0.02
234216,0.0
234217,0.015
234218,0.01
234219,0.02
234220,0.24
234221,0.69
234222,0.06
234223,0.12
234224,0.01
234225,0.0
234226,0.0
234227,0.0
234228,0.63
234229,0.02
234230,0.04
234231,0.0
234232,0.02
234233,0.0
234234,0.0
234235,0.02
234236,0.07
234237,0.0
234238,0.03
234239,0.4
234240,0.0
234241,0.01
234242,0.02
234243,0.0
234244,0.0
234245,0.06
234246,0.22
234247,0.0
234248,0.0
234249,0.0
234250,0.05
234251,0.02
234252,0.0
234253,0.03
234254,0.02
234255,0.01
234256,0.0
234257,0.01
234258,0.01
234259,0.02
234260,0.0
234261,0.0
234262,0.01
234263,0.02
234264,0.01
234265,0.0
234266,0.0
234267,0.01
234268,0.0
234269,0.03
234270,0.02
234271,0.06
234272,0.1
234273,0.0
234274,0.01
234275,0.02
234276,0.04
234277,0.01
234278,0.02
234279,0.0
234280,0.0
234281,0.0
234282,0.0
234283,0.0
234284,0.04
234285,0.01
234286,0.08
234287,0.01
234288,0.01
234289,0.01
234290,0.05
234291,0.02
234292,0.04
234293,0.01
234294,0.03
234295,0.0
234296,0.02
234297,0.07
234298,0.03
234299,0.01
234300,0.0
234301,0.0
234302,0.01
234303,0.03
234304,0.02
234305,0.01
234306,0.02
234307,0.01
234308,0.01
234309,0.02
234310,0.1
234311,0.04
234312,0.0
234313,0.01
234314,0.01
234315,0.0
234316,0.0
234317,0.01
234318,0.03
234319,0.01
234320,0.11
234321,0.01
234322,0.12
234323,0.0
234324,0.96
234325,0.41
234326,0.06
234327,0.3
234328,0.04
234329,0.01
234330,0.01
234331,0.13
234332,0.05
234333,0.0
234334,0.0
234335,0.55
234336,0.98
234337,0.0
234338,0.01
234339,0.0
234340,0.95
234341,0.0
234342,0.56
234343,0.01
234344,0.0
234345,0.11
234346,0.07
234347,0.02
234348,0.02
234349,0.0
234350,0.02
234351,0.01
234352,0.02
234353,0.01
234354,0.0
234355,0.08
234356,0.02
234357,0.01
234358,0.0
234359,0.01
234360,0.0
234361,0.04
234362,0.01
234363,0.0
234364,0.05
234365,0.0
234366,0.04
234367,0.03
234368,0.02
234369,0.12
234370,0.0
234371,0.07
234372,0.02
234373,0.01
234374,0.02
234375,0.05
234376,0.01
234377,0.01
234378,0.05
234379,0.06
234380,0.02
234381,0.01
234382,0.01
234383,0.85
234384,0.01
234385,0.0
234386,0.03
234387,0.0
234388,0.03
234389,0.0
234390,0.02
234391,0.03
234392,0.02
234393,0.03
234394,0.08
234395,0.01
234396,0.01
234397,0.01
234398,0.01
234399,0.71
234400,0.0
234401,0.01
234402,0.0
234403,0.0
234404,0.79
234405,0.0
234406,0.03
234407,0.0
234408,0.02
234409,0.06
234410,0.0
234411,0.0
234412,0.11
234413,0.97
234414,0.0
234415,0.0
234416,0.02
234417,0.03
234418,0.03
234419,0.42
234420,0.0
234421,0.01
234422,0.02
234423,0.01
234424,0.02
234425,0.04
234426,0.0
234427,0.03
234428,0.01
234429,0.0
234430,0.0
234431,0.0
234432,0.01
234433,0.02
234434,0.01
234435,0.07
234436,0.01
234437,0.1
234438,0.05
234439,0.96
234440,0.03
234441,0.0
234442,0.0
234443,0.03
234444,0.01
234445,0.08
234446,0.05
234447,0.01
234448,0.34
234449,0.0
234450,0.01
234451,0.01
234452,0.0
234453,0.01
234454,0.07
234455,0.03
234456,0.09
234457,0.54
234458,0.0
234459,0.05
234460,0.0
234461,0.07
234462,0.01
234463,0.07
234464,0.04
234465,0.19
234466,0.0
234467,0.01
234468,0.0
234469,0.01
234470,0.0
234471,0.11
234472,0.02
234473,0.0
234474,0.02
234475,0.04
234476,0.0
234477,0.24
234478,0.0
234479,0.08
234480,0.02
234481,0.0
234482,0.01
234483,0.03
234484,0.05
234485,0.03
234486,0.0
234487,0.01
234488,0.0
234489,0.01
234490,0.03
234491,0.0
234492,0.0
234493,0.0
234494,0.0
234495,0.03
234496,0.07
234497,0.0
234498,0.05
234499,0.01
234500,0.02
234501,0.02
234502,0.03
234503,0.03
234504,0.0
234505,0.01
234506,0.02
234507,0.0
234508,0.93
234509,0.01
234510,0.0
234511,0.11
234512,0.01
234513,0.13
234514,0.0
234515,0.0
234516,0.0
234517,0.0
234518,0.05
234519,0.01
234520,0.06
234521,0.04
234522,0.0
234523,0.01
234524,0.0
234525,0.03
234526,0.01
234527,0.02
234528,0.07
234529,0.0
234530,0.01
234531,0.01
234532,0.09
234533,0.0
234534,0.02
234535,0.02
234536,0.02
234537,0.01
234538,0.39
234539,0.0
234540,0.03
234541,0.03
234542,0.02
234543,0.0
234544,0.01
234545,0.0
234546,0.0
234547,0.0
234548,0.01
234549,0.01
234550,0.02
234551,0.01
234552,0.01
234553,0.32
234554,0.02
234555,0.1
234556,0.03
234557,0.01
234558,0.0
234559,0.02
234560,0.0
234561,0.02
234562,0.04
234563,0.02
234564,0.0
234565,0.0
234566,0.07
234567,0.01
234568,0.0
234569,0.04
234570,0.0
234571,0.0
234572,0.02
234573,0.04
234574,0.0
234575,0.01
234576,0.02
234577,0.01
234578,0.04
234579,0.04
234580,0.0
234581,0.03
234582,0.04
234583,0.0
234584,0.03
234585,0.02
234586,0.01
234587,0.0
234588,0.01
234589,0.01
234590,0.0
234591,0.45
234592,0.01
234593,0.0
234594,0.01
234595,0.91
234596,0.11
234597,0.0
234598,0.0
234599,0.0
234600,0.0
234601,0.78
234602,0.01
234603,0.75
234604,0.18
234605,0.04
234606,0.02
234607,0.0
234608,0.03
234609,0.01
234610,0.02
234611,0.125
234612,0.02
234613,0.0
234614,0.01
234615,0.03
234616,0.02
234617,0.03
234618,0.01
234619,0.02
234620,0.12
234621,0.0
234622,0.06
234623,0.05
234624,0.03
234625,0.03
234626,0.39
234627,0.0
234628,0.03
234629,0.02
234630,0.75
234631,0.12
234632,0.0
234633,0.03
234634,0.01
234635,0.01
234636,0.03
234637,0.02
234638,0.01
234639,0.02
234640,0.0
234641,0.0
234642,0.12
234643,0.55
234644,0.01
234645,0.01
234646,0.01
234647,0.05
234648,0.01
234649,0.0
234650,0.0
234651,0.05
234652,0.0
234653,0.01
234654,0.01
234655,0.01
234656,0.56
234657,0.02
234658,0.01
234659,0.03
234660,0.0
234661,0.04
234662,0.0
234663,0.05
234664,0.0
234665,0.01
234666,0.0
234667,0.0
234668,0.04
234669,0.39
234670,0.0
234671,0.03
234672,0.04
234673,0.0
234674,0.0625
234675,0.0
234676,0.03
234677,0.0
234678,0.01
234679,0.04
234680,0.0
234681,0.01
234682,0.03
234683,0.04
234684,0.0
234685,0.0
234686,0.01
234687,0.97
234688,0.01
234689,0.12
234690,0.02
234691,0.0
234692,0.01
234693,0.01
234694,0.09
234695,0.02
234696,0.01
234697,0.0
234698,0.03
234699,0.25
234700,0.03
234701,0.02
234702,0.16
234703,0.03
234704,0.04
234705,0.0
234706,0.0
234707,0.0
234708,0.022333333333333334
234709,0.0
234710,0.15
234711,0.0
234712,0.03
234713,0.09
234714,0.02
234715,0.01
234716,0.0
234717,0.0
234718,0.18
234719,0.0
234720,0.0
234721,0.98
234722,0.02
234723,0.63
234724,0.01
234725,0.0
234726,0.09
234727,0.06
234728,0.0
234729,0.0
234730,0.06
234731,0.01
234732,0.04
234733,0.0
234734,0.0
234735,0.06
234736,0.02
234737,0.0
234738,0.03
234739,0.0
234740,0.01
234741,0.03
234742,0.0
234743,0.0
234744,0.03
234745,0.01
234746,0.03
234747,0.0
234748,0.01
234749,0.0
234750,0.01
234751,0.0
234752,0.01
234753,0.0
234754,0.01
234755,0.0
234756,0.0
234757,0.03
234758,0.04
234759,0.03
234760,0.03
234761,0.05
234762,0.0
234763,0.01
234764,0.0
234765,0.01
234766,0.0
234767,0.04
234768,0.02
234769,0.0
234770,0.0
234771,0.09
234772,0.03
234773,0.01
234774,0.0
234775,0.0
234776,0.05
234777,0.03
234778,0.58
234779,0.89
234780,0.03
234781,0.0
234782,0.0
234783,0.0
234784,0.02
234785,0.2
234786,0.0
234787,0.01
234788,0.01
234789,0.0
234790,0.02
234791,0.01
234792,0.01
234793,0.05
234794,0.07
234795,0.14
234796,0.0
234797,0.02
234798,0.02
234799,0.02
234800,0.0
234801,0.0
234802,0.0
234803,0.17
234804,0.02
234805,0.03
234806,0.0
234807,0.69
234808,0.0
234809,0.01
234810,0.0
234811,0.0
234812,0.01
234813,0.02
234814,0.0
234815,0.02
234816,0.03
234817,0.0
234818,0.0
234819,0.03
234820,0.01
234821,0.04
234822,0.0
234823,0.01
234824,0.01
234825,0.08
234826,0.01
234827,0.02
234828,0.0
234829,0.0
234830,0.0
234831,0.01
234832,0.21
234833,0.03
234834,0.02
234835,0.0
234836,0.08
234837,0.01
234838,0.04
234839,0.0
234840,0.02
234841,0.0
234842,0.25
234843,0.0
234844,0.01
234845,0.0
234846,0.02
234847,0.05
234848,0.01
234849,0.02
234850,0.0
234851,0.0
234852,0.03
234853,0.01
234854,0.0
234855,0.02
234856,0.02
234857,0.03
234858,0.11
234859,0.0
234860,0.03
234861,0.01
234862,0.04
234863,0.01
234864,0.0
234865,0.02
234866,0.26
234867,0.01
234868,0.85
234869,0.44
234870,0.01
234871,0.02
234872,0.38
234873,0.0
234874,0.01
234875,0.03
234876,0.0
234877,0.04
234878,0.01
234879,0.0
234880,0.0
234881,0.01
234882,0.0
234883,0.0
234884,0.0
234885,0.0
234886,0.13
234887,0.02
234888,0.01
234889,0.01
234890,0.01
234891,0.02
234892,0.02
234893,0.2
234894,0.0
234895,0.35
234896,0.0
234897,0.0
234898,0.03
234899,0.02
234900,0.23
234901,0.0
234902,0.01
234903,0.3
234904,0.08
234905,0.05
234906,0.01
234907,0.02
234908,0.03
234909,0.0
234910,0.04
234911,0.02
234912,0.02
234913,0.03
234914,0.0
234915,0.01
234916,0.02
234917,0.0
234918,0.67
234919,0.0
234920,0.0
234921,0.05
234922,0.01
234923,0.01
234924,0.28
234925,0.05333333333333333
234926,0.02
234927,0.02
234928,0.06
234929,0.01
234930,0.0
234931,0.03
234932,0.01
234933,0.01
234934,0.0
234935,0.26
234936,0.0
234937,0.01
234938,0.0
234939,0.02
234940,0.64
234941,0.0
234942,0.06
234943,0.31
234944,0.01
234945,0.0
234946,0.02
234947,0.03
234948,0.0
234949,0.03
234950,0.02
234951,0.07
234952,0.01
234953,0.01
234954,0.01
234955,0.01
234956,0.0
234957,0.0
234958,0.07
234959,0.04
234960,0.01
234961,0.13
234962,0.03
234963,0.27
234964,0.01
234965,0.06
234966,0.0
234967,0.02
234968,0.23
234969,0.01
234970,0.0
234971,0.01
234972,0.01
234973,0.0
234974,0.0
234975,0.01
234976,0.0
234977,0.02
234978,0.03
234979,0.02
234980,0.0
234981,0.02
234982,0.1
234983,0.0
234984,0.02
234985,0.0
234986,0.03
234987,0.0
234988,0.0
234989,0.01
234990,0.0
234991,0.0
234992,0.02
234993,0.01
234994,0.0
234995,0.07
234996,0.0
234997,0.01
234998,0.0
234999,0.14
235000,0.0
235001,0.01
235002,0.0
235003,0.0
235004,0.04
235005,0.01
235006,0.04
235007,0.0
235008,0.0
235009,0.01
235010,0.02
235011,0.01
235012,0.11
235013,0.01
235014,0.0
235015,0.03
235016,0.0
235017,0.01
235018,0.0
235019,0.0
235020,0.01
235021,0.0
235022,0.0
235023,0.0
235024,0.01
235025,0.0
235026,0.01
235027,0.23
235028,0.0
235029,0.0
235030,0.01
235031,0.03
235032,0.07
235033,0.08
235034,0.06
235035,0.0
235036,0.01
235037,0.39
235038,0.03
235039,0.8666666666666666
235040,0.13
235041,0.01
235042,0.01
235043,0.02
235044,0.04
235045,0.1
235046,0.0
235047,0.0
235048,0.01
235049,0.01
235050,0.17
235051,0.0
235052,0.0
235053,0.02
235054,0.2
235055,0.02
235056,0.04
235057,0.0
235058,0.02
235059,0.02
235060,0.0
235061,0.03
235062,0.0
235063,0.42
235064,0.02
235065,0.01
235066,0.0
235067,0.05
235068,0.01
235069,0.01
235070,0.04
235071,0.01
235072,0.01
235073,0.03
235074,0.0
235075,0.0
235076,0.29
235077,0.05
235078,0.0
235079,0.01
235080,0.0
235081,0.0
235082,0.0
235083,0.0
235084,0.0
235085,0.0
235086,0.02
235087,0.01
235088,0.05
235089,0.2
235090,0.01
235091,0.01
235092,0.02
235093,0.09
235094,0.0
235095,0.0
235096,0.02
235097,0.0
235098,0.0
235099,0.0
235100,0.0
235101,0.06
235102,0.28
235103,0.0
235104,0.01
235105,0.01
235106,0.03
235107,0.0
235108,0.01
235109,0.04
235110,0.28
235111,0.89
235112,0.0
235113,0.0
235114,0.01
235115,0.0
235116,0.05
235117,0.01
235118,0.03
235119,0.93
235120,0.0
235121,0.0
235122,0.02
235123,0.0
235124,0.06
235125,0.04
235126,0.07
235127,0.01
235128,0.04
235129,0.04
235130,0.09
235131,0.0
235132,0.01
235133,0.0
235134,0.0
235135,0.03
235136,0.03
235137,0.0
235138,0.0
235139,0.03
235140,0.01
235141,0.01
235142,0.0
235143,0.11
235144,0.01
235145,0.0
235146,0.0
235147,0.16
235148,0.06
235149,0.01
235150,0.78
235151,0.57
235152,0.01
235153,0.01
235154,0.06
235155,0.0
235156,0.0
235157,0.0
235158,0.05
235159,0.11
235160,0.0
235161,0.0
235162,0.01
235163,0.01
235164,0.06
235165,0.36
235166,0.0
235167,0.01
235168,0.01
235169,0.01
235170,0.0
235171,0.0
235172,0.06
235173,0.01
235174,0.02
235175,0.16
235176,0.04
235177,0.01
235178,0.04
235179,0.01
235180,0.14
235181,0.01
235182,0.23
235183,0.01
235184,0.01
235185,0.0
235186,0.37
235187,0.07
235188,0.01
235189,0.01
235190,0.0
235191,0.0
235192,0.12
235193,0.23
235194,0.03
235195,0.05
235196,0.01
235197,0.0
235198,0.88
235199,0.0575
235200,0.01
235201,0.14
235202,0.01
235203,0.0
235204,0.09
235205,0.0
235206,0.01
235207,0.67
235208,0.02
235209,0.01
235210,0.05
235211,0.01
235212,0.0
235213,0.03
235214,0.0
235215,0.03
235216,0.0
235217,0.0
235218,0.03
235219,0.01
235220,0.03
235221,0.01
235222,0.05
235223,0.01
235224,0.0
235225,0.02
235226,0.0
235227,0.01
235228,0.0
235229,0.0
235230,0.0
235231,0.01
235232,0.0
235233,0.01
235234,0.1
235235,0.09
235236,0.01
235237,0.0
235238,0.63
235239,0.01
235240,0.03
235241,0.05
235242,0.03
235243,0.02
235244,0.02
235245,0.01
235246,0.01
235247,0.01
235248,0.06
235249,0.0
235250,0.01
235251,0.01
235252,0.03
235253,0.03
235254,0.16
235255,0.0
235256,0.35
235257,0.0
235258,0.0
235259,0.02
235260,0.15
235261,0.02
235262,0.0
235263,0.04
235264,0.04
235265,0.01
235266,0.02
235267,0.0
235268,0.0
235269,0.17
235270,0.03
235271,0.0
235272,0.0
235273,0.76
235274,0.0
235275,0.04
235276,0.0
235277,0.04
235278,0.04
235279,0.03
235280,0.05
235281,0.0
235282,0.08
235283,0.01
235284,0.01
235285,0.0
235286,0.0
235287,0.26
235288,0.03
235289,0.01
235290,0.07
235291,0.01
235292,0.16
235293,0.04
235294,0.0
235295,0.03
235296,0.01
235297,0.0
235298,0.74
235299,0.02
235300,0.05
235301,0.1
235302,0.03
235303,0.01
235304,0.0
235305,0.21
235306,0.0
235307,0.0
235308,0.03
235309,0.03
235310,0.01
235311,0.05
235312,0.01
235313,0.0
235314,0.07
235315,0.01
235316,0.0
235317,0.03
235318,0.03
235319,0.01
235320,0.05
235321,0.01
235322,0.01
235323,0.0
235324,0.0
235325,0.03
235326,0.07
235327,0.02
235328,0.03
235329,0.01
235330,0.5966666666666667
235331,0.06
235332,0.03
235333,0.0
235334,0.0
235335,0.09
235336,0.01
235337,0.0
235338,0.02
235339,0.01
235340,0.02
235341,0.05
235342,0.04
235343,0.02
235344,0.07
235345,0.0
235346,0.01
235347,0.0
235348,0.05
235349,0.02
235350,0.02
235351,0.04
235352,0.0
235353,0.03
235354,0.0
235355,0.0
235356,0.85
235357,0.0
235358,0.05
235359,0.0
235360,0.04
235361,0.03
235362,0.02
235363,0.4
235364,0.01
235365,0.0
235366,0.02
235367,0.0
235368,0.04
235369,0.0
235370,0.0
235371,0.44
235372,0.01
235373,0.0
235374,0.19
235375,0.01
235376,0.0
235377,0.34
235378,0.06
235379,0.02
235380,0.0
235381,0.01
235382,0.0
235383,0.05
235384,0.02
235385,0.0
235386,0.02
235387,0.04
235388,0.0
235389,0.02
235390,0.0
235391,0.01
235392,0.8
235393,0.15
235394,0.0
235395,0.0
235396,0.0
235397,0.02
235398,0.0
235399,0.02
235400,0.01
235401,0.01
235402,0.01
235403,0.06
235404,0.0
235405,0.0
235406,0.01
235407,0.02
235408,0.02
235409,0.01
235410,0.01
235411,0.0
235412,0.12
235413,0.11
235414,0.15
235415,0.05
235416,0.0
235417,0.02
235418,0.0
235419,0.02
235420,0.01
235421,0.05
235422,0.06
235423,0.02
235424,0.02
235425,0.02
235426,0.0
235427,0.1
235428,0.0
235429,0.02
235430,0.01
235431,0.0
235432,0.03
235433,0.03
235434,0.01
235435,0.03
235436,0.05
235437,0.01
235438,0.0
235439,0.01
235440,0.0
235441,0.0
235442,0.0
235443,0.13
235444,0.04
235445,0.03
235446,0.0
235447,0.04
235448,0.42
235449,0.0
235450,0.14
235451,0.06
235452,0.08
235453,0.03
235454,0.86
235455,0.01
235456,0.01
235457,0.01
235458,0.01
235459,0.0
235460,0.07
235461,0.86
235462,0.01
235463,0.0
235464,0.68
235465,0.01
235466,0.08
235467,0.0
235468,0.0
235469,0.04
235470,0.02
235471,0.01
235472,0.04
235473,0.34
235474,0.105
235475,0.0
235476,0.0
235477,0.03
235478,0.0
235479,0.02
235480,0.02
235481,0.03
235482,0.0
235483,0.0
235484,0.0
235485,0.47
235486,0.01
235487,0.0
235488,0.0
235489,0.0
235490,0.12
235491,0.03
235492,0.02
235493,0.0
235494,0.02
235495,0.0
235496,0.06
235497,0.26
235498,0.0
235499,0.02
235500,0.02
235501,0.01
235502,0.01
235503,0.01
235504,0.0
235505,0.0
235506,0.0
235507,0.0
235508,0.01
235509,0.0
235510,0.01
235511,0.01
235512,0.07
235513,0.06
235514,0.0
235515,0.03
235516,0.3
235517,0.02
235518,0.01
235519,0.01
235520,0.42
235521,0.03
235522,0.01
235523,0.0
235524,0.01
235525,0.0
235526,0.0
235527,0.0
235528,0.07
235529,0.01
235530,0.04
235531,0.0
235532,0.06
235533,0.27
235534,0.0
235535,0.01
235536,0.0
235537,0.01
235538,0.02
235539,0.0
235540,0.0
235541,0.02
235542,0.0
235543,0.0
235544,0.4416666666666667
235545,0.13
235546,0.01
235547,0.04
235548,0.01
235549,0.0
235550,0.02
235551,0.07
235552,0.02
235553,0.0
235554,0.0
235555,0.04
235556,0.01
235557,0.02
235558,0.01
235559,0.2
235560,0.02
235561,0.0
235562,0.0
235563,0.04
235564,0.02
235565,0.57
235566,0.0
235567,0.09
235568,0.82
235569,0.0
235570,0.75
235571,0.05
235572,0.19
235573,0.03
235574,0.02
235575,0.01
235576,0.07333333333333333
235577,0.0
235578,0.05
235579,0.0
235580,0.0
235581,0.01
235582,0.0
235583,0.0
235584,0.61
235585,0.03
235586,0.05
235587,0.17
235588,0.0
235589,0.04
235590,0.0
235591,0.01
235592,0.09
235593,0.01
235594,0.01
235595,0.0
235596,0.02
235597,0.02
235598,0.01
235599,0.01
235600,0.02
235601,0.03
235602,0.02
235603,0.01
235604,0.0
235605,0.0
235606,0.06
235607,0.54
235608,0.01
235609,0.03
235610,0.01
235611,0.0
235612,0.0
235613,0.0
235614,0.02
235615,0.33
235616,0.02
235617,0.01
235618,0.03
235619,0.0
235620,0.01
235621,0.09
235622,0.02
235623,0.0
235624,0.01
235625,0.0
235626,0.0
235627,0.0
235628,0.0
235629,0.02
235630,0.0
235631,0.0
235632,0.03
235633,0.89
235634,0.49
235635,0.01
235636,0.01
235637,0.0
235638,0.01
235639,0.02
235640,0.43
235641,0.0
235642,0.09
235643,0.04
235644,0.04
235645,1.0
235646,0.01
235647,0.01
235648,0.02
235649,0.0
235650,0.01
235651,0.01
235652,0.02
235653,0.0
235654,0.01
235655,0.0
235656,0.03
235657,0.07
235658,0.0
235659,0.38
235660,0.01
235661,0.0
235662,0.05
235663,0.02
235664,0.0
235665,0.0
235666,0.03
235667,0.0
235668,0.0
235669,0.0
235670,0.01
235671,0.0
235672,0.15
235673,0.0
235674,0.01
235675,0.01
235676,0.01
235677,0.01
235678,0.21
235679,0.08
235680,0.14
235681,0.01
235682,0.0
235683,0.01
235684,0.0
235685,0.01
235686,0.02
235687,0.09
235688,0.12
235689,0.0
235690,0.02
235691,0.0
235692,0.01
235693,0.16
235694,0.0
235695,0.0
235696,0.0
235697,0.01
235698,0.0
235699,0.01
235700,0.0
235701,0.1
235702,0.01
235703,0.0
235704,0.08
235705,0.01
235706,0.57
235707,0.01
235708,0.01
235709,0.0
235710,0.0
235711,0.01
235712,0.0
235713,0.01
235714,0.0
235715,0.01
235716,0.22
235717,0.02
235718,0.01
235719,0.04
235720,0.0
235721,0.0
235722,0.0
235723,0.02
235724,0.04
235725,0.0
235726,0.07
235727,0.09
235728,0.04
235729,0.0
235730,0.02
235731,0.08
235732,0.03
235733,0.31
235734,0.03
235735,0.01
235736,0.02
235737,0.02
235738,0.0
235739,0.03
235740,0.37
235741,0.13333333333333333
235742,0.06
235743,0.0
235744,0.02
235745,0.0
235746,0.0
235747,0.02
235748,0.03
235749,0.04
235750,0.01
235751,0.01
235752,0.04
235753,0.03
235754,0.02
235755,0.0
235756,0.0
235757,0.39
235758,0.07
235759,0.01
235760,0.0
235761,0.04
235762,0.0
235763,0.01
235764,0.05
235765,0.01
235766,0.04
235767,0.01
235768,0.0
235769,0.09
235770,0.03
235771,0.0
235772,0.01
235773,0.01
235774,0.0
235775,0.0
235776,0.0
235777,0.02
235778,0.17
235779,0.0
235780,0.04
235781,0.1
235782,0.02
235783,0.0
235784,0.27
235785,0.52
235786,0.01
235787,0.13
235788,0.07
235789,0.28
235790,0.0
235791,0.63
235792,0.05
235793,0.0
235794,0.0
235795,0.01
235796,0.02
235797,0.0
235798,0.0
235799,0.0
235800,0.03
235801,0.07
235802,0.29
235803,0.0
235804,0.01
235805,0.01
235806,0.16
235807,0.0
235808,0.02
235809,0.0
235810,0.06
235811,0.0
235812,0.01
235813,0.01
235814,0.61
235815,0.01
235816,0.02
235817,0.02
235818,0.02
235819,0.02
235820,0.02
235821,0.02
235822,0.07
235823,0.06
235824,0.77
235825,0.0
235826,0.02
235827,0.01
235828,0.08
235829,0.02
235830,0.03
235831,0.0
235832,0.02
235833,0.09
235834,0.01
235835,0.0
235836,0.0
235837,0.01
235838,0.07
235839,0.01
235840,0.0
235841,0.01
235842,0.47
235843,0.02
235844,0.0
235845,0.06
235846,0.01
235847,0.0
235848,0.08
235849,0.0
235850,0.0
235851,0.0
235852,0.08
235853,0.02
235854,0.08
235855,0.01
235856,0.07
235857,0.05
235858,0.06
235859,0.0
235860,0.16
235861,0.07
235862,0.01
235863,0.01
235864,0.0
235865,0.01
235866,0.0
235867,0.02
235868,0.0
235869,0.94
235870,0.03
235871,0.0
235872,0.0
235873,0.01
235874,0.01
235875,0.01
235876,0.02
235877,0.15
235878,0.0
235879,0.03
235880,0.0
235881,0.0
235882,0.04
235883,0.01
235884,0.31
235885,0.02
235886,0.03
235887,0.0
235888,0.01
235889,0.01
235890,0.03
235891,0.01
235892,0.08
235893,0.0
235894,0.0
235895,0.01
235896,0.0
235897,0.02
235898,0.05
235899,0.0
235900,0.0
235901,0.33
235902,0.02
235903,0.01
235904,0.0
235905,0.02
235906,0.0
235907,0.0
235908,0.02
235909,0.03
235910,0.0
235911,0.0
235912,0.0
235913,0.02
235914,0.0
235915,0.0
235916,0.03
235917,0.0
235918,0.0
235919,0.02
235920,0.29
235921,0.01
235922,0.46
235923,0.01
235924,0.02
235925,0.05
235926,0.01
235927,0.0
235928,0.0
235929,0.27
235930,0.3
235931,0.01
235932,0.01
235933,0.01
235934,0.0
235935,0.0
235936,0.02
235937,0.02
235938,0.0
235939,0.0
235940,0.0
235941,0.0
235942,0.0
235943,0.0
235944,0.01
235945,0.01
235946,0.01
235947,0.0
235948,0.03
235949,0.03
235950,0.01
235951,0.05
235952,0.03
235953,0.0
235954,0.01
235955,0.11
235956,0.51
235957,0.0
235958,0.02
235959,0.09
235960,0.03
235961,0.17
235962,0.0
235963,0.02
235964,0.0
235965,0.01
235966,0.06
235967,0.06
235968,0.02
235969,0.05
235970,0.02
235971,0.02
235972,0.01
235973,0.05
235974,0.56
235975,0.08
235976,0.01
235977,0.01
235978,0.53
235979,0.025
235980,0.01
235981,0.13
235982,0.08
235983,0.01
235984,0.06
235985,0.03
235986,0.0
235987,0.0
235988,0.01
235989,0.0
235990,0.0
235991,0.03
235992,0.0
235993,0.0
235994,0.03
235995,0.01
235996,0.01
235997,0.02
235998,0.01
235999,0.06
236000,0.35
236001,0.0
236002,0.04
236003,0.2
236004,0.01
236005,0.02
236006,0.06
236007,0.02
236008,0.0
236009,0.0
236010,0.73
236011,0.02
236012,0.01
236013,0.0
236014,0.01
236015,0.0
236016,0.06
236017,0.09
236018,0.01
236019,0.01
236020,0.04
236021,0.03
236022,0.24
236023,0.0
236024,0.02
236025,0.01
236026,0.02
236027,0.06
236028,0.03
236029,0.0
236030,0.0
236031,0.0
236032,0.01
236033,0.02
236034,0.0
236035,0.01
236036,0.02
236037,0.0
236038,0.035
236039,0.01
236040,0.0
236041,0.06
236042,0.04
236043,0.0
236044,0.01
236045,0.04
236046,0.02
236047,0.07
236048,0.01
236049,0.02
236050,0.05
236051,0.08
236052,0.01
236053,0.05
236054,0.02
236055,0.89
236056,0.02
236057,0.0
236058,0.0
236059,0.03
236060,0.87
236061,0.15
236062,0.01
236063,0.03
236064,0.02
236065,0.19
236066,0.06
236067,0.06
236068,0.04
236069,0.0
236070,0.02
236071,0.08
236072,0.01
236073,0.16
236074,0.58
236075,0.02
236076,0.09
236077,0.0
236078,0.01
236079,0.145
236080,0.03
236081,0.01
236082,0.01
236083,0.01
236084,0.04
236085,0.01
236086,0.0
236087,0.01
236088,0.03
236089,0.39
236090,0.0
236091,0.01
236092,0.0
236093,0.01
236094,0.0
236095,0.0
236096,0.03
236097,0.0
236098,0.0
236099,0.0
236100,0.61
236101,0.0
236102,0.02
236103,0.01
236104,0.0
236105,0.0
236106,0.0
236107,0.01
236108,0.0
236109,0.0
236110,0.03
236111,0.0
236112,0.0
236113,0.01
236114,0.01
236115,0.02
236116,0.01
236117,0.0
236118,0.01
236119,0.01
236120,0.01
236121,0.03
236122,0.33
236123,0.01
236124,0.04
236125,0.05
236126,0.08
236127,0.0
236128,0.0
236129,0.01
236130,0.02
236131,0.02
236132,0.04
236133,0.0
236134,0.24
236135,0.0
236136,0.07
236137,0.0
236138,0.0
236139,0.04
236140,0.02
236141,0.01
236142,0.06
236143,0.16
236144,0.0
236145,0.01
236146,0.01
236147,0.02
236148,0.0
236149,0.0
236150,0.33
236151,0.04
236152,0.01
236153,0.06
236154,0.01
236155,0.06
236156,0.0
236157,0.0
236158,0.03
236159,0.03
236160,0.2601666666666666
236161,0.02
236162,0.0
236163,0.01
236164,0.02
236165,0.0
236166,0.01
236167,0.0
236168,0.01
236169,0.0
236170,0.3
236171,0.14
236172,0.72
236173,0.06
236174,0.01
236175,0.07
236176,0.01
236177,0.0
236178,0.22
236179,0.01
236180,0.0
236181,0.05
236182,0.0
236183,0.01
236184,0.0
236185,0.01
236186,0.01
236187,0.07
236188,0.03
236189,0.01
236190,0.04
236191,0.02
236192,0.1
236193,0.0
236194,0.01
236195,0.92
236196,0.01
236197,0.0
236198,0.0
236199,0.01
236200,0.0
236201,0.02
236202,0.03
236203,0.25
236204,0.02
236205,0.0
236206,0.08
236207,0.01
236208,0.21
236209,0.01
236210,0.0
236211,0.01
236212,0.07
236213,0.04
236214,0.04
236215,0.02
236216,0.5
236217,0.01
236218,0.0
236219,0.01
236220,0.01
236221,0.04
236222,0.0
236223,0.01
236224,0.39
236225,0.04
236226,0.0
236227,0.04
236228,0.05
236229,0.04
236230,0.0
236231,0.0625
236232,0.02
236233,0.0
236234,0.01
236235,0.34
236236,0.03
236237,0.0
236238,0.03
236239,0.01
236240,0.0
236241,0.01
236242,0.01
236243,0.04
236244,0.05
236245,0.0
236246,0.04
236247,0.0
236248,0.01
236249,0.03
236250,0.01
236251,0.01
236252,0.01
236253,0.01
236254,0.01
236255,0.0
236256,0.01
236257,0.0
236258,0.01
236259,0.07
236260,0.01
236261,0.01
236262,0.01
236263,0.03
236264,0.0
236265,0.0
236266,0.01
236267,0.73
236268,0.01
236269,0.07
236270,0.04
236271,0.0
236272,0.05
236273,0.01
236274,0.01
236275,0.01
236276,0.02
236277,0.0
236278,0.03
236279,0.05
236280,0.01
236281,0.0
236282,0.0
236283,0.02
236284,0.01
236285,0.04
236286,0.01
236287,0.33
236288,0.02
236289,0.01
236290,0.0
236291,0.02
236292,0.05
236293,0.77
236294,0.01
236295,0.0
236296,0.0
236297,0.08
236298,0.0
236299,0.0
236300,0.04
236301,0.0
236302,0.0
236303,0.01
236304,0.01
236305,0.12
236306,0.03
236307,0.0
236308,0.02
236309,0.05
236310,0.04
236311,0.04
236312,0.09
236313,0.64
236314,0.09
236315,0.04
236316,0.94
236317,0.02
236318,0.06
236319,0.05
236320,0.04
236321,0.06
236322,0.05
236323,0.01
236324,0.02
236325,0.0
236326,0.07
236327,0.1
236328,0.01
236329,0.0
236330,0.0
236331,0.0
236332,0.0
236333,0.11
236334,0.01
236335,0.015
236336,0.01
236337,0.0
236338,0.0
236339,0.01
236340,0.0
236341,0.0
236342,0.1
236343,0.01
236344,0.02
236345,0.0
236346,0.35
236347,0.79
236348,0.01
236349,0.05
236350,0.0
236351,0.0
236352,0.02
236353,0.0
236354,0.0
236355,0.02
236356,0.02
236357,0.0
236358,0.02
236359,0.0
236360,0.03
236361,0.01
236362,0.0
236363,0.19
236364,0.1
236365,0.0
236366,0.02
236367,0.0
236368,0.02
236369,0.01
236370,0.05
236371,0.02
236372,0.07
236373,0.01
236374,0.43
236375,0.01
236376,0.03
236377,0.0
236378,0.0
236379,0.01
236380,0.0
236381,0.02
236382,0.01
236383,0.02
236384,0.0
236385,0.04
236386,0.01
236387,0.04
236388,0.0
236389,0.01
236390,0.0
236391,0.01
236392,0.010833333333333332
236393,0.01
236394,0.0
236395,0.0
236396,0.03
236397,0.0
236398,0.0
236399,0.11
236400,0.01
236401,0.03
236402,0.0
236403,0.01
236404,0.01
236405,0.01
236406,0.0
236407,0.0
236408,0.01
236409,0.01
236410,0.04
236411,0.02
236412,0.0
236413,0.01
236414,0.0
236415,0.03
236416,0.0
236417,0.08
236418,0.0
236419,0.01
236420,0.0
236421,0.02
236422,0.0
236423,0.0
236424,0.0
236425,0.34
236426,0.0
236427,0.13
236428,0.38
236429,0.0
236430,0.01
236431,0.0
236432,0.01
236433,0.0
236434,0.0
236435,0.02
236436,0.02
236437,0.02
236438,0.02
236439,0.01
236440,0.0
236441,0.0
236442,0.04
236443,0.01
236444,0.0
236445,0.0
236446,0.0
236447,0.0
236448,0.14
236449,0.01
236450,0.03
236451,0.0
236452,0.02
236453,0.0
236454,0.03
236455,0.0
236456,0.01
236457,0.03
236458,0.01
236459,0.01
236460,0.02
236461,0.05
236462,0.0
236463,0.02
236464,0.03
236465,0.01
236466,0.0
236467,0.06
236468,0.0
236469,0.01
236470,0.0
236471,0.0
236472,0.01
236473,0.0
236474,0.0
236475,0.03
236476,0.07
236477,0.0
236478,0.28
236479,0.01
236480,0.02
236481,0.05
236482,0.1
236483,0.13
236484,0.88
236485,0.0
236486,0.0
236487,0.01
236488,0.0
236489,0.0
236490,0.02
236491,0.01
236492,0.0
236493,0.0
236494,0.01
236495,0.0
236496,0.09
236497,0.06
236498,0.04
236499,0.13
236500,0.01
236501,0.02
236502,0.01
236503,0.03
236504,0.01
236505,0.12
236506,0.02
236507,0.0
236508,0.04
236509,0.0
236510,0.11
236511,0.01
236512,0.44
236513,0.0
236514,0.1
236515,0.05
236516,0.03
236517,0.0
236518,0.03
236519,0.01
236520,0.08
236521,0.01
236522,0.01
236523,0.01
236524,0.16
236525,0.5
236526,0.0
236527,0.03
236528,0.02
236529,0.0
236530,0.13
236531,0.01
236532,0.01
236533,0.02
236534,0.01
236535,0.03
236536,0.03
236537,0.0
236538,0.02
236539,0.03
236540,0.0
236541,0.0
236542,0.12
236543,0.58
236544,0.02
236545,0.91
236546,0.0
236547,0.0
236548,0.02
236549,0.0
236550,0.0
236551,0.0
236552,0.03
236553,0.02
236554,0.04
236555,0.0
236556,0.03
236557,0.01
236558,0.01
236559,0.0
236560,0.02
236561,0.1
236562,0.0
236563,0.0
236564,0.02
236565,0.01
236566,0.01
236567,0.7883333333333333
236568,0.0
236569,0.13
236570,0.36
236571,0.01
236572,0.0
236573,0.04
236574,0.0
236575,0.0
236576,0.18
236577,0.02
236578,0.03
236579,0.01
236580,0.04
236581,0.02
236582,0.09
236583,0.02
236584,0.0
236585,0.06
236586,0.0
236587,0.0
236588,0.01
236589,0.0
236590,0.04
236591,0.02
236592,0.02
236593,0.0
236594,0.0
236595,0.01
236596,0.0
236597,0.0
236598,0.12
236599,0.04
236600,0.0
236601,0.01
236602,0.02
236603,0.0
236604,0.01
236605,0.02
236606,0.08
236607,0.02
236608,0.01
236609,0.0
236610,0.01
236611,0.06
236612,0.01
236613,0.03
236614,0.02
236615,0.03
236616,0.02
236617,0.01
236618,0.0
236619,0.03
236620,0.0
236621,0.01
236622,0.01
236623,0.01
236624,0.01
236625,0.39
236626,0.02
236627,0.0
236628,0.02
236629,0.01
236630,0.53
236631,0.0
236632,0.01
236633,0.02
236634,0.02
236635,0.0
236636,0.03
236637,0.01
236638,0.01
236639,0.01
236640,0.01
236641,0.0
236642,0.0
236643,0.04
236644,0.04
236645,0.38
236646,0.0
236647,0.28
236648,0.03
236649,0.0
236650,0.0
236651,0.02
236652,0.0
236653,0.01
236654,0.0
236655,0.17
236656,0.01
236657,0.0
236658,0.0
236659,0.0
236660,0.04
236661,0.09
236662,0.01
236663,0.0
236664,0.04
236665,0.05
236666,0.01
236667,0.07
236668,0.93
236669,0.04
236670,0.0
236671,0.0
236672,0.0
236673,0.83
236674,0.06
236675,0.09
236676,0.04
236677,0.02
236678,0.27
236679,0.1
236680,0.02
236681,0.0
236682,0.12
236683,0.0
236684,0.2
236685,0.0
236686,0.01
236687,0.01
236688,0.0
236689,0.01
236690,0.01
236691,0.56
236692,0.0
236693,0.02
236694,0.19
236695,0.0
236696,0.03
236697,0.67
236698,0.0
236699,0.0
236700,0.0
236701,0.0
236702,0.01
236703,0.02
236704,0.02
236705,0.01
236706,0.04
236707,0.87
236708,0.0
236709,0.01
236710,0.04
236711,0.05
236712,0.07
236713,0.07
236714,0.0
236715,0.0
236716,0.0
236717,0.04
236718,0.25
236719,0.06
236720,0.01
236721,0.04
236722,0.02
236723,0.0
236724,0.0
236725,0.02
236726,0.01
236727,0.01
236728,0.0
236729,0.0
236730,0.0
236731,0.01
236732,0.0
236733,0.01
236734,0.01
236735,0.0
236736,0.0
236737,0.01
236738,0.04
236739,0.01
236740,0.01
236741,0.0
236742,0.01
236743,0.01
236744,0.83
236745,0.05
236746,0.06
236747,0.0
236748,0.0
236749,0.11
236750,0.02
236751,0.04
236752,0.9
236753,0.01
236754,0.01
236755,0.01
236756,0.08
236757,0.0
236758,0.0
236759,0.0
236760,0.02
236761,0.0
236762,0.02
236763,0.02
236764,0.01
236765,0.0
236766,0.0
236767,0.01
236768,0.0
236769,0.06
236770,0.01
236771,0.02
236772,0.03
236773,0.0
236774,0.01
236775,0.0
236776,0.03
236777,0.0
236778,0.0
236779,0.0
236780,0.0
236781,0.16
236782,0.01
236783,0.0
236784,0.06
236785,0.01
236786,0.02
236787,0.82
236788,0.01
236789,0.0
236790,0.94
236791,0.0
236792,0.0
236793,0.02
236794,0.0
236795,0.04
236796,0.0
236797,0.0
236798,0.0
236799,0.195
236800,0.11
236801,0.13
236802,0.01
236803,0.0
236804,0.0
236805,0.03
236806,0.0
236807,0.02
236808,0.0
236809,0.01
236810,0.01
236811,0.0
236812,0.02
236813,0.0
236814,0.0
236815,0.0
236816,0.03
236817,0.34
236818,0.0
236819,0.05
236820,0.01
236821,0.01
236822,0.08
236823,0.16
236824,0.78
236825,0.0
236826,0.0
236827,0.02
236828,0.02
236829,0.0
236830,0.0
236831,0.0
236832,0.0
236833,0.01
236834,0.0
236835,0.03
236836,0.01
236837,0.01
236838,0.0
236839,0.02
236840,0.43
236841,0.01
236842,0.0
236843,0.02
236844,0.0
236845,0.02
236846,0.55
236847,0.0
236848,0.0
236849,0.01
236850,0.01
236851,0.1975
236852,0.0
236853,0.05
236854,0.1
236855,0.01
236856,0.68
236857,0.0
236858,0.02
236859,0.72
236860,0.14
236861,0.21
236862,0.0
236863,0.02
236864,0.05
236865,0.02
236866,0.0
236867,0.04
236868,0.01
236869,0.0
236870,0.68
236871,0.0
236872,0.0
236873,0.0
236874,0.04
236875,0.52
236876,0.05
236877,0.02
236878,0.02
236879,0.02
236880,0.27
236881,0.01
236882,0.02
236883,0.04
236884,0.01
236885,0.01
236886,0.0
236887,0.0
236888,0.01
236889,0.02
236890,0.01
236891,0.03
236892,0.0
236893,0.0
236894,0.01
236895,0.03
236896,0.02
236897,0.01
236898,0.01
236899,0.03
236900,0.16
236901,0.02
236902,0.01
236903,0.03
236904,0.03
236905,0.0
236906,0.02
236907,0.14
236908,0.49
236909,0.73
236910,0.0
236911,0.02
236912,0.0
236913,0.02
236914,0.07
236915,0.0
236916,0.01
236917,0.01
236918,0.0
236919,0.06
236920,0.03
236921,0.02
236922,0.23
236923,0.03
236924,0.07
236925,0.0
236926,0.01
236927,0.01
236928,0.01
236929,0.1
236930,0.04
236931,0.02
236932,0.01
236933,0.0
236934,0.01
236935,0.03
236936,0.01
236937,0.0
236938,0.0
236939,0.0
236940,0.02
236941,0.0
236942,0.74
236943,0.0
236944,0.95
236945,0.06
236946,0.14
236947,0.03
236948,0.01
236949,0.01
236950,0.06
236951,0.03
236952,0.0
236953,0.0
236954,0.21
236955,0.02
236956,0.02
236957,0.0
236958,0.0
236959,0.08
236960,0.01
236961,0.0
236962,0.04
236963,0.08
236964,0.01
236965,0.03
236966,0.0
236967,0.05
236968,0.04
236969,0.02
236970,0.04
236971,0.01
236972,0.13
236973,0.24
236974,0.02
236975,0.02
236976,0.02
236977,0.02
236978,0.02
236979,0.02
236980,0.01
236981,0.08
236982,0.01
236983,0.01
236984,0.77
236985,0.0
236986,0.01
236987,0.01
236988,0.04
236989,0.0
236990,0.0
236991,0.01
236992,0.02
236993,0.0
236994,0.0
236995,0.01
236996,0.0
236997,0.0
236998,0.0
236999,0.08
237000,0.01
237001,0.03
237002,0.0
237003,0.0
237004,0.02
237005,0.05
237006,0.0
237007,0.04
237008,0.01
237009,0.03
237010,0.01
237011,0.02
237012,0.03
237013,0.0
237014,0.02
237015,0.04
237016,0.0
237017,0.0
237018,0.04
237019,0.0
237020,0.0
237021,0.03
237022,0.04
237023,0.01
237024,0.0
237025,0.0
237026,0.05
237027,0.0
237028,0.02
237029,0.0
237030,0.0
237031,0.0
237032,0.1
237033,0.01
237034,0.02
237035,0.01
237036,0.03
237037,0.02
237038,0.01
237039,0.03
237040,0.03
237041,0.0
237042,0.03
237043,0.02
237044,0.0
237045,0.18
237046,0.01
237047,0.0
237048,0.01
237049,0.89
237050,0.01
237051,0.74
237052,0.02
237053,0.04
237054,0.01
237055,0.01
237056,0.0
237057,0.02
237058,0.58
237059,0.02
237060,0.02
237061,0.0
237062,0.01
237063,0.01
237064,0.02
237065,0.0
237066,0.64
237067,0.18
237068,0.01
237069,0.02
237070,0.01
237071,0.01
237072,0.03
237073,0.93
237074,0.01
237075,0.01
237076,0.0
237077,0.0
237078,0.0
237079,0.03
237080,0.01
237081,0.01
237082,0.0
237083,0.01
237084,0.0
237085,0.04
237086,0.08
237087,0.02
237088,0.03
237089,0.02
237090,0.13
237091,0.02
237092,0.04
237093,0.05
237094,0.0
237095,0.0
237096,0.11
237097,0.15
237098,0.02
237099,0.04
237100,0.02
237101,0.01
237102,0.02
237103,0.01
237104,0.0
237105,0.01
237106,0.02
237107,0.02
237108,0.0
237109,0.01
237110,0.03
237111,0.01
237112,0.02
237113,0.02
237114,0.04
237115,0.02
237116,0.02
237117,0.02
237118,0.02
237119,0.015
237120,0.0
237121,0.02
237122,0.0
237123,0.03
237124,0.01
237125,0.01
237126,0.01
237127,0.0
237128,0.0
237129,0.0
237130,0.0
237131,0.54
237132,0.0
237133,0.0
237134,0.0
237135,0.03
237136,0.04
237137,0.01
237138,0.02
237139,0.02
237140,0.02
237141,0.0
237142,0.01
237143,0.0
237144,0.04
237145,0.03
237146,0.07
237147,0.02
237148,0.04
237149,0.0
237150,0.01
237151,0.1
237152,0.33
237153,0.0
237154,0.0
237155,0.22
237156,0.02
237157,0.01
237158,0.0
237159,0.0
237160,0.0
237161,0.14
237162,0.1
237163,0.0
237164,0.02
237165,0.01
237166,0.03
237167,0.0
237168,0.0
237169,0.02
237170,0.01
237171,0.01
237172,0.0
237173,0.03
237174,0.02
237175,0.0
237176,0.04
237177,0.01
237178,0.03
237179,0.0
237180,0.0
237181,0.03
237182,0.03
237183,0.01
237184,0.03
237185,0.01
237186,0.03
237187,0.02
237188,0.04
237189,0.01
237190,0.01
237191,0.39
237192,0.0
237193,0.01
237194,0.0
237195,0.005
237196,0.02
237197,0.0
237198,0.0
237199,0.01
237200,0.0
237201,0.0
237202,0.01
237203,0.62
237204,0.02
237205,0.06
237206,0.69
237207,0.02
237208,0.14
237209,0.01
237210,0.62
237211,0.03
237212,0.0
237213,0.06
237214,0.0
237215,0.05
237216,0.04
237217,0.03
237218,0.0
237219,0.0
237220,0.01
237221,0.09
237222,0.02
237223,0.02
237224,0.01
237225,0.03
237226,0.05
237227,0.1
237228,0.01
237229,0.0
237230,0.01
237231,0.01
237232,0.01
237233,0.87
237234,0.01
237235,0.02
237236,0.0
237237,0.01
237238,0.03
237239,0.02
237240,0.15
237241,0.01
237242,0.12
237243,0.02
237244,0.21
237245,0.01
237246,0.04
237247,0.01
237248,0.92
237249,0.0
237250,0.08
237251,0.03
237252,0.06
237253,0.89
237254,0.026666666666666665
237255,0.12
237256,0.0
237257,0.0
237258,0.01
237259,0.02
237260,0.08
237261,0.14
237262,0.0
237263,0.02
237264,0.03
237265,0.0
237266,0.0
237267,0.0
237268,0.02
237269,0.01
237270,0.04
237271,0.02
237272,0.0
237273,0.0
237274,0.01
237275,0.02
237276,0.17
237277,0.13
237278,0.0
237279,0.0
237280,0.02
237281,0.02
237282,0.02
237283,0.0
237284,0.0
237285,0.01
237286,0.01
237287,0.0
237288,0.01
237289,0.03
237290,0.0
237291,0.07
237292,0.89
237293,0.07
237294,0.01
237295,0.1
237296,0.01
237297,0.02
237298,0.15
237299,0.01
237300,0.0
237301,0.04
237302,0.09
237303,0.0
237304,0.09
237305,0.02
237306,0.08
237307,0.01
237308,0.0
237309,0.01
237310,0.0
237311,0.01
237312,0.05
237313,0.06
237314,0.05
237315,0.0
237316,0.0
237317,0.02
237318,0.0
237319,0.01
237320,0.08
237321,0.21
237322,0.03
237323,0.04
237324,0.02
237325,0.01
237326,0.0
237327,0.08
237328,0.0
237329,0.44
237330,0.02
237331,0.0
237332,0.01
237333,0.03
237334,0.0
237335,0.0
237336,0.01
237337,0.0
237338,0.0
237339,0.01
237340,0.03
237341,0.01
237342,0.0
237343,0.01
237344,0.11
237345,0.0
237346,0.02
237347,0.01
237348,0.13
237349,0.01
237350,0.0
237351,0.39
237352,0.0
237353,0.01
237354,0.04
237355,0.02
237356,0.0
237357,0.01
237358,0.01
237359,0.02
237360,0.0
237361,0.04
237362,0.03
237363,0.04
237364,0.07
237365,0.0
237366,0.04
237367,0.0
237368,0.01
237369,0.0
237370,0.01
237371,0.0
237372,0.08
237373,0.01
237374,0.0
237375,0.0
237376,0.0
237377,0.05
237378,0.06
237379,0.06
237380,0.02
237381,0.0
237382,0.0
237383,0.01
237384,0.03
237385,0.38
237386,0.08
237387,0.01
237388,0.0
237389,0.01
237390,0.07
237391,0.03
237392,0.02
237393,0.0
237394,0.0
237395,0.0
237396,0.0
237397,0.04
237398,0.0
237399,0.08
237400,0.09
237401,0.04
237402,0.01
237403,0.12
237404,0.0
237405,0.05
237406,0.05
237407,0.0
237408,0.02
237409,0.03
237410,0.03
237411,0.0
237412,0.07
237413,0.0
237414,0.0
237415,0.0
237416,0.01
237417,0.01
237418,0.02
237419,0.02
237420,0.02
237421,0.12
237422,0.56
237423,0.01
237424,0.01
237425,0.01
237426,0.91
237427,0.01
237428,0.01
237429,0.21
237430,0.03
237431,0.01
237432,0.64
237433,0.0
237434,0.01
237435,0.45
237436,0.0
237437,0.0
237438,0.04
237439,0.03
237440,0.01
237441,0.01
237442,0.01
237443,0.03
237444,0.0
237445,0.0
237446,0.11
237447,0.05
237448,0.05
237449,0.0
237450,0.0
237451,0.07
237452,0.0
237453,0.05
237454,0.0
237455,0.02
237456,0.0
237457,0.06
237458,0.13
237459,0.0
237460,0.63
237461,0.0
237462,0.01
237463,0.0
237464,0.01
237465,0.01
237466,0.0
237467,0.06
237468,0.0
237469,0.0
237470,0.03
237471,0.03
237472,0.04
237473,0.01
237474,0.15
237475,0.0
237476,0.03
237477,0.0
237478,0.0
237479,0.0
237480,0.01
237481,0.01
237482,0.29
237483,0.0
237484,0.0
237485,0.0
237486,0.02
237487,0.01
237488,0.0
237489,0.71
237490,0.0
237491,0.01
237492,0.3
237493,0.01
237494,0.13
237495,0.0
237496,0.01
237497,0.01
237498,0.14
237499,0.1
237500,0.0
237501,0.05
237502,0.33
237503,0.06
237504,0.0
237505,0.0
237506,0.06
237507,0.0
237508,0.02
237509,0.04
237510,0.01
237511,0.0
237512,0.04
237513,0.49
237514,0.01
237515,0.36
237516,0.05
237517,0.02
237518,0.0
237519,0.02
237520,0.06
237521,0.02
237522,0.0
237523,0.04
237524,0.0
237525,0.02
237526,0.02
237527,0.0
237528,0.0
237529,0.03
237530,0.05
237531,0.02
237532,0.0
237533,0.0
237534,0.0
237535,0.0
237536,0.02
237537,0.09
237538,0.01
237539,0.0
237540,0.01
237541,0.17
237542,0.08
237543,0.0
237544,0.02
237545,0.12
237546,0.0
237547,0.0
237548,0.02
237549,0.05
237550,0.0
237551,0.05
237552,0.0
237553,0.0
237554,0.04
237555,0.01
237556,0.01
237557,0.0
237558,0.05
237559,0.01
237560,0.04
237561,0.01
237562,0.01
237563,0.1
237564,0.43
237565,0.01
237566,0.02
237567,0.03
237568,0.0
237569,0.025
237570,0.15
237571,0.0
237572,0.04
237573,0.02
237574,0.11
237575,0.03
237576,0.01
237577,0.0
237578,0.0
237579,0.01
237580,0.0
237581,0.07
237582,0.04
237583,0.0
237584,0.0
237585,0.02
237586,0.01
237587,0.03
237588,0.01
237589,0.04
237590,0.0
237591,0.06
237592,0.03
237593,0.0
237594,0.02
237595,0.06
237596,0.03
237597,0.0
237598,0.2
237599,0.04
237600,0.01
237601,0.02
237602,0.01
237603,0.0
237604,0.03
237605,0.01
237606,0.06
237607,0.01
237608,0.02
237609,0.0
237610,0.0
237611,0.0
237612,0.0
237613,0.03
237614,0.01
237615,0.05
237616,0.05
237617,0.0
237618,0.01
237619,0.01
237620,0.05
237621,0.01
237622,0.0
237623,0.02
237624,0.11
237625,0.03
237626,0.01
237627,0.0
237628,0.0
237629,0.0
237630,0.1
237631,0.0
237632,0.0
237633,0.02
237634,0.63
237635,0.14
237636,0.0
237637,0.0
237638,0.07
237639,0.0
237640,0.03
237641,0.01
237642,0.0
237643,0.0
237644,0.01
237645,0.05
237646,0.0
237647,0.75
237648,0.77
237649,0.52
237650,0.0
237651,0.01
237652,0.01
237653,0.04
237654,0.0
237655,0.03
237656,0.0
237657,0.0
237658,0.0
237659,0.07
237660,0.01
237661,0.77
237662,0.0
237663,0.08
237664,0.0
237665,0.0
237666,0.02
237667,0.02
237668,0.65
237669,0.0
237670,0.14
237671,0.1
237672,0.01
237673,0.02
237674,0.84
237675,0.04
237676,0.03
237677,0.02
237678,0.0
237679,0.03
237680,0.05
237681,0.0
237682,0.01
237683,0.0
237684,0.01
237685,0.05
237686,0.0
237687,0.0
237688,0.02
237689,0.03
237690,0.01
237691,0.09
237692,0.03
237693,0.53
237694,0.07
237695,0.01
237696,0.0
237697,0.63
237698,0.08
237699,0.18
237700,0.0
237701,0.0
237702,0.01
237703,0.01
237704,0.05
237705,0.03
237706,0.01
237707,0.05
237708,0.04
237709,0.0
237710,0.06
237711,0.03
237712,0.13
237713,0.0
237714,0.09
237715,0.0
237716,0.08
237717,0.01
237718,0.0
237719,0.0
237720,0.06
237721,0.13
237722,0.05
237723,0.01
237724,0.0
237725,0.0
237726,0.01
237727,0.02
237728,0.0
237729,0.63
237730,0.0
237731,0.54
237732,0.0
237733,0.01
237734,0.18
237735,0.0
237736,0.01
237737,0.04
237738,0.02
237739,0.0
237740,0.0
237741,0.4
237742,0.0
237743,0.01
237744,0.0
237745,0.42633333333333334
237746,0.03
237747,0.12
237748,0.0
237749,0.02
237750,0.03
237751,0.01
237752,0.06
237753,0.01
237754,0.23
237755,0.0
237756,0.01
237757,0.03
237758,0.01
237759,0.0
237760,0.04
237761,0.0
237762,0.0
237763,0.08
237764,0.0
237765,0.0
237766,0.01
237767,0.0
237768,0.01
237769,0.01
237770,0.0
237771,0.03
237772,0.03
237773,0.0
237774,0.01
237775,0.02
237776,0.04
237777,0.04
237778,0.0
237779,0.03
237780,0.01
237781,0.01
237782,0.01
237783,0.07
237784,0.07
237785,0.01
237786,0.0
237787,0.01
237788,0.0
237789,0.02
237790,0.0
237791,0.4
237792,0.0
237793,0.03
237794,0.03
237795,0.01
237796,0.03
237797,0.07
237798,0.02
237799,0.0
237800,0.03
237801,0.02
237802,0.07
237803,0.0
237804,0.13
237805,0.05
237806,0.07
237807,0.0
237808,0.02
237809,0.01
237810,0.0
237811,0.0
237812,0.02
237813,0.01
237814,0.01
237815,0.0
237816,0.02
237817,0.03
237818,0.0
237819,0.02
237820,0.0
237821,0.03
237822,0.03
237823,0.03
237824,0.01
237825,0.01
237826,0.25
237827,0.01
237828,0.07
237829,0.13
237830,0.07
237831,0.02
237832,0.0
237833,0.0
237834,0.03
237835,0.01
237836,0.01
237837,0.03
237838,0.5
237839,0.01
237840,0.01
237841,0.01
237842,0.0
237843,0.0
237844,0.02
237845,0.0
237846,0.01
237847,0.0
237848,0.15
237849,0.0
237850,0.03
237851,0.02
237852,0.04
237853,0.01
237854,0.0
237855,0.01
237856,0.0
237857,0.02
237858,0.01
237859,0.01
237860,0.02
237861,0.02
237862,0.02
237863,0.0
237864,0.0
237865,0.01
237866,0.0
237867,0.04
237868,0.03
237869,0.0
237870,0.01
237871,0.19
237872,0.04
237873,0.01
237874,0.02
237875,0.03
237876,0.02
237877,0.0
237878,0.01
237879,0.0
237880,0.0
237881,0.01
237882,0.01
237883,0.01
237884,0.01
237885,0.01
237886,0.02
237887,0.13
237888,0.0
237889,0.0
237890,0.57
237891,0.02
237892,0.1
237893,0.01
237894,0.02
237895,0.055
237896,0.04
237897,0.0
237898,0.02
237899,1.0
237900,0.01
237901,0.0
237902,0.29
237903,0.0
237904,0.06
237905,0.0
237906,0.06
237907,0.03
237908,0.12
237909,0.35
237910,0.0
237911,0.0
237912,0.05
237913,0.04
237914,0.0
237915,0.15
237916,0.14
237917,0.0
237918,0.0
237919,0.03
237920,0.13
237921,0.01
237922,0.01
237923,0.0
237924,0.01
237925,0.03
237926,0.05
237927,0.02
237928,0.02
237929,0.03
237930,0.03
237931,0.0
237932,0.1
237933,0.0
237934,0.0
237935,0.01
237936,0.02
237937,0.0
237938,0.02
237939,0.0
237940,0.0
237941,0.0
237942,0.0
237943,0.03
237944,0.03
237945,0.01
237946,0.03
237947,0.0
237948,0.07
237949,0.0
237950,0.09
237951,0.04
237952,0.0
237953,0.0
237954,0.0
237955,0.01
237956,0.0
237957,0.01
237958,0.0
237959,0.01
237960,0.01
237961,0.0
237962,0.43
237963,0.0
237964,0.68
237965,0.01
237966,0.02
237967,0.52
237968,0.04
237969,0.04
237970,0.0
237971,0.0
237972,0.02
237973,0.01
237974,0.04
237975,0.01
237976,0.17
237977,0.0
237978,0.02
237979,0.01
237980,0.0
237981,0.01
237982,0.06
237983,0.0
237984,0.68
237985,0.01
237986,0.0
237987,0.03
237988,0.0
237989,0.0
237990,0.02
237991,0.01
237992,0.0
237993,0.01
237994,0.0
237995,0.67
237996,0.0
237997,0.0
237998,0.04
237999,0.12
238000,0.05
238001,0.02
238002,0.05
238003,0.0
238004,0.0
238005,0.04
238006,0.02
238007,0.01
238008,0.02
238009,0.01
238010,0.01
238011,0.02
238012,0.0
238013,0.0
238014,0.0
238015,0.07
238016,0.0
238017,0.04
238018,0.01
238019,0.13
238020,0.02
238021,0.3
238022,0.01
238023,0.01
238024,0.0
238025,0.11
238026,0.0
238027,0.02
238028,0.01
238029,0.0
238030,0.01
238031,0.01
238032,0.01
238033,0.03
238034,0.04
238035,0.01
238036,0.0
238037,0.6
238038,0.0
238039,0.01
238040,0.06
238041,0.03
238042,0.01
238043,0.0
238044,0.04
238045,0.0
238046,0.01
238047,0.0
238048,0.01
238049,0.0
238050,0.0
238051,0.01
238052,0.01
238053,0.07
238054,0.0
238055,0.03
238056,0.0
238057,0.0
238058,0.0
238059,0.0
238060,0.13
238061,0.02
238062,0.01
238063,0.03
238064,0.0
238065,0.02
238066,0.04
238067,0.0
238068,0.01
238069,0.0
238070,0.05
238071,0.0
238072,0.02
238073,0.01
238074,0.01
238075,0.05
238076,0.13
238077,0.02
238078,0.0
238079,0.0
238080,0.0
238081,0.01
238082,0.03
238083,0.02
238084,0.01
238085,0.01
238086,0.02
238087,0.01
238088,0.0
238089,0.01
238090,0.06
238091,0.0
238092,0.02
238093,0.0
238094,0.0
238095,0.0
238096,0.17
238097,0.01
238098,0.13
238099,0.0
238100,0.0
238101,0.0
238102,0.03
238103,0.0
238104,0.02
238105,0.07
238106,0.0
238107,0.01
238108,0.03
238109,0.02
238110,0.55
238111,0.01
238112,0.64
238113,0.03
238114,0.0
238115,0.0
238116,0.01
238117,0.06
238118,0.01
238119,0.01
238120,0.04
238121,0.08
238122,0.01
238123,0.0
238124,0.04
238125,0.01
238126,0.09
238127,0.0
238128,0.04
238129,0.01
238130,0.0
238131,0.0
238132,0.0
238133,0.01
238134,0.09
238135,0.0
238136,0.06
238137,0.01
238138,0.0
238139,0.1
238140,0.01
238141,0.08
238142,0.03
238143,0.0
238144,0.01
238145,0.025
238146,0.78
238147,0.01
238148,0.0
238149,0.01
238150,0.02
238151,0.03
238152,0.0
238153,0.0
238154,0.02
238155,0.0
238156,0.16
238157,0.23
238158,0.02
238159,0.09
238160,0.06
238161,0.02
238162,0.04
238163,0.04
238164,0.01
238165,0.0
238166,0.03
238167,0.03
238168,0.01
238169,0.0
238170,0.02
238171,0.04
238172,0.07
238173,0.03
238174,0.05
238175,0.02
238176,0.0
238177,0.0
238178,0.0
238179,0.0
238180,0.02
238181,0.04
238182,0.0
238183,0.0
238184,0.0
238185,0.52
238186,0.01
238187,0.01
238188,0.02
238189,0.0
238190,0.02
238191,0.22
238192,0.01
238193,0.02
238194,0.0
238195,0.0
238196,0.01
238197,0.01
238198,0.02
238199,0.03
238200,0.03
238201,0.0
238202,0.01
238203,0.04
238204,0.0
238205,0.01
238206,0.06
238207,0.0
238208,0.29
238209,0.03
238210,0.02
238211,0.03
238212,0.02
238213,0.0
238214,0.0
238215,0.01
238216,0.01
238217,0.02
238218,0.0
238219,0.03
238220,0.05
238221,0.0
238222,0.01
238223,0.02
238224,0.0
238225,0.01
238226,0.01
238227,0.01
238228,0.03
238229,0.16
238230,0.2851666666666667
238231,0.0
238232,0.0
238233,0.0
238234,0.03
238235,0.15
238236,0.0
238237,0.01
238238,0.02
238239,0.01
238240,0.04
238241,0.8
238242,0.0
238243,0.01
238244,0.59
238245,0.83
238246,0.01
238247,0.02
238248,0.06
238249,0.01
238250,0.02
238251,0.03
238252,0.01
238253,0.0
238254,0.01
238255,0.0
238256,0.01
238257,0.02
238258,0.0
238259,0.0
238260,0.0
238261,0.0
238262,0.04
238263,0.06
238264,0.02
238265,0.01
238266,0.04
238267,0.83
238268,0.03
238269,0.02
238270,0.0
238271,0.02
238272,0.0
238273,0.02
238274,0.1
238275,0.08
238276,0.01
238277,0.0
238278,0.04
238279,0.02
238280,0.01
238281,0.03
238282,0.86
238283,0.01
238284,0.06
238285,0.0
238286,0.03
238287,0.03
238288,0.02
238289,0.0
238290,0.02
238291,0.03
238292,0.0
238293,0.01
238294,0.0
238295,0.02
238296,0.04
238297,0.0
238298,0.0
238299,0.07
238300,0.02
238301,0.05
238302,0.02
238303,0.0
238304,0.04
238305,0.0
238306,0.11
238307,0.0
238308,0.01
238309,0.4
238310,0.01
238311,0.0
238312,0.0
238313,0.04
238314,0.03
238315,0.03
238316,0.25
238317,0.0
238318,0.0
238319,0.0
238320,0.03
238321,0.02
238322,0.08
238323,0.15
238324,0.07
238325,0.03
238326,0.0
238327,0.0
238328,0.0
238329,0.01
238330,0.01
238331,0.09
238332,0.04
238333,0.04
238334,0.04
238335,0.05
238336,0.0
238337,0.04
238338,0.02
238339,0.1
238340,0.0
238341,0.02
238342,0.0
238343,0.0
238344,0.06
238345,0.02
238346,0.01
238347,0.0
238348,0.0
238349,0.0
238350,0.03
238351,0.01
238352,0.0
238353,0.0
238354,0.01
238355,0.0
238356,0.0
238357,0.0
238358,0.04
238359,0.11
238360,0.02
238361,0.01
238362,0.25
238363,0.02
238364,0.01
238365,0.0
238366,0.04
238367,0.02
238368,0.0
238369,0.0
238370,0.02
238371,0.01
238372,0.14
238373,0.0
238374,0.01
238375,0.02
238376,0.1
238377,0.05
238378,0.02
238379,0.0
238380,0.01
238381,0.06
238382,0.01
238383,0.03
238384,0.01
238385,0.01
238386,0.002
238387,0.01
238388,0.0
238389,0.01
238390,0.0
238391,0.0
238392,0.01
238393,0.03
238394,0.01
238395,0.01
238396,0.03
238397,0.03
238398,0.01
238399,0.0
238400,0.02
238401,0.06
238402,0.0
238403,0.0
238404,0.02
238405,0.0
238406,0.0
238407,0.0
238408,0.0
238409,0.0
238410,0.02
238411,0.18
238412,0.0
238413,0.0
238414,0.0
238415,0.0
238416,0.01
238417,0.02
238418,0.04
238419,0.01
238420,0.02
238421,0.04
238422,0.0
238423,0.06
238424,0.0
238425,0.06
238426,0.03
238427,0.0
238428,0.04
238429,0.01
238430,0.0
238431,0.02
238432,0.0
238433,0.0
238434,0.0
238435,0.04
238436,0.7
238437,0.0
238438,0.0
238439,0.01
238440,0.0
238441,0.0
238442,0.01
238443,0.79
238444,0.0
238445,0.07
238446,0.0
238447,0.18
238448,1.0
238449,0.05
238450,0.12
238451,0.0
238452,0.0
238453,0.07
238454,0.09
238455,0.02
238456,0.01
238457,0.8091666666666666
238458,0.04
238459,0.0
238460,0.0
238461,0.06
238462,0.01
238463,0.0
238464,0.01
238465,0.0
238466,0.0
238467,0.0
238468,0.01
238469,0.06
238470,0.01
238471,0.01
238472,0.01
238473,0.0
238474,0.01
238475,0.0
238476,0.02
238477,0.0
238478,0.12
238479,0.03
238480,0.0
238481,0.05
238482,0.08
238483,0.0
238484,0.0
238485,0.01
238486,0.05
238487,0.0
238488,0.02
238489,0.0
238490,0.19
238491,0.01
238492,0.04
238493,0.013333333333333332
238494,0.08
238495,0.0
238496,0.02
238497,0.01
238498,0.02
238499,0.0
238500,0.01
238501,0.0
238502,0.03
238503,0.07
238504,0.06
238505,0.02
238506,0.17
238507,0.0
238508,0.0
238509,0.03
238510,0.0
238511,0.01
238512,0.01
238513,0.0
238514,0.07
238515,0.0
238516,0.03
238517,0.01
238518,0.02
238519,0.74
238520,0.4
238521,0.0
238522,0.01
238523,0.05
238524,0.01
238525,0.0
238526,0.01
238527,0.03
238528,0.18
238529,0.03
238530,0.0
238531,0.0
238532,0.01
238533,0.01
238534,0.03
238535,0.56
238536,0.03
238537,0.01
238538,0.03
238539,0.03
238540,0.0
238541,0.0
238542,0.02
238543,0.13
238544,0.08
238545,0.02
238546,0.08
238547,0.01
238548,0.06
238549,0.03
238550,0.02
238551,0.1
238552,0.0
238553,0.0
238554,0.03
238555,0.02
238556,0.03
238557,0.03
238558,0.03
238559,0.01
238560,0.06
238561,0.06
238562,0.33
238563,0.0
238564,0.0
238565,0.0
238566,0.06
238567,0.0
238568,0.23
238569,0.0
238570,0.03
238571,0.05
238572,0.02
238573,0.02
238574,0.01
238575,0.04
238576,0.0
238577,0.01
238578,0.01
238579,0.0
238580,0.09
238581,0.0
238582,0.06
238583,0.03
238584,0.0
238585,0.04
238586,0.06
238587,0.01
238588,0.0
238589,0.0
238590,0.61
238591,0.0
238592,0.0
238593,0.0
238594,0.0
238595,0.14
238596,0.0
238597,0.32
238598,0.07
238599,0.84
238600,0.0
238601,0.0
238602,0.27
238603,0.03
238604,0.05
238605,0.01
238606,0.01
238607,0.1
238608,0.0
238609,0.39
238610,0.01
238611,0.03
238612,0.02
238613,0.01
238614,0.03
238615,0.0
238616,0.02
238617,0.03
238618,0.02
238619,0.04
238620,0.16
238621,0.0
238622,0.04
238623,0.01
238624,0.0
238625,0.03
238626,0.0
238627,0.01
238628,0.23
238629,0.06
238630,0.0
238631,0.01
238632,0.0
238633,0.06
238634,0.02
238635,0.01
238636,0.0
238637,0.0
238638,0.05
238639,0.0
238640,0.02
238641,0.01
238642,0.0
238643,0.03
238644,0.03
238645,0.0
238646,0.07
238647,0.47
238648,0.02
238649,0.04
238650,0.0
238651,0.01
238652,0.41
238653,0.01
238654,0.0
238655,0.0
238656,0.02
238657,0.03
238658,0.0
238659,0.05
238660,0.01
238661,0.03
238662,0.0
238663,0.02
238664,0.0
238665,0.0
238666,0.05
238667,0.06
238668,0.02
238669,0.01
238670,0.02
238671,0.0
238672,0.0
238673,0.0
238674,0.0
238675,0.02
238676,0.16
238677,0.0
238678,0.0
238679,0.07
238680,0.03
238681,0.0
238682,0.01
238683,0.01
238684,0.02
238685,0.0
238686,0.0
238687,0.02
238688,0.02
238689,0.0
238690,0.04
238691,0.84
238692,0.02
238693,0.06
238694,0.01
238695,0.8
238696,0.0
238697,0.15
238698,0.01
238699,0.02
238700,0.0
238701,0.01
238702,0.01
238703,0.04
238704,0.01
238705,0.02
238706,0.02
238707,0.0
238708,0.0
238709,0.05
238710,0.01
238711,0.01
238712,0.02
238713,0.0
238714,0.02
238715,0.02
238716,0.0
238717,0.01
238718,0.0
238719,0.0
238720,0.0
238721,0.04
238722,0.05
238723,0.0
238724,0.05
238725,0.01
238726,0.01
238727,0.32
238728,0.0
238729,0.0
238730,0.0
238731,0.01
238732,0.1
238733,0.03
238734,0.0
238735,0.01
238736,0.02
238737,0.05
238738,0.04
238739,0.01
238740,0.0
238741,0.04
238742,0.01
238743,0.01
238744,0.0
238745,0.02
238746,0.08
238747,0.11
238748,0.01
238749,0.06
238750,0.03
238751,0.15
238752,0.03
238753,0.0
238754,0.04
238755,0.04
238756,0.15
238757,0.01
238758,0.03
238759,0.03
238760,0.01
238761,0.03
238762,0.0
238763,0.01
238764,0.05
238765,0.0
238766,0.05
238767,0.0
238768,0.01
238769,0.0
238770,0.0
238771,0.04
238772,0.01
238773,0.0
238774,0.08
238775,0.76
238776,0.07
238777,0.01
238778,0.03
238779,0.03
238780,0.01
238781,0.02
238782,0.004
238783,0.0
238784,0.02
238785,0.0
238786,0.01
238787,0.0
238788,0.01
238789,0.03
238790,0.07
238791,0.04
238792,0.02
238793,0.0
238794,0.02
238795,0.11
238796,0.02
238797,0.02
238798,0.01
238799,0.01
238800,0.0
238801,0.0
238802,0.01
238803,0.02
238804,0.02
238805,0.0
238806,0.0
238807,0.08
238808,0.01
238809,0.0
238810,0.01
238811,0.0
238812,0.0
238813,0.0
238814,0.01
238815,0.02
238816,0.0
238817,0.02
238818,0.09
238819,0.05
238820,0.04
238821,0.04
238822,0.0
238823,0.0
238824,0.08
238825,0.0
238826,0.05
238827,0.03
238828,0.02
238829,0.01
238830,0.03
238831,0.02
238832,0.0
238833,0.0
238834,0.06
238835,0.01
238836,0.01
238837,0.32
238838,0.02
238839,0.0
238840,0.0
238841,0.02
238842,0.03
238843,0.03
238844,0.07
238845,0.0
238846,0.13
238847,0.0
238848,0.02
238849,0.05
238850,0.0
238851,0.01
238852,0.51
238853,0.03
238854,0.01
238855,0.01
238856,0.28
238857,0.0
238858,0.05
238859,0.02
238860,0.04
238861,0.21
238862,0.0
238863,0.0
238864,0.01
238865,0.05
238866,0.12
238867,0.01
238868,0.0
238869,0.01
238870,0.03
238871,0.91
238872,0.01
238873,0.0
238874,0.01
238875,0.0
238876,0.0
238877,0.03
238878,0.01
238879,0.0
238880,0.01
238881,0.04
238882,0.01
238883,0.02
238884,0.15
238885,0.0
238886,0.0
238887,0.02
238888,0.0
238889,0.0
238890,0.03
238891,0.14
238892,0.04
238893,0.0
238894,0.06
238895,0.01
238896,0.04
238897,0.0
238898,0.0
238899,0.02
238900,0.0
238901,0.3
238902,0.0
238903,0.01
238904,0.02
238905,0.02
238906,0.02
238907,0.07
238908,0.11
238909,0.01
238910,0.01
238911,0.0
238912,0.02
238913,0.0
238914,0.63
238915,0.02
238916,0.0
238917,0.02
238918,0.0
238919,0.02
238920,0.11
238921,0.0
238922,0.24
238923,0.0
238924,0.01
238925,0.01
238926,0.1
238927,0.03
238928,0.01
238929,0.0
238930,0.72
238931,0.03
238932,0.0
238933,0.0
238934,0.0
238935,0.03
238936,0.03
238937,0.02
238938,0.0
238939,0.03
238940,0.02
238941,0.0
238942,0.66
238943,0.21
238944,0.02
238945,0.0
238946,0.02
238947,0.01
238948,0.95
238949,0.07
238950,0.03
238951,0.04
238952,0.0
238953,0.04
238954,0.17
238955,0.0
238956,0.01
238957,0.06
238958,0.0
238959,0.33
238960,0.0
238961,0.03
238962,0.05
238963,0.02
238964,0.01
238965,0.06
238966,0.01
238967,0.02
238968,0.01
238969,0.02
238970,0.0
238971,0.05
238972,0.05
238973,0.0
238974,0.01
238975,0.01
238976,0.05
238977,0.04
238978,0.04
238979,0.03
238980,0.01
238981,0.01
238982,0.02
238983,0.01
238984,0.08
238985,0.01
238986,0.0
238987,0.02
238988,0.09
238989,0.0
238990,0.04
238991,0.0
238992,0.0
238993,0.01
238994,0.01
238995,0.01
238996,0.05
238997,0.0
238998,0.88
238999,0.0
239000,0.01
239001,0.01
239002,0.0
239003,0.0
239004,0.0
239005,0.1
239006,0.01
239007,0.02
239008,0.01
239009,0.01
239010,0.95
239011,0.01
239012,0.0
239013,0.02
239014,0.0
239015,0.0
239016,0.03
239017,0.02
239018,0.0
239019,0.01
239020,0.06
239021,0.09
239022,0.0
239023,0.03
239024,0.01
239025,0.48
239026,0.02
239027,0.0
239028,0.02
239029,0.01
239030,0.05
239031,0.01
239032,0.0
239033,0.01
239034,0.03
239035,0.0
239036,0.0
239037,0.01
239038,0.06
239039,0.01
239040,0.02
239041,0.03
239042,0.32
239043,0.0
239044,0.05
239045,0.0
239046,0.02
239047,0.0
239048,0.03
239049,0.2
239050,0.01
239051,0.02
239052,0.01
239053,0.05
239054,0.0
239055,0.77
239056,0.02
239057,0.0
239058,0.0
239059,0.37
239060,0.0
239061,0.09
239062,0.09
239063,0.01
239064,0.09
239065,0.02
239066,0.0
239067,0.02
239068,0.0
239069,0.0
239070,0.11
239071,0.04
239072,0.03
239073,0.19
239074,0.04
239075,0.01
239076,0.08
239077,0.08
239078,0.0
239079,0.0
239080,0.0
239081,0.0
239082,0.81
239083,0.0
239084,0.04
239085,0.05
239086,0.02
239087,0.01
239088,0.0
239089,0.41
239090,0.0
239091,0.0
239092,0.04
239093,0.01
239094,0.0
239095,0.01
239096,0.01
239097,0.08
239098,0.0
239099,1.0
239100,0.28
239101,0.0
239102,0.5
239103,0.0
239104,0.01
239105,0.01
239106,0.0
239107,0.0
239108,0.01
239109,0.02
239110,0.11
239111,0.03
239112,0.55
239113,0.04
239114,0.03
239115,0.0
239116,0.02
239117,0.0
239118,0.02
239119,0.0
239120,0.27
239121,0.1
239122,0.0
239123,0.07
239124,0.01
239125,0.08
239126,0.83
239127,0.02
239128,0.0
239129,0.0
239130,0.0
239131,0.01
239132,0.01
239133,0.0
239134,0.0
239135,0.0
239136,0.01
239137,0.0
239138,0.0
239139,0.0
239140,0.0
239141,0.0
239142,0.0
239143,0.01
239144,0.02
239145,0.04
239146,0.01
239147,0.0
239148,0.0
239149,0.01
239150,0.0
239151,0.04
239152,0.01
239153,0.0
239154,0.0
239155,0.0
239156,0.01
239157,0.01
239158,0.59
239159,0.01
239160,0.6
239161,0.01
239162,0.01
239163,0.01
239164,0.0
239165,0.0
239166,0.01
239167,0.0
239168,0.0
239169,0.03
239170,0.0
239171,0.01
239172,0.94
239173,0.03
239174,0.0
239175,0.0
239176,0.0
239177,0.0
239178,0.85
239179,0.03
239180,0.0
239181,0.01
239182,0.0
239183,0.08
239184,0.0
239185,0.02
239186,0.02
239187,0.01
239188,0.0
239189,0.02
239190,0.02
239191,0.0
239192,0.01
239193,0.01
239194,0.01
239195,0.03
239196,0.01
239197,0.0
239198,0.01
239199,0.0
239200,0.02
239201,0.0
239202,0.03
239203,0.0
239204,0.0
239205,0.03
239206,0.03
239207,0.03
239208,0.08
239209,0.08
239210,0.09
239211,0.0
239212,0.05
239213,0.01
239214,0.0
239215,0.04
239216,0.02
239217,0.05
239218,0.0
239219,0.14
239220,0.02
239221,0.02
239222,0.04
239223,0.0
239224,0.86
239225,0.0
239226,0.01
239227,0.0
239228,0.1
239229,0.02
239230,0.01
239231,0.03
239232,0.0
239233,0.15
239234,0.0
239235,0.0
239236,0.06
239237,0.0
239238,0.2
239239,0.01
239240,0.03
239241,0.01
239242,0.0
239243,0.0
239244,0.04
239245,0.03
239246,0.0
239247,0.02
239248,0.0
239249,0.0
239250,0.02
239251,0.01
239252,0.0
239253,0.01
239254,0.0
239255,0.02
239256,0.01
239257,0.0
239258,0.86
239259,0.94
239260,0.0
239261,0.01
239262,0.03
239263,0.03
239264,0.03
239265,0.02
239266,0.06
239267,0.12
239268,0.06
239269,0.61
239270,0.04
239271,0.0
239272,0.0
239273,0.03
239274,0.02
239275,0.0
239276,0.01
239277,0.0
239278,0.0
239279,0.03
239280,0.01
239281,0.04
239282,0.0
239283,0.02
239284,0.04
239285,0.4
239286,0.01
239287,0.07
239288,0.01
239289,0.0
239290,0.01
239291,0.03
239292,0.75
239293,0.88
239294,0.04
239295,0.02
239296,0.01
239297,0.01
239298,0.02
239299,0.0
239300,0.13
239301,0.06
239302,0.03
239303,0.2
239304,0.0
239305,0.0
239306,0.01
239307,0.0
239308,0.1
239309,0.03
239310,0.01
239311,0.01
239312,0.04
239313,0.0
239314,0.0
239315,0.0
239316,0.01
239317,0.0
239318,0.01
239319,0.03
239320,0.05
239321,0.02
239322,0.02
239323,0.02
239324,0.0
239325,0.02
239326,0.0
239327,0.0
239328,0.23
239329,0.01
239330,0.01
239331,0.01
239332,0.01
239333,0.04
239334,0.02
239335,0.0
239336,0.33
239337,0.01
239338,0.0
239339,0.21
239340,0.01
239341,0.74
239342,0.0
239343,0.0
239344,0.31
239345,0.52
239346,0.01
239347,0.01
239348,0.026666666666666665
239349,0.01
239350,0.07
239351,0.0
239352,0.0
239353,0.0
239354,0.01
239355,0.05
239356,0.7233333333333334
239357,0.08
239358,0.0
239359,0.0
239360,0.0
239361,0.02
239362,0.01
239363,0.01
239364,0.01
239365,0.01
239366,0.03
239367,0.01
239368,0.01
239369,0.02
239370,0.0
239371,0.0
239372,0.0
239373,0.02
239374,0.01
239375,0.0
239376,0.22
239377,0.01
239378,0.02
239379,0.03
239380,0.03
239381,0.44
239382,0.0
239383,0.0
239384,0.01
239385,0.0
239386,0.0
239387,0.05
239388,0.0
239389,0.03
239390,0.13
239391,0.0
239392,0.0
239393,0.08
239394,0.92
239395,0.03
239396,0.01
239397,0.01
239398,0.03
239399,0.05
239400,0.08
239401,0.0
239402,0.0
239403,0.0
239404,0.02
239405,0.0
239406,0.02
239407,0.03
239408,0.0
239409,0.01
239410,0.01
239411,0.07
239412,0.11
239413,0.02
239414,0.03
239415,0.03
239416,0.0
239417,0.01
239418,0.07
239419,0.0
239420,0.0
239421,0.0
239422,0.02
239423,0.0
239424,0.05
239425,0.0
239426,0.01
239427,0.0
239428,0.0
239429,0.01
239430,0.01
239431,0.03
239432,0.01
239433,0.01
239434,0.04
239435,0.22
239436,0.09
239437,0.01
239438,0.01
239439,0.0
239440,0.0
239441,0.02
239442,0.04
239443,0.0
239444,0.01
239445,0.12
239446,0.06
239447,0.06
239448,0.03
239449,0.0
239450,0.01
239451,0.0
239452,0.0
239453,0.0
239454,0.03
239455,0.0
239456,0.07
239457,0.05
239458,0.0
239459,0.0
239460,0.0
239461,0.23
239462,0.01
239463,0.0
239464,0.2
239465,0.0
239466,0.03
239467,0.34
239468,0.01
239469,0.01
239470,0.01
239471,0.13
239472,0.01
239473,0.0
239474,0.01
239475,0.03
239476,0.0
239477,0.0
239478,0.0
239479,0.07
239480,0.0
239481,0.05
239482,0.0
239483,0.0
239484,0.01
239485,0.22
239486,0.01
239487,0.38
239488,0.0
239489,0.0
239490,0.0
239491,0.17
239492,0.01
239493,0.03
239494,0.0
239495,0.02
239496,0.02
239497,0.23
239498,0.01
239499,0.0
239500,0.0
239501,0.0
239502,0.05
239503,0.29
239504,0.03
239505,0.01
239506,0.0
239507,0.02
239508,0.01
239509,0.0
239510,0.02
239511,0.03
239512,0.2
239513,0.1
239514,0.04
239515,0.0
239516,0.47
239517,0.02
239518,0.01
239519,0.01
239520,0.05
239521,0.01
239522,0.02
239523,0.38
239524,0.0
239525,0.06
239526,0.01
239527,0.02
239528,0.02
239529,0.01
239530,0.05
239531,0.01
239532,0.0
239533,0.03
239534,0.0
239535,0.02
239536,0.03
239537,0.04
239538,0.04
239539,0.02
239540,0.0
239541,0.02
239542,0.01
239543,0.01
239544,0.01
239545,0.03
239546,0.02
239547,0.0
239548,0.3
239549,0.06
239550,0.18
239551,0.0
239552,0.01
239553,0.02
239554,0.01
239555,0.01
239556,0.0
239557,0.04
239558,0.01
239559,0.0
239560,0.1
239561,0.3
239562,0.0
239563,0.0
239564,0.01
239565,0.07
239566,0.01
239567,0.01
239568,0.06
239569,0.01
239570,0.01
239571,0.02
239572,0.01
239573,0.0
239574,0.04
239575,0.0
239576,0.0
239577,0.04
239578,0.02
239579,0.0
239580,0.0
239581,0.01
239582,0.0
239583,0.01
239584,0.0
239585,0.0
239586,0.1
239587,0.02
239588,0.02
239589,0.03
239590,0.0
239591,0.0
239592,0.0
239593,0.03
239594,0.0
239595,0.03
239596,0.0
239597,0.06
239598,0.01
239599,0.03
239600,0.0
239601,0.0
239602,0.08
239603,0.0
239604,0.07
239605,0.0
239606,0.0
239607,0.02
239608,0.04
239609,0.0
239610,0.0
239611,0.0
239612,0.0
239613,0.0
239614,0.13
239615,0.0
239616,0.01
239617,0.01
239618,0.0
239619,0.64
239620,0.0
239621,0.02
239622,0.01
239623,0.02
239624,0.0
239625,0.0
239626,0.0
239627,0.0
239628,0.0
239629,0.04
239630,0.0
239631,0.0
239632,0.0
239633,0.02
239634,0.0
239635,0.47
239636,0.013333333333333332
239637,0.0
239638,0.0
239639,0.0
239640,0.47
239641,0.0
239642,0.03
239643,0.05
239644,0.0
239645,0.0
239646,0.04
239647,0.0
239648,0.01
239649,0.02
239650,0.01
239651,0.01
239652,0.01
239653,0.04
239654,0.05
239655,0.02
239656,0.05
239657,0.0
239658,0.0
239659,0.01
239660,0.01
239661,0.02
239662,0.03
239663,0.08
239664,0.0
239665,0.0
239666,0.04
239667,0.01
239668,0.01
239669,0.01
239670,0.02
239671,0.0
239672,0.1
239673,0.02
239674,0.04
239675,0.05
239676,0.0
239677,0.0
239678,0.19
239679,0.0
239680,0.03
239681,0.023333333333333334
239682,0.06
239683,0.02
239684,0.01
239685,0.0
239686,0.01
239687,0.02
239688,0.02
239689,0.05
239690,0.02
239691,0.26
239692,0.0
239693,0.01
239694,0.02
239695,0.0
239696,0.0
239697,0.0
239698,0.14
239699,0.0
239700,0.01
239701,0.0
239702,0.05
239703,0.03
239704,0.68
239705,0.01
239706,0.0
239707,0.0
239708,0.03
239709,0.0
239710,0.01
239711,0.02
239712,0.0
239713,0.0
239714,0.01
239715,0.08
239716,0.01
239717,0.0
239718,0.0
239719,0.03
239720,0.16
239721,0.01
239722,0.0
239723,0.11
239724,0.0
239725,0.08
239726,0.1
239727,0.06
239728,0.0
239729,0.0
239730,0.0
239731,0.0
239732,0.05
239733,0.01
239734,0.08
239735,0.08
239736,0.04
239737,0.02
239738,0.01
239739,0.06
239740,0.0
239741,0.01
239742,0.02
239743,0.01
239744,0.02
239745,0.68
239746,0.01
239747,0.02
239748,0.01
239749,0.0
239750,0.02
239751,0.0
239752,0.03
239753,0.02
239754,0.0
239755,0.0
239756,0.0
239757,0.0
239758,0.01
239759,0.01
239760,0.07
239761,0.06
239762,0.01
239763,0.05
239764,0.06
239765,0.01
239766,0.02
239767,0.0
239768,0.01
239769,0.0
239770,0.0
239771,0.01
239772,0.0
239773,0.03
239774,0.0
239775,0.02
239776,0.0
239777,0.01
239778,0.01
239779,0.0
239780,0.04
239781,0.22
239782,0.08
239783,0.0
239784,0.02
239785,0.01
239786,0.0
239787,0.01
239788,0.98
239789,0.08
239790,0.01
239791,0.01
239792,0.0
239793,0.05
239794,0.01
239795,0.07
239796,0.07
239797,0.03
239798,0.05
239799,0.01
239800,0.16
239801,0.0
239802,0.12
239803,0.01
239804,0.18
239805,0.01
239806,0.0
239807,0.0
239808,0.0
239809,0.0
239810,0.04
239811,0.06
239812,0.02
239813,0.02
239814,0.0
239815,0.0
239816,0.01
239817,0.0
239818,0.0
239819,0.0
239820,0.01
239821,0.02
239822,0.82
239823,0.01
239824,0.02
239825,0.01
239826,0.02
239827,0.0
239828,0.24
239829,0.03
239830,0.03
239831,0.02
239832,0.01
239833,0.0
239834,0.03
239835,0.05
239836,0.02
239837,0.01
239838,0.01
239839,0.0
239840,0.02
239841,0.03
239842,0.0
239843,0.05
239844,0.03
239845,0.02
239846,0.0
239847,0.01
239848,0.01
239849,0.02
239850,0.0
239851,0.02
239852,0.0
239853,0.0
239854,0.02
239855,0.0
239856,0.07
239857,0.01
239858,0.01
239859,0.05
239860,0.01
239861,0.0
239862,0.01
239863,0.0
239864,0.04
239865,0.0
239866,0.0
239867,0.0
239868,0.04
239869,0.0
239870,0.0
239871,0.01
239872,0.0
239873,0.01
239874,0.0
239875,0.01
239876,0.13
239877,0.01
239878,0.0
239879,0.42
239880,0.0
239881,0.0
239882,0.05
239883,0.03
239884,0.05
239885,0.1
239886,0.03
239887,0.01
239888,0.32
239889,0.05
239890,0.04
239891,0.44
239892,0.02
239893,0.0
239894,0.01
239895,0.01
239896,0.0
239897,0.0
239898,0.02
239899,0.0
239900,0.04
239901,0.0
239902,0.09
239903,0.04
239904,0.08
239905,0.02
239906,0.3
239907,0.25
239908,0.01
239909,0.05
239910,0.01
239911,0.02
239912,0.0
239913,0.06
239914,0.0
239915,0.01
239916,0.0
239917,0.0
239918,0.01
239919,0.0
239920,0.0
239921,0.03
239922,0.01
239923,0.01
239924,0.0
239925,0.03
239926,0.0
239927,0.01
239928,0.0
239929,0.01
239930,0.0
239931,0.0
239932,0.01
239933,0.0
239934,0.01
239935,0.02
239936,0.01
239937,0.01
239938,0.02
239939,0.11
239940,0.01
239941,0.02
239942,0.0
239943,0.05
239944,0.0
239945,0.22
239946,0.06
239947,0.0
239948,0.18
239949,0.0
239950,0.01
239951,0.0
239952,0.01
239953,0.0
239954,0.0
239955,0.87
239956,0.01
239957,0.07
239958,0.0
239959,0.22
239960,0.0
239961,0.02
239962,0.0
239963,0.0
239964,0.0
239965,0.04
239966,0.01
239967,0.07
239968,0.54
239969,0.21
239970,0.0
239971,0.0
239972,0.06
239973,0.02
239974,0.23
239975,0.05
239976,0.0
239977,0.1
239978,0.0
239979,0.07
239980,0.04
239981,0.02
239982,0.97
239983,0.04
239984,0.26
239985,0.0
239986,0.01
239987,0.01
239988,0.0
239989,0.0
239990,0.04
239991,0.03
239992,0.0
239993,0.01
239994,0.03
239995,0.0
239996,0.1
239997,0.0
239998,0.0
239999,0.04
240000,0.03
240001,0.26
240002,0.0
240003,0.02
240004,0.01
240005,0.0
240006,0.0
240007,0.01
240008,0.0
240009,0.0
240010,0.01
240011,0.51
240012,0.03
240013,0.02
240014,0.01
240015,0.04
240016,0.01
240017,0.07
240018,0.02
240019,0.0
240020,0.0
240021,0.01
240022,0.03
240023,0.0
240024,0.87
240025,0.01
240026,0.04
240027,0.01
240028,0.02
240029,0.02
240030,0.03
240031,0.0
240032,0.0
240033,0.0
240034,0.01
240035,0.0
240036,0.0
240037,0.02
240038,0.71
240039,0.0
240040,0.02
240041,0.02
240042,0.01
240043,0.0
240044,0.1
240045,0.02
240046,0.47
240047,0.03
240048,0.03
240049,0.03
240050,0.15
240051,0.01
240052,0.01
240053,0.03
240054,0.03
240055,0.04
240056,0.0
240057,0.0
240058,0.01
240059,0.0
240060,0.05
240061,0.26
240062,0.0
240063,0.0
240064,0.0
240065,0.0
240066,0.01
240067,0.01
240068,0.01
240069,0.0
240070,0.86
240071,0.0
240072,0.01
240073,0.51
240074,0.08
240075,0.0
240076,0.02
240077,0.0
240078,0.0
240079,0.01
240080,0.0
240081,0.02
240082,0.07
240083,0.02
240084,0.03
240085,0.01
240086,0.0
240087,0.0
240088,0.02
240089,0.11
240090,0.01
240091,0.0
240092,0.01
240093,0.02
240094,0.02
240095,0.0
240096,0.0
240097,0.03
240098,0.01
240099,0.0
240100,0.03
240101,0.0
240102,0.02
240103,0.05
240104,0.52
240105,0.0
240106,0.0
240107,0.01
240108,0.06
240109,0.13
240110,0.04
240111,0.0
240112,0.31
240113,0.4101666666666667
240114,0.05
240115,0.01
240116,0.07
240117,0.07
240118,0.0
240119,0.01
240120,0.03
240121,0.0
240122,0.09
240123,0.04666666666666666
240124,0.38
240125,0.0
240126,0.02
240127,0.0
240128,0.17
240129,0.0
240130,0.01
240131,0.01
240132,0.01
240133,0.03
240134,0.0
240135,0.0
240136,0.01
240137,0.01
240138,0.06
240139,0.03
240140,0.0
240141,0.05
240142,0.23
240143,0.02
240144,0.16
240145,0.01
240146,0.06
240147,0.0
240148,0.06
240149,0.02
240150,0.04
240151,0.0
240152,0.04
240153,0.0
240154,0.0
240155,0.12
240156,0.03
240157,0.01
240158,0.03
240159,0.0
240160,0.01
240161,0.0
240162,0.0
240163,0.65
240164,0.01
240165,0.01
240166,0.02
240167,0.0
240168,0.01
240169,0.08
240170,0.0
240171,0.29
240172,0.01
240173,0.03
240174,0.0
240175,0.0
240176,0.01
240177,0.0
240178,0.0
240179,0.0
240180,0.06
240181,0.0
240182,0.0
240183,0.01
240184,0.03
240185,0.0
240186,0.03
240187,0.01
240188,0.0
240189,0.06
240190,0.02
240191,0.0
240192,0.04
240193,0.02
240194,0.07
240195,0.04
240196,0.0
240197,0.0
240198,0.0
240199,0.04
240200,0.71
240201,0.01
240202,0.05
240203,0.0
240204,0.0
240205,0.06
240206,0.0
240207,0.0
240208,0.0
240209,0.0
240210,0.03
240211,0.0
240212,0.0
240213,0.0
240214,0.0
240215,0.03
240216,0.01
240217,0.01
240218,0.0
240219,0.02
240220,0.19
240221,0.0
240222,0.0
240223,0.0
240224,0.02
240225,0.0
240226,0.01
240227,0.01
240228,0.03
240229,0.02
240230,0.0
240231,0.0
240232,0.01
240233,0.02
240234,0.03
240235,0.05
240236,0.0
240237,0.0
240238,0.01
240239,0.0
240240,0.08
240241,0.21
240242,0.0
240243,0.0
240244,0.0
240245,0.79
240246,0.0
240247,0.12666666666666665
240248,0.01
240249,0.0
240250,0.0
240251,0.01
240252,0.0
240253,0.03
240254,0.01
240255,0.0
240256,0.0
240257,0.03
240258,0.04
240259,0.0
240260,0.07
240261,0.03
240262,0.0
240263,0.01
240264,0.0
240265,0.0
240266,0.0
240267,0.06
240268,0.0
240269,0.02
240270,0.02
240271,0.0
240272,0.03
240273,0.01
240274,0.01
240275,0.06
240276,0.02
240277,0.03
240278,0.01
240279,0.0
240280,0.24
240281,0.14
240282,0.83
240283,0.0
240284,0.02
240285,0.0
240286,0.0
240287,0.01
240288,0.0
240289,0.01
240290,0.03
240291,0.0
240292,0.15
240293,0.01
240294,0.0
240295,0.05
240296,0.51
240297,0.02
240298,0.0
240299,0.02
240300,0.01
240301,0.45
240302,0.03
240303,0.01
240304,0.18
240305,0.01
240306,0.08
240307,0.03
240308,0.04
240309,0.04
240310,0.1
240311,0.01
240312,0.01
240313,0.06
240314,0.01
240315,0.0
240316,0.15
240317,0.01
240318,0.01
240319,0.04
240320,0.05
240321,0.0
240322,0.03
240323,0.03
240324,0.03
240325,0.2
240326,0.01
240327,0.01
240328,0.01
240329,0.01
240330,0.0
240331,0.04
240332,0.69
240333,0.0
240334,0.02
240335,0.01
240336,0.05
240337,0.0
240338,0.09
240339,0.03
240340,0.0
240341,0.04
240342,0.01
240343,0.02
240344,0.0
240345,0.17
240346,0.01
240347,0.03
240348,0.02
240349,0.02
240350,0.0
240351,0.03
240352,0.01
240353,0.03
240354,0.37
240355,0.0
240356,0.01
240357,0.0
240358,0.0
240359,0.02
240360,0.0
240361,0.16
240362,0.0
240363,0.01
240364,0.0
240365,0.04
240366,0.0
240367,0.04
240368,0.01
240369,0.0
240370,0.0
240371,0.0
240372,0.06
240373,0.04
240374,0.01
240375,0.01
240376,0.73
240377,0.24
240378,0.03
240379,0.02
240380,0.01
240381,0.01
240382,0.01
240383,0.01
240384,0.01
240385,0.01
240386,0.71
240387,0.03
240388,0.04
240389,0.01
240390,0.0
240391,0.55
240392,0.02
240393,0.0
240394,0.02
240395,0.04333333333333334
240396,0.0
240397,0.01
240398,0.01
240399,0.01
240400,0.1
240401,0.14
240402,0.04
240403,0.23
240404,0.01
240405,0.04
240406,0.29
240407,0.11
240408,0.28
240409,0.0
240410,0.01
240411,0.06
240412,0.65
240413,0.0
240414,0.55
240415,0.0
240416,0.01
240417,0.01
240418,0.01
240419,0.07
240420,0.0
240421,0.71
240422,0.0
240423,0.01
240424,0.1
240425,0.05
240426,0.0
240427,0.0
240428,0.1
240429,0.03
240430,0.01
240431,0.0
240432,0.0
240433,0.0
240434,0.0
240435,0.19
240436,0.04
240437,0.02
240438,0.04
240439,0.01
240440,0.02
240441,0.0
240442,0.02
240443,0.0
240444,0.01
240445,0.03
240446,0.01
240447,0.02
240448,0.01
240449,0.04
240450,0.0
240451,0.02
240452,0.25
240453,0.06
240454,0.04
240455,0.0
240456,0.01
240457,0.0
240458,0.01
240459,0.02
240460,0.27
240461,0.02
240462,0.01
240463,0.02
240464,0.0
240465,0.0
240466,0.95
240467,0.01
240468,0.0
240469,0.02
240470,0.0
240471,0.0
240472,0.69
240473,0.01
240474,0.01
240475,0.02
240476,0.02
240477,0.01
240478,0.02
240479,0.02
240480,0.02
240481,0.0
240482,0.0
240483,0.03
240484,0.0
240485,0.01
240486,0.02
240487,0.03
240488,0.02
240489,0.06
240490,0.0
240491,0.01
240492,0.02
240493,0.03
240494,0.0
240495,0.03
240496,0.0
240497,0.06
240498,0.0
240499,0.02
240500,0.2
240501,0.0
240502,0.1
240503,0.01
240504,0.14
240505,0.02
240506,0.0
240507,0.2
240508,0.15
240509,0.02
240510,0.0
240511,0.01
240512,0.01
240513,0.0
240514,0.04
240515,0.01
240516,0.31
240517,0.05
240518,0.0
240519,0.03
240520,0.04
240521,0.0
240522,0.24
240523,0.01
240524,0.0
240525,0.69
240526,0.01
240527,0.03
240528,0.08
240529,0.04
240530,0.0
240531,0.02
240532,0.03
240533,0.04
240534,0.01
240535,0.04
240536,0.01
240537,0.04
240538,0.08
240539,0.01
240540,0.05
240541,0.02
240542,0.06
240543,0.0
240544,0.01
240545,0.0
240546,0.0
240547,0.0
240548,0.02
240549,0.0
240550,0.29
240551,0.01
240552,0.02
240553,0.02
240554,0.0
240555,0.0
240556,0.01
240557,0.09
240558,0.02
240559,0.0
240560,0.07
240561,0.01
240562,0.0
240563,0.17
240564,0.01
240565,0.0
240566,0.01
240567,0.02
240568,0.02
240569,0.01
240570,0.59
240571,0.01
240572,0.0
240573,0.0
240574,0.0
240575,0.08
240576,0.01
240577,0.0
240578,0.01
240579,0.0
240580,0.1
240581,0.14
240582,0.02
240583,0.09
240584,0.05
240585,0.01
240586,0.03
240587,0.15
240588,0.0
240589,0.06
240590,0.05
240591,0.0
240592,0.0
240593,0.0
240594,0.49
240595,0.0
240596,0.0
240597,0.62
240598,0.63
240599,0.04
240600,0.0
240601,0.0
240602,0.0
240603,0.02
240604,0.0
240605,0.05
240606,0.0
240607,0.01
240608,0.04
240609,0.0
240610,0.0
240611,0.01
240612,0.0
240613,0.01
240614,0.0
240615,0.09
240616,0.12
240617,0.0
240618,0.89
240619,0.05
240620,0.0
240621,0.05
240622,0.0
240623,0.25
240624,0.02
240625,0.0
240626,0.04
240627,0.05
240628,0.01
240629,0.01
240630,0.65
240631,0.0
240632,0.01
240633,0.48
240634,0.0
240635,0.0
240636,0.02
240637,0.01
240638,0.01
240639,0.43
240640,0.14
240641,0.0
240642,0.05
240643,0.0
240644,0.62
240645,0.01
240646,0.0
240647,0.01
240648,0.03
240649,0.05
240650,0.03
240651,0.05
240652,0.01
240653,0.03
240654,0.01
240655,0.0
240656,0.06
240657,0.14
240658,0.01
240659,0.02
240660,0.0
240661,0.0
240662,0.44
240663,0.02
240664,0.03
240665,0.01
240666,0.02
240667,0.02
240668,0.02
240669,0.0
240670,0.02
240671,0.0
240672,0.0
240673,0.0
240674,0.03
240675,0.08
240676,0.0
240677,0.0
240678,0.03
240679,0.01
240680,0.01
240681,0.0
240682,0.01
240683,0.0
240684,0.0
240685,0.27
240686,0.04
240687,0.06
240688,0.0
240689,0.0
240690,0.07
240691,0.02
240692,0.05
240693,0.01
240694,0.0
240695,0.01
240696,0.02
240697,0.07
240698,0.01
240699,0.04
240700,0.01
240701,0.02
240702,0.0
240703,0.02
240704,0.01
240705,0.01
240706,0.03
240707,0.0
240708,0.04
240709,0.05
240710,0.0
240711,0.01
240712,0.0
240713,0.01
240714,0.01
240715,0.02
240716,0.02
240717,0.05
240718,0.01
240719,0.01
240720,0.01
240721,0.01
240722,0.15
240723,0.02
240724,0.01
240725,0.02
240726,0.03
240727,0.01
240728,0.04
240729,0.04
240730,0.01
240731,0.02
240732,0.01
240733,0.03
240734,0.02
240735,0.0
240736,0.0
240737,0.02
240738,0.0
240739,0.09
240740,0.0
240741,0.04
240742,0.03
240743,0.03
240744,0.01
240745,0.03
240746,0.04
240747,0.0
240748,0.01
240749,0.03
240750,0.01
240751,0.0
240752,0.0
240753,0.0
240754,0.01
240755,0.04
240756,0.0
240757,0.02
240758,0.05
240759,0.07
240760,0.08
240761,0.02
240762,0.0
240763,0.01
240764,0.0
240765,0.07
240766,0.01
240767,0.01
240768,0.04
240769,0.09
240770,0.0
240771,0.0
240772,0.01
240773,0.02
240774,0.04
240775,0.02
240776,0.0
240777,0.0
240778,0.03
240779,0.0
240780,0.01
240781,0.88
240782,0.01
240783,0.0
240784,0.09
240785,0.04
240786,0.08
240787,0.03
240788,0.05
240789,0.0
240790,0.01
240791,0.02
240792,0.02
240793,0.02
240794,0.32
240795,0.0
240796,0.0
240797,0.01
240798,0.0
240799,0.08
240800,0.02
240801,0.0
240802,0.0
240803,0.02
240804,0.0
240805,0.0
240806,0.0
240807,0.03
240808,0.0
240809,0.0
240810,0.022000000000000002
240811,0.21
240812,0.02
240813,0.07666666666666667
240814,0.44
240815,0.0
240816,0.0
240817,0.02
240818,0.04
240819,0.01
240820,0.05
240821,0.0
240822,0.0
240823,0.01
240824,0.02
240825,0.07
240826,0.04
240827,0.04
240828,0.28
240829,0.0
240830,0.03
240831,0.01
240832,0.04
240833,0.02
240834,0.12
240835,0.12
240836,0.01
240837,0.0
240838,0.92
240839,0.0
240840,0.02
240841,0.1
240842,0.01
240843,0.0
240844,0.0
240845,0.58
240846,0.0
240847,0.0
240848,0.0
240849,0.02
240850,0.01
240851,0.02
240852,0.23
240853,0.01
240854,0.58
240855,0.0
240856,0.01
240857,0.02
240858,0.0
240859,0.06
240860,0.01
240861,0.03
240862,0.01
240863,0.01
240864,0.7
240865,0.01
240866,0.0
240867,0.01
240868,0.01
240869,0.17600000000000002
240870,0.004
240871,0.01
240872,0.03
240873,0.02
240874,0.0
240875,0.06
240876,0.0
240877,0.02
240878,0.0
240879,0.01
240880,0.01
240881,0.01
240882,0.03
240883,0.03
240884,0.16
240885,0.02
240886,0.01
240887,0.14
240888,0.72
240889,0.055
240890,0.16
240891,0.07
240892,0.0
240893,0.05
240894,0.0
240895,0.03
240896,0.01
240897,0.0
240898,0.15
240899,0.01
240900,0.0
240901,0.19
240902,0.01
240903,0.0
240904,0.05
240905,0.01
240906,0.056666666666666664
240907,0.0
240908,0.02
240909,0.0
240910,0.0
240911,0.01
240912,0.0
240913,0.22
240914,0.1
240915,0.05
240916,0.54
240917,0.04
240918,0.0
240919,0.78
240920,0.0
240921,0.01
240922,0.03
240923,0.16
240924,0.03
240925,0.0
240926,0.04
240927,0.01
240928,0.0
240929,0.04
240930,0.0
240931,0.0
240932,0.04
240933,0.02
240934,0.01
240935,0.0
240936,0.0
240937,0.0
240938,0.01
240939,0.0
240940,0.02
240941,0.01
240942,0.0
240943,0.76
240944,0.01
240945,0.0
240946,0.03
240947,0.06
240948,0.01
240949,0.79
240950,0.0
240951,0.11
240952,0.66
240953,0.02
240954,0.0
240955,0.02
240956,0.0
240957,0.03
240958,0.98
240959,0.08
240960,0.24
240961,0.0
240962,0.04
240963,0.0
240964,0.18
240965,0.05
240966,0.13
240967,0.01
240968,0.01
240969,0.01
240970,0.18
240971,0.06
240972,0.0
240973,0.01
240974,0.0
240975,0.0
240976,0.0
240977,0.0
240978,0.01
240979,0.91
240980,0.0
240981,0.0
240982,0.01
240983,0.09
240984,0.03
240985,0.03
240986,0.01
240987,0.09
240988,0.01
240989,0.01
240990,0.01
240991,0.01
240992,0.03
240993,0.0
240994,0.0
240995,0.01
240996,0.01
240997,0.03
240998,0.0
240999,0.0
241000,0.0
241001,0.0
241002,0.04
241003,0.04
241004,0.0
241005,0.12
241006,0.05
241007,0.01
241008,0.01
241009,0.0
241010,0.02
241011,0.0
241012,0.01
241013,0.04238095238095238
241014,0.02
241015,0.0
241016,0.0
241017,0.0
241018,0.02
241019,0.0
241020,0.0
241021,0.0
241022,0.02
241023,0.84
241024,0.03
241025,0.0
241026,0.0
241027,0.03
241028,0.02
241029,0.02
241030,0.0
241031,0.0
241032,0.04
241033,0.04
241034,0.0
241035,0.02
241036,0.39
241037,0.02
241038,0.01
241039,0.01
241040,0.0
241041,0.01
241042,0.0
241043,0.04
241044,0.01
241045,0.03
241046,0.0
241047,0.01
241048,0.04
241049,0.06
241050,0.01
241051,0.0
241052,0.0
241053,0.03
241054,0.06
241055,0.0
241056,0.01
241057,0.07
241058,0.1
241059,0.01
241060,0.1
241061,0.01
241062,0.01
241063,0.02
241064,0.02
241065,0.11
241066,0.0
241067,0.0
241068,0.77
241069,0.04
241070,0.0
241071,0.05
241072,0.0
241073,0.04
241074,0.0
241075,0.05
241076,0.02
241077,0.0
241078,0.0
241079,0.0
241080,0.0
241081,0.01
241082,0.0
241083,0.01
241084,0.07
241085,0.10285714285714287
241086,0.0
241087,0.67
241088,0.03
241089,0.0
241090,0.02
241091,0.0
241092,0.025
241093,0.03
241094,0.01
241095,0.02
241096,0.02
241097,0.4
241098,0.0
241099,0.04
241100,0.0
241101,0.0
241102,0.03
241103,0.0
241104,0.27
241105,0.07
241106,0.01
241107,0.04
241108,0.01
241109,0.08
241110,0.17
241111,0.0
241112,0.0
241113,0.0
241114,0.0
241115,0.0
241116,0.01
241117,0.0
241118,0.0
241119,0.0
241120,0.01
241121,0.0
241122,0.0
241123,0.0
241124,0.29
241125,0.02
241126,0.01
241127,0.01
241128,0.03
241129,0.0
241130,0.0
241131,0.01
241132,0.0
241133,0.01
241134,0.03
241135,0.01
241136,0.0
241137,0.81
241138,0.31
241139,0.05
241140,0.0
241141,0.02
241142,0.02
241143,0.0
241144,0.5
241145,0.0
241146,0.76
241147,0.0
241148,0.08
241149,0.01
241150,0.01
241151,0.03
241152,0.03
241153,0.03
241154,0.0
241155,0.03
241156,0.0
241157,0.06
241158,0.07
241159,0.03
241160,0.07
241161,0.03
241162,0.0
241163,0.11
241164,0.01
241165,0.03
241166,0.0
241167,0.01
241168,0.01
241169,0.01
241170,0.0
241171,0.0
241172,0.02
241173,0.0
241174,0.01
241175,0.0
241176,0.06
241177,0.0
241178,0.14
241179,0.03
241180,0.0
241181,0.06
241182,0.0
241183,0.0
241184,0.03
241185,0.17
241186,0.03
241187,0.0
241188,0.03
241189,0.08
241190,0.02
241191,0.0
241192,0.01
241193,0.04
241194,0.03
241195,0.0
241196,0.09
241197,0.01
241198,0.0
241199,0.0
241200,0.05
241201,0.1
241202,0.12
241203,0.01
241204,0.0
241205,0.01
241206,0.01
241207,0.02
241208,0.02
241209,0.01
241210,0.0
241211,0.08
241212,0.86
241213,0.04
241214,0.01
241215,0.0
241216,0.0
241217,0.06
241218,0.01
241219,0.0
241220,0.57
241221,0.01
241222,0.02
241223,0.05
241224,0.0
241225,0.05
241226,0.03
241227,0.0
241228,0.07
241229,0.02
241230,0.02
241231,0.0
241232,0.0
241233,0.09
241234,0.0
241235,0.01
241236,0.02
241237,0.0
241238,0.01
241239,0.8
241240,0.05
241241,0.02
241242,0.0
241243,0.01
241244,0.01
241245,0.19
241246,0.02
241247,0.01
241248,0.0
241249,0.0
241250,0.04
241251,0.01
241252,0.0
241253,0.0
241254,0.12
241255,0.0
241256,0.0
241257,0.04
241258,0.01
241259,0.05
241260,0.0
241261,0.0
241262,0.03
241263,0.75
241264,0.0
241265,0.0
241266,0.02
241267,0.01
241268,0.05
241269,0.02
241270,0.02
241271,0.0
241272,0.0
241273,0.07
241274,0.27
241275,0.06
241276,0.25
241277,0.01
241278,0.01
241279,0.0
241280,0.0
241281,0.02
241282,0.02
241283,0.01
241284,0.03
241285,0.02
241286,0.24
241287,0.0
241288,0.0
241289,0.01
241290,0.0
241291,0.03
241292,0.0
241293,0.01
241294,0.21
241295,0.02
241296,0.0
241297,0.0
241298,0.0
241299,0.01
241300,0.04
241301,0.01
241302,0.01
241303,0.0
241304,0.02
241305,0.01
241306,0.01
241307,0.0
241308,0.07
241309,0.0
241310,0.0
241311,0.02
241312,0.0
241313,0.01
241314,0.0
241315,0.02
241316,0.01
241317,0.11
241318,0.04
241319,0.0
241320,0.01
241321,0.04
241322,0.0
241323,0.02
241324,0.0
241325,0.0
241326,0.01
241327,0.64
241328,0.01
241329,0.03
241330,0.0
241331,0.7
241332,0.01
241333,0.0
241334,0.01
241335,0.01
241336,0.02
241337,0.01
241338,0.05
241339,0.24
241340,0.12
241341,0.01
241342,0.02
241343,0.0
241344,0.01
241345,0.02
241346,0.03
241347,0.03
241348,0.0
241349,0.0
241350,0.08
241351,0.04
241352,0.0
241353,0.0
241354,0.0
241355,0.03
241356,0.14
241357,0.0
241358,0.0
241359,0.0
241360,0.0
241361,0.0
241362,0.02
241363,0.02
241364,0.01
241365,0.0
241366,0.0
241367,0.01
241368,0.01
241369,0.0
241370,0.0
241371,0.01
241372,0.1
241373,0.18
241374,0.01
241375,0.02
241376,0.05
241377,0.01
241378,0.01
241379,0.05
241380,0.0
241381,0.0
241382,0.22
241383,0.03
241384,0.03
241385,0.07
241386,0.0
241387,0.0
241388,0.05
241389,0.0
241390,0.02
241391,0.05
241392,0.01
241393,0.0
241394,0.02
241395,0.171
241396,0.0
241397,0.02
241398,0.0
241399,0.0
241400,0.05
241401,0.0
241402,0.01
241403,0.0
241404,0.03
241405,0.0
241406,0.0
241407,0.01
241408,0.02
241409,0.78
241410,0.0
241411,0.02
241412,0.0
241413,0.0
241414,0.2
241415,0.0
241416,0.04
241417,0.0
241418,0.0
241419,0.02
241420,0.02
241421,0.0
241422,0.0
241423,0.02
241424,0.03
241425,0.01
241426,0.02
241427,0.01
241428,0.02
241429,0.0
241430,0.0
241431,0.03
241432,0.0
241433,0.03
241434,0.0
241435,0.03
241436,0.05
241437,0.05
241438,0.0
241439,0.0
241440,0.45
241441,0.03
241442,0.77
241443,0.0
241444,0.0
241445,0.1
241446,0.0
241447,0.02
241448,0.04
241449,0.05
241450,0.08
241451,0.0
241452,0.02
241453,0.01
241454,0.09
241455,0.0
241456,0.01
241457,0.04
241458,0.0
241459,0.0
241460,0.02
241461,0.0
241462,0.2
241463,0.04
241464,0.01
241465,0.02
241466,0.76
241467,0.02
241468,0.0
241469,0.01
241470,0.02
241471,0.01
241472,0.03
241473,0.01
241474,0.1075
241475,0.0
241476,0.06
241477,0.02
241478,0.01
241479,0.0
241480,0.0
241481,0.0
241482,0.09
241483,0.02
241484,0.02
241485,0.0
241486,0.03
241487,0.0
241488,0.09
241489,0.07
241490,0.04
241491,0.0
241492,0.0
241493,0.02
241494,0.06
241495,0.0
241496,0.08
241497,0.03
241498,0.0
241499,0.01
241500,0.0
241501,0.02
241502,0.4
241503,0.02
241504,0.09
241505,0.02
241506,0.08
241507,0.02
241508,0.0
241509,0.05
241510,0.0
241511,0.05
241512,0.0
241513,0.04
241514,0.08
241515,0.0
241516,0.01
241517,0.02
241518,0.0
241519,0.0
241520,0.01
241521,0.01
241522,0.07
241523,0.0
241524,0.02
241525,0.03
241526,0.0
241527,0.0
241528,0.01
241529,0.04
241530,0.01
241531,0.05
241532,0.11
241533,0.02
241534,0.0
241535,0.0
241536,0.0
241537,0.01
241538,0.0
241539,0.0
241540,0.02
241541,0.07
241542,0.0
241543,0.28
241544,0.01
241545,0.0
241546,0.16
241547,0.03
241548,0.01
241549,0.02
241550,0.27
241551,0.03
241552,0.01
241553,0.11
241554,0.02
241555,0.01
241556,0.0
241557,0.01
241558,0.0
241559,0.03
241560,0.04
241561,0.0
241562,0.01
241563,0.01
241564,0.66
241565,0.06
241566,0.01
241567,0.13
241568,0.05
241569,0.02
241570,0.0
241571,0.01
241572,0.03
241573,0.01
241574,0.0
241575,0.04
241576,0.0
241577,0.03
241578,0.6
241579,0.02
241580,0.01
241581,0.0
241582,0.02
241583,0.02
241584,0.18
241585,0.01
241586,0.03
241587,0.0
241588,0.03
241589,0.0
241590,0.01
241591,0.0
241592,0.01
241593,0.01
241594,0.0
241595,0.0
241596,0.0
241597,0.01
241598,0.01
241599,0.0
241600,0.0
241601,0.07
241602,0.02
241603,0.24
241604,0.0
241605,0.02
241606,0.09
241607,0.0
241608,0.01
241609,0.01
241610,0.0
241611,0.0
241612,0.0
241613,0.01
241614,0.03
241615,0.02
241616,0.03
241617,0.02
241618,0.0
241619,0.0
241620,0.13
241621,0.0
241622,0.04
241623,0.01
241624,0.03
241625,0.0
241626,0.29
241627,0.06
241628,0.055
241629,0.0
241630,0.02
241631,0.0
241632,0.08
241633,0.09
241634,0.0
241635,0.64
241636,0.03
241637,0.0
241638,0.01
241639,0.05
241640,0.01
241641,0.0
241642,0.0
241643,0.0
241644,0.0
241645,0.0
241646,0.0
241647,0.0
241648,0.01
241649,0.02
241650,0.04
241651,0.03
241652,0.0
241653,0.03
241654,0.03
241655,0.13
241656,0.0
241657,0.0
241658,0.13
241659,0.0
241660,0.01
241661,0.0
241662,0.02
241663,0.01
241664,0.01
241665,0.07
241666,0.0
241667,0.31
241668,0.01
241669,0.02
241670,0.04
241671,0.06
241672,0.83
241673,0.04
241674,0.91
241675,0.11
241676,0.0
241677,0.01
241678,0.02
241679,0.01
241680,0.04
241681,0.0
241682,0.0
241683,0.0
241684,0.0
241685,0.0
241686,0.0
241687,0.0
241688,0.0
241689,0.01
241690,0.43
241691,0.0
241692,0.0
241693,0.0
241694,0.95
241695,0.0
241696,0.65
241697,0.0
241698,0.73
241699,0.0
241700,0.01
241701,0.1
241702,0.0
241703,0.93
241704,0.01
241705,0.0
241706,0.01
241707,0.0
241708,0.11
241709,0.0
241710,0.07
241711,0.03
241712,0.03
241713,0.0
241714,0.0
241715,0.0
241716,0.0
241717,0.03
241718,0.01
241719,0.11
241720,0.0
241721,0.0
241722,0.05
241723,0.0
241724,0.03
241725,0.0
241726,0.05
241727,0.0
241728,0.03
241729,0.01
241730,0.04
241731,0.0
241732,0.0
241733,0.03
241734,0.0
241735,0.01
241736,0.85
241737,0.01
241738,0.41
241739,0.02
241740,0.01
241741,0.15
241742,0.0
241743,0.02
241744,0.08
241745,0.12
241746,0.01
241747,0.62
241748,0.03
241749,0.0
241750,0.0
241751,0.08
241752,0.04
241753,0.06
241754,0.0
241755,0.0
241756,0.0
241757,0.0
241758,0.0
241759,0.01
241760,0.25
241761,0.01
241762,0.0
241763,0.03
241764,0.01
241765,0.0
241766,0.05
241767,0.01
241768,0.03
241769,0.04
241770,0.02
241771,0.0
241772,0.03
241773,0.01
241774,0.0
241775,0.03
241776,0.0
241777,0.013333333333333332
241778,0.0
241779,0.01
241780,0.06
241781,0.0
241782,0.0
241783,0.0
241784,0.0
241785,0.04
241786,0.04
241787,0.01
241788,0.03
241789,0.08
241790,0.02
241791,0.02
241792,0.0
241793,0.0
241794,0.2866666666666667
241795,0.01
241796,0.03
241797,0.03
241798,0.03
241799,0.02
241800,0.0
241801,0.0
241802,0.01
241803,0.14
241804,0.01
241805,0.11
241806,0.0
241807,0.0
241808,0.0
241809,0.07
241810,0.0
241811,0.075
241812,0.03
241813,0.0
241814,0.05
241815,0.03
241816,0.07
241817,0.01
241818,0.0
241819,0.01
241820,0.03
241821,0.02
241822,0.04
241823,0.0
241824,0.0
241825,0.02
241826,0.95
241827,0.01
241828,0.1
241829,0.02
241830,0.0
241831,0.0
241832,0.0
241833,0.02
241834,0.01
241835,0.06
241836,0.0
241837,0.0
241838,0.03
241839,0.08
241840,0.01
241841,0.01
241842,0.0
241843,0.0
241844,0.8
241845,0.39
241846,0.08
241847,0.01
241848,0.02
241849,0.05
241850,0.43
241851,0.17
241852,0.09
241853,0.01
241854,0.03
241855,0.0
241856,0.08
241857,0.0
241858,0.06
241859,0.03
241860,0.0
241861,0.07
241862,0.0
241863,0.02
241864,0.01
241865,0.02
241866,0.04
241867,0.0
241868,0.0
241869,0.01
241870,0.01
241871,0.02
241872,0.17
241873,0.01
241874,0.13
241875,0.0
241876,0.1
241877,0.02
241878,0.02
241879,0.09
241880,0.0
241881,0.02
241882,0.04
241883,0.01
241884,0.06
241885,0.01
241886,0.1
241887,0.01
241888,0.0
241889,0.01
241890,0.02
241891,0.05
241892,0.0
241893,0.01
241894,0.0
241895,0.24
241896,0.0
241897,0.0
241898,0.73
241899,0.01
241900,0.0
241901,0.3
241902,0.0
241903,0.01
241904,0.01
241905,0.01
241906,0.05
241907,0.01
241908,0.01
241909,0.26
241910,0.01
241911,0.09
241912,0.06
241913,0.01
241914,0.01
241915,0.0
241916,0.0
241917,0.0
241918,0.05
241919,0.03
241920,0.12
241921,0.03
241922,0.0
241923,0.0
241924,0.0
241925,0.03
241926,0.02
241927,0.0
241928,0.01
241929,0.0
241930,0.01
241931,0.0
241932,0.05
241933,0.02
241934,0.02
241935,0.06
241936,0.01
241937,0.02
241938,0.0
241939,0.01
241940,0.0
241941,0.02
241942,0.01
241943,0.0
241944,0.0
241945,0.0
241946,0.02
241947,0.0
241948,0.01
241949,0.0
241950,0.0
241951,0.0
241952,0.36
241953,0.02
241954,0.0
241955,0.45
241956,0.02
241957,0.01
241958,0.0
241959,0.01
241960,0.01
241961,0.06
241962,0.09
241963,0.04
241964,0.02
241965,0.01
241966,0.0
241967,0.01
241968,0.07
241969,0.0
241970,0.0
241971,0.01
241972,0.03
241973,0.04
241974,0.06
241975,0.01
241976,0.01
241977,0.0
241978,0.03
241979,0.0
241980,0.0
241981,0.04
241982,0.03
241983,0.0
241984,0.01
241985,0.0
241986,0.47
241987,0.06
241988,0.0
241989,0.06
241990,0.0
241991,0.01
241992,0.01
241993,0.0
241994,0.0
241995,0.03
241996,0.03
241997,0.0
241998,0.005
241999,0.0
242000,0.0
242001,0.11
242002,0.02
242003,0.04
242004,0.01
242005,0.02
242006,0.0
242007,0.01
242008,0.0
242009,0.0
242010,0.0
242011,0.02
242012,0.02
242013,0.09
242014,0.01
242015,0.03
242016,0.01
242017,0.4
242018,0.0
242019,0.02
242020,0.03
242021,0.0
242022,0.0
242023,0.0
242024,0.01
242025,0.01
242026,0.04
242027,0.1
242028,0.0
242029,0.01
242030,0.16
242031,0.0
242032,0.02
242033,0.03
242034,0.0
242035,0.0
242036,0.01
242037,0.0
242038,0.08
242039,0.01
242040,0.07
242041,0.02
242042,0.0
242043,0.04
242044,0.07
242045,0.0
242046,0.02
242047,0.01
242048,0.0
242049,0.7281666666666666
242050,0.03
242051,0.01
242052,0.01
242053,0.04
242054,0.14
242055,0.0
242056,0.06
242057,0.01
242058,0.0
242059,0.0
242060,0.0
242061,0.71
242062,0.15
242063,0.0
242064,0.0
242065,0.03
242066,0.0
242067,0.0
242068,0.03
242069,0.07
242070,0.0
242071,0.0
242072,0.0
242073,0.02
242074,0.02
242075,0.04
242076,0.01
242077,0.01
242078,0.02
242079,0.0
242080,0.88
242081,0.0
242082,0.06
242083,0.05
242084,0.02
242085,0.0
242086,0.04
242087,0.0
242088,0.09
242089,0.0
242090,0.0
242091,0.02
242092,0.01
242093,0.86
242094,0.02
242095,0.01
242096,0.01
242097,0.0
242098,0.0
242099,0.01
242100,0.06
242101,0.0
242102,0.0
242103,0.0
242104,0.01
242105,0.14
242106,0.0
242107,0.01
242108,0.8
242109,0.02
242110,0.91
242111,0.0
242112,0.02
242113,0.02
242114,0.58
242115,0.05
242116,0.0
242117,0.0
242118,0.01
242119,0.11
242120,0.03
242121,0.01
242122,0.04
242123,0.09
242124,0.01
242125,0.03
242126,0.05
242127,0.01
242128,0.04
242129,0.01
242130,0.02
242131,0.02
242132,0.05
242133,0.02
242134,0.0
242135,0.0
242136,0.05
242137,0.04
242138,0.02
242139,0.0
242140,0.01
242141,0.0
242142,0.01
242143,0.0
242144,0.01
242145,0.02
242146,0.0
242147,0.04
242148,0.0
242149,0.01
242150,0.0
242151,0.0
242152,0.02
242153,0.0
242154,0.0
242155,0.14
242156,0.01
242157,0.2
242158,0.04
242159,0.01
242160,0.01
242161,0.67
242162,0.01
242163,0.01
242164,0.28
242165,0.07
242166,0.01
242167,0.02
242168,0.04
242169,0.0
242170,0.0
242171,0.0
242172,0.02
242173,0.0
242174,0.8
242175,0.01
242176,0.07
242177,0.02
242178,0.02
242179,0.0
242180,0.03
242181,0.01
242182,0.01
242183,0.01
242184,0.01
242185,0.01
242186,0.91
242187,0.04
242188,0.0
242189,0.02
242190,0.0
242191,0.21
242192,0.0
242193,0.01
242194,0.01
242195,0.0
242196,0.0
242197,0.02
242198,0.01
242199,0.075
242200,0.01
242201,0.1
242202,0.0
242203,0.0
242204,0.03
242205,0.01
242206,0.12
242207,0.16
242208,0.02
242209,0.04
242210,0.01
242211,0.01
242212,0.05
242213,0.0
242214,0.0
242215,0.0
242216,0.0
242217,0.0
242218,0.0
242219,0.0
242220,0.02
242221,0.59
242222,0.03
242223,0.02
242224,0.0
242225,0.0
242226,0.01
242227,0.0
242228,0.01
242229,0.17
242230,0.01
242231,0.03
242232,0.02
242233,0.0
242234,0.06
242235,0.0
242236,0.02
242237,0.01
242238,0.01
242239,0.34
242240,0.01
242241,0.0
242242,0.0
242243,0.09
242244,0.01
242245,0.0
242246,0.02
242247,0.04
242248,0.02
242249,0.02
242250,0.0
242251,0.01
242252,0.35
242253,0.96
242254,0.33
242255,0.0
242256,0.01
242257,0.01
242258,0.05
242259,0.04
242260,0.01
242261,0.01
242262,0.0
242263,0.19
242264,0.05
242265,0.96
242266,0.0
242267,0.0
242268,0.08
242269,0.74
242270,0.03
242271,0.02
242272,0.0
242273,0.01
242274,0.01
242275,0.02
242276,0.02
242277,0.0
242278,0.0
242279,0.04
242280,0.1
242281,0.02
242282,0.03
242283,0.02
242284,0.37
242285,0.0
242286,0.0
242287,0.07
242288,0.03
242289,0.01
242290,0.0
242291,0.0
242292,0.0
242293,0.01
242294,0.03
242295,0.01
242296,0.0
242297,0.04
242298,0.03
242299,0.03
242300,0.0
242301,0.04
242302,0.0
242303,0.03
242304,0.01
242305,0.0
242306,0.01
242307,0.0
242308,0.05
242309,0.0
242310,0.01
242311,0.0
242312,0.0
242313,0.0
242314,0.045
242315,0.03
242316,0.02
242317,0.02
242318,0.01
242319,0.05
242320,0.05
242321,0.0
242322,0.01
242323,0.0
242324,0.03
242325,0.04
242326,0.0
242327,0.17
242328,0.04
242329,0.11
242330,0.01
242331,0.22
242332,0.0
242333,0.0
242334,0.01
242335,0.03
242336,0.02
242337,0.03
242338,0.0
242339,0.02
242340,0.0
242341,0.03
242342,0.01
242343,0.0
242344,0.06
242345,0.0
242346,0.02
242347,0.0
242348,0.03
242349,0.03
242350,0.02
242351,0.0
242352,0.01
242353,0.0
242354,0.0
242355,0.04
242356,0.0
242357,0.0
242358,0.08
242359,0.03
242360,0.03
242361,0.09
242362,0.01
242363,0.03
242364,0.0
242365,0.07
242366,0.0
242367,0.02
242368,0.0
242369,0.01
242370,0.03
242371,0.0
242372,0.02
242373,0.03
242374,0.07
242375,0.02
242376,0.03
242377,0.02
242378,0.04
242379,0.0
242380,0.02
242381,0.03
242382,0.01
242383,0.01
242384,0.01
242385,0.08
242386,0.55
242387,0.01
242388,0.2
242389,0.0
242390,0.0
242391,0.0
242392,0.01
242393,0.01
242394,0.0
242395,0.01
242396,0.0
242397,0.02
242398,0.09
242399,0.02
242400,0.01
242401,0.0
242402,0.03
242403,0.01
242404,0.01
242405,0.01
242406,0.0
242407,0.01
242408,0.02
242409,0.48
242410,0.0
242411,0.0
242412,0.07
242413,0.23
242414,0.08
242415,0.0
242416,0.01
242417,0.02
242418,0.02
242419,0.66
242420,0.0
242421,0.08
242422,0.07
242423,0.07
242424,0.01
242425,0.0
242426,0.0
242427,0.01
242428,0.0
242429,0.04
242430,0.53
242431,0.01
242432,0.0
242433,0.05
242434,0.03
242435,0.13
242436,0.0
242437,0.01
242438,0.0
242439,0.0
242440,0.0
242441,0.0
242442,0.0
242443,0.03
242444,0.0
242445,0.04
242446,0.04
242447,0.02
242448,0.0
242449,0.12
242450,0.06
242451,0.11
242452,0.0
242453,0.05
242454,0.0
242455,0.04
242456,0.42
242457,0.0
242458,0.47
242459,0.0
242460,0.13
242461,0.0
242462,0.17666666666666664
242463,0.05
242464,0.01
242465,0.01
242466,0.0
242467,0.02
242468,0.02
242469,0.0
242470,0.0
242471,0.03
242472,0.0
242473,0.03
242474,0.02
242475,0.02
242476,0.03
242477,0.0
242478,0.02
242479,0.0
242480,0.05
242481,0.04
242482,0.47
242483,0.01
242484,0.01
242485,0.0
242486,0.0
242487,0.01
242488,0.04
242489,0.0
242490,0.04
242491,0.0
242492,0.0
242493,0.0
242494,0.01
242495,0.09
242496,0.0
242497,0.03
242498,0.0
242499,0.06
242500,0.0
242501,0.0
242502,0.71
242503,0.0
242504,0.01
242505,0.04
242506,0.0
242507,0.02
242508,0.0
242509,0.03
242510,0.0
242511,0.01
242512,0.01
242513,0.36
242514,0.01
242515,0.05
242516,0.04
242517,0.11
242518,0.39
242519,0.0
242520,0.03
242521,0.06
242522,0.07
242523,0.05
242524,0.0
242525,0.01
242526,0.0
242527,0.13
242528,0.1
242529,0.0
242530,0.07
242531,0.0
242532,0.01
242533,0.64
242534,0.02
242535,0.0
242536,0.02
242537,0.06
242538,0.0
242539,0.01
242540,0.0
242541,0.01
242542,0.03
242543,0.9
242544,0.0
242545,0.01
242546,0.07
242547,0.03
242548,0.0
242549,0.02
242550,0.0
242551,0.3
242552,0.0
242553,0.02
242554,0.0
242555,0.0
242556,0.02
242557,0.01
242558,0.06
242559,0.01
242560,0.21
242561,0.0
242562,0.03
242563,0.0
242564,0.0
242565,0.0
242566,0.0
242567,0.12
242568,0.01
242569,0.5
242570,0.01
242571,0.03
242572,0.02
242573,0.0
242574,0.04
242575,0.0
242576,0.0
242577,0.0
242578,0.02
242579,0.0
242580,0.02
242581,0.0
242582,0.0
242583,0.0
242584,0.0
242585,0.01
242586,0.02
242587,0.0
242588,0.1
242589,0.0
242590,0.0
242591,0.01
242592,0.0
242593,0.06
242594,0.0
242595,0.12
242596,0.01
242597,0.03
242598,0.1
242599,0.01
242600,0.07
242601,0.19
242602,0.0
242603,0.67
242604,0.0
242605,0.05
242606,0.0
242607,0.01
242608,0.03
242609,0.04
242610,0.02
242611,0.01
242612,0.01
242613,0.03
242614,0.01
242615,0.04
242616,0.0
242617,0.0
242618,0.11
242619,0.06
242620,0.51
242621,0.23
242622,0.08
242623,0.04
242624,0.01
242625,0.02
242626,0.03
242627,0.05
242628,0.31
242629,0.02
242630,0.0
242631,0.03
242632,0.0
242633,0.0
242634,0.01
242635,0.02
242636,0.02
242637,0.0
242638,0.35
242639,0.95
242640,0.0
242641,0.01
242642,0.0
242643,0.0
242644,0.0
242645,0.0
242646,0.01
242647,0.0
242648,0.8
242649,0.04
242650,0.0
242651,0.04
242652,0.09
242653,0.01
242654,0.0
242655,0.0
242656,0.01
242657,0.01
242658,0.07
242659,0.01
242660,0.01
242661,0.01
242662,0.0
242663,0.02
242664,0.2
242665,0.0
242666,0.01
242667,0.01
242668,0.0
242669,0.0
242670,0.0
242671,0.0
242672,0.01
242673,0.0
242674,0.0
242675,0.04
242676,0.03
242677,0.33
242678,0.08
242679,0.01
242680,0.0
242681,0.0
242682,0.01
242683,0.0
242684,0.01
242685,0.49
242686,0.0
242687,0.01
242688,0.03
242689,0.0
242690,0.04
242691,0.01
242692,0.0
242693,0.0
242694,0.02
242695,0.01
242696,0.0
242697,0.04
242698,0.0
242699,0.0
242700,0.0
242701,0.03
242702,0.01
242703,0.97
242704,0.02
242705,0.0
242706,0.03
242707,0.04
242708,0.0
242709,0.0
242710,0.58
242711,0.07
242712,0.13
242713,0.01
242714,0.12
242715,0.02
242716,0.03
242717,0.0
242718,0.03
242719,0.03
242720,0.04
242721,0.04
242722,0.01
242723,0.0
242724,0.07
242725,0.0
242726,0.02
242727,0.04
242728,0.0
242729,0.03
242730,0.04
242731,0.04
242732,0.01
242733,0.0
242734,0.06
242735,0.01
242736,0.02
242737,0.0
242738,0.03
242739,0.11
242740,0.05
242741,0.02
242742,0.02
242743,0.01
242744,0.04
242745,0.05
242746,0.03
242747,0.09
242748,0.05
242749,0.0
242750,0.01
242751,0.0
242752,0.01
242753,0.01
242754,0.06
242755,0.0
242756,0.01
242757,0.0
242758,0.01
242759,0.68
242760,0.0
242761,0.0
242762,0.03
242763,0.02
242764,0.07
242765,0.01
242766,0.08
242767,0.01
242768,0.03
242769,0.0
242770,0.01
242771,0.0
242772,0.19
242773,0.19
242774,0.01
242775,0.09
242776,0.0
242777,0.1
242778,0.01
242779,0.0
242780,0.01
242781,0.0
242782,0.0
242783,0.0
242784,0.42
242785,0.0
242786,0.0
242787,0.0
242788,0.05
242789,0.82
242790,0.02
242791,0.0
242792,0.01
242793,0.01
242794,0.32
242795,0.0
242796,0.04
242797,0.01
242798,0.0
242799,0.03
242800,0.09
242801,0.01
242802,0.0
242803,0.01
242804,0.01
242805,0.0
242806,0.02
242807,0.02
242808,0.03
242809,0.0
242810,0.07428571428571429
242811,0.03
242812,0.08
242813,0.02
242814,0.07
242815,0.0
242816,0.02
242817,0.09
242818,0.02
242819,0.01
242820,0.03
242821,0.0
242822,0.04
242823,0.03
242824,0.0
242825,0.04
242826,0.0
242827,0.05
242828,0.01
242829,0.03
242830,0.05
242831,0.0
242832,0.01
242833,0.58
242834,0.02
242835,0.1
242836,0.03
242837,0.0
242838,0.0
242839,0.03
242840,0.01
242841,0.05
242842,0.01
242843,0.0
242844,0.0
242845,0.01
242846,0.0
242847,0.01
242848,0.03
242849,0.0
242850,0.0
242851,0.0
242852,0.0
242853,0.06
242854,0.05
242855,0.1
242856,0.0
242857,0.0
242858,0.0
242859,0.01
242860,0.0
242861,0.0
242862,0.01
242863,0.02
242864,0.01
242865,0.72
242866,0.01
242867,0.0
242868,0.06
242869,0.01
242870,0.02
242871,0.02
242872,0.0
242873,0.0
242874,0.04
242875,0.28
242876,0.02
242877,0.0
242878,0.05
242879,0.02
242880,0.02
242881,0.0
242882,0.14
242883,0.02
242884,0.0
242885,0.26
242886,0.0
242887,0.05
242888,0.0
242889,0.03
242890,0.0
242891,0.01
242892,0.0
242893,0.21
242894,0.01
242895,0.01
242896,0.0
242897,0.0
242898,0.01
242899,0.01
242900,0.01
242901,0.0
242902,0.04
242903,0.01
242904,0.0
242905,0.01
242906,0.01
242907,0.01
242908,0.0
242909,0.01
242910,0.0
242911,0.0
242912,0.02
242913,0.02
242914,0.02
242915,0.0
242916,0.02
242917,0.0
242918,0.0
242919,0.01
242920,0.03
242921,0.0
242922,0.05
242923,0.01
242924,0.0
242925,0.02
242926,0.03
242927,0.0
242928,0.02
242929,0.0
242930,0.01
242931,0.0
242932,0.04
242933,0.0
242934,0.03
242935,0.01
242936,0.01
242937,0.1
242938,0.0
242939,0.28
242940,0.02
242941,0.16
242942,0.05
242943,0.02
242944,0.07
242945,0.0
242946,0.0
242947,0.01
242948,0.045
242949,0.0
242950,0.3
242951,0.02
242952,0.01
242953,0.0
242954,0.01
242955,0.09
242956,0.17
242957,0.09
242958,0.0
242959,0.02
242960,0.01
242961,0.02
242962,0.0
242963,0.0
242964,0.16
242965,0.02
242966,0.01
242967,0.07
242968,0.0
242969,0.0
242970,0.41
242971,0.0
242972,0.0
242973,0.01
242974,0.14
242975,0.01
242976,0.02
242977,0.01
242978,0.01
242979,0.0
242980,0.13
242981,0.0
242982,0.09
242983,0.0
242984,0.0
242985,0.04
242986,0.02
242987,0.0
242988,0.0
242989,0.02
242990,0.02
242991,0.05
242992,0.0
242993,0.0
242994,0.02
242995,0.07
242996,0.03
242997,0.02
242998,0.19
242999,0.0
243000,0.01
243001,0.01
243002,0.01
243003,0.03
243004,0.01
243005,0.03
243006,0.06
243007,0.01
243008,0.0
243009,0.08
243010,0.06
243011,0.02
243012,0.16
243013,0.0
243014,0.01
243015,0.04
243016,0.02
243017,0.05
243018,0.01
243019,0.01
243020,0.02
243021,0.04
243022,0.0
243023,0.0
243024,0.04
243025,0.0
243026,0.02
243027,0.0
243028,0.0
243029,0.01
243030,0.07
243031,0.06
243032,0.01
243033,0.04
243034,0.0
243035,0.01
243036,0.0
243037,0.02
243038,0.01
243039,0.01
243040,0.28
243041,0.01
243042,0.02
243043,0.03
243044,0.01
243045,0.05
243046,0.17
243047,0.0
243048,0.0
243049,0.05
243050,0.0
243051,0.07
243052,0.0
243053,0.04
243054,0.0
243055,0.0
243056,0.02
243057,0.0
243058,0.0
243059,0.03
243060,0.0
243061,0.01
243062,0.02
243063,0.21
243064,0.02
243065,0.02
243066,0.06
243067,0.08
243068,0.0
243069,0.04
243070,0.0
243071,0.0
243072,0.03
243073,0.0
243074,0.03
243075,0.01
243076,0.01
243077,0.01
243078,0.01
243079,0.0
243080,0.04
243081,0.01
243082,0.03
243083,0.01
243084,0.0
243085,0.02
243086,0.88
243087,0.06
243088,0.01
243089,0.01
243090,0.01
243091,0.07
243092,0.09
243093,0.0
243094,0.72
243095,0.01
243096,0.02
243097,0.01
243098,0.04
243099,0.06
243100,0.0
243101,0.0
243102,0.0
243103,0.0
243104,0.06
243105,0.02
243106,0.4
243107,0.05
243108,0.04
243109,0.0
243110,0.02
243111,0.06
243112,0.0
243113,0.02
243114,0.0
243115,0.02
243116,0.01
243117,0.01
243118,0.94
243119,0.0
243120,0.02
243121,0.0
243122,0.05
243123,0.07
243124,0.04
243125,0.01
243126,0.01
243127,0.1
243128,0.07
243129,0.02
243130,0.02
243131,0.0
243132,0.0
243133,0.01
243134,0.0
243135,0.01
243136,0.0
243137,0.76
243138,0.0
243139,0.0
243140,0.01
243141,0.01
243142,0.06
243143,0.01
243144,0.1
243145,0.0
243146,0.02
243147,0.0
243148,0.01
243149,0.0
243150,0.0
243151,0.0
243152,0.91
243153,0.0
243154,0.0
243155,0.06
243156,0.0
243157,0.01
243158,0.45
243159,0.0
243160,0.0
243161,0.02
243162,0.0
243163,0.08
243164,0.06
243165,0.01
243166,0.0
243167,0.0
243168,0.01
243169,0.02
243170,0.07
243171,0.89
243172,0.08
243173,0.03
243174,0.0
243175,0.42
243176,0.01
243177,0.01
243178,0.01
243179,0.83
243180,0.02
243181,0.0
243182,0.0
243183,0.1
243184,0.35
243185,0.02
243186,0.0
243187,0.0
243188,0.01
243189,0.03
243190,0.05
243191,0.02
243192,0.02
243193,0.06
243194,0.0
243195,0.02
243196,0.41
243197,0.08
243198,0.0
243199,0.31
243200,0.07
243201,0.01
243202,0.02
243203,0.03
243204,0.19
243205,0.69
243206,0.02
243207,0.01
243208,0.01
243209,0.0
243210,0.03
243211,0.0
243212,0.08
243213,0.0
243214,0.16
243215,0.04
243216,0.01
243217,0.02
243218,0.0
243219,0.12
243220,0.0
243221,0.02
243222,0.03
243223,0.03
243224,0.07
243225,0.03
243226,0.01
243227,0.06
243228,0.01
243229,0.05
243230,0.08
243231,0.0
243232,0.0
243233,0.013333333333333332
243234,0.0
243235,0.66
243236,0.0
243237,0.0
243238,0.0
243239,0.0
243240,0.02
243241,0.0
243242,0.0
243243,0.96
243244,0.02
243245,0.0
243246,0.06
243247,0.0
243248,0.02
243249,0.03
243250,0.06
243251,0.02
243252,0.02
243253,0.01
243254,0.0
243255,0.0
243256,0.02
243257,0.0
243258,0.0
243259,0.0
243260,0.01
243261,0.03
243262,0.0
243263,0.01
243264,0.0
243265,0.07
243266,0.0
243267,0.12
243268,0.03
243269,0.01
243270,0.0
243271,0.0
243272,0.01
243273,0.0
243274,0.0
243275,0.03
243276,0.02
243277,0.0
243278,0.01
243279,0.02
243280,0.05
243281,0.06
243282,0.0
243283,0.04
243284,0.02
243285,0.0
243286,0.0
243287,0.0
243288,0.0
243289,0.01
243290,0.0
243291,0.46
243292,0.03
243293,0.0
243294,0.01
243295,0.0
243296,0.0
243297,0.0
243298,0.0
243299,0.0
243300,0.05
243301,0.01
243302,0.02
243303,0.02
243304,0.05
243305,0.0
243306,0.05
243307,0.28
243308,0.0
243309,0.01
243310,0.01
243311,0.01
243312,0.12
243313,0.0
243314,0.0
243315,0.34
243316,0.01
243317,0.05
243318,0.0
243319,0.0
243320,0.2
243321,0.1
243322,0.0
243323,0.56
243324,0.02
243325,0.0
243326,0.01
243327,0.05
243328,0.0
243329,0.02
243330,0.15
243331,0.0
243332,0.14
243333,0.0
243334,0.01
243335,0.04
243336,0.0
243337,0.02
243338,0.01
243339,0.04
243340,0.02
243341,0.02
243342,0.0
243343,0.0625
243344,0.0
243345,0.03
243346,0.0
243347,0.02
243348,0.03
243349,0.05
243350,0.03
243351,0.04
243352,0.01
243353,0.01
243354,0.0
243355,0.03
243356,0.03
243357,0.05
243358,0.02
243359,0.0
243360,0.11
243361,0.0
243362,0.05
243363,0.0
243364,0.05
243365,0.0
243366,0.04
243367,0.06
243368,0.01
243369,0.36
243370,0.02
243371,0.02
243372,0.0
243373,0.01
243374,0.07
243375,0.04
243376,0.01
243377,0.0
243378,0.0
243379,0.0
243380,0.0
243381,0.0
243382,0.0
243383,0.0
243384,0.09
243385,0.0
243386,0.01
243387,0.02
243388,0.02
243389,0.035
243390,0.0
243391,0.43
243392,0.02
243393,0.05
243394,0.01
243395,0.0
243396,0.1
243397,0.01
243398,0.01
243399,0.02
243400,0.7
243401,0.0
243402,0.34
243403,0.0
243404,0.0
243405,0.01
243406,0.02
243407,0.0
243408,0.08
243409,0.03
243410,0.0
243411,0.13
243412,0.03
243413,0.02
243414,0.03
243415,0.0
243416,0.0
243417,0.0
243418,0.16
243419,0.0
243420,0.01
243421,0.0
243422,0.19
243423,0.0
243424,0.05
243425,0.02
243426,0.0
243427,0.01
243428,0.57
243429,0.0
243430,0.01
243431,0.02
243432,0.0
243433,0.07
243434,0.01
243435,0.0
243436,0.0
243437,0.22
243438,0.04
243439,0.52
243440,0.04
243441,0.08
243442,0.03
243443,0.05
243444,0.16
243445,0.0
243446,0.16
243447,0.0
243448,0.0
243449,0.01
243450,0.25
243451,0.0
243452,0.01
243453,0.0
243454,0.08
243455,0.02
243456,0.01
243457,0.1
243458,0.01
243459,0.0
243460,0.01
243461,0.04
243462,0.0
243463,0.06
243464,0.02
243465,0.01
243466,0.03
243467,0.01
243468,0.0
243469,0.0
243470,0.04
243471,0.08
243472,0.06
243473,0.0
243474,0.0
243475,0.02
243476,0.0
243477,0.97
243478,0.02
243479,0.02
243480,0.0
243481,0.01
243482,0.03
243483,0.0
243484,0.01
243485,0.14
243486,0.01
243487,0.04
243488,0.18
243489,0.0
243490,0.02
243491,0.04
243492,0.14
243493,0.02
243494,0.0
243495,0.01
243496,0.01
243497,0.0
243498,0.03
243499,0.08
243500,0.08
243501,0.16
243502,0.0
243503,0.01
243504,0.01
243505,0.03
243506,0.0
243507,0.03
243508,0.01
243509,0.03
243510,0.0
243511,0.04
243512,0.0
243513,0.01
243514,0.4
243515,0.03
243516,0.1
243517,0.0
243518,0.06
243519,0.04
243520,0.07
243521,0.0
243522,0.0
243523,0.01
243524,0.12
243525,0.0
243526,0.03
243527,0.93
243528,0.05
243529,0.02
243530,0.02
243531,0.02
243532,0.0
243533,0.01
243534,0.01
243535,0.01
243536,0.05
243537,0.12
243538,0.0
243539,0.0
243540,0.06
243541,0.04
243542,0.0
243543,0.02
243544,0.04
243545,0.01
243546,0.0
243547,0.0
243548,0.0
243549,0.01
243550,0.07
243551,0.02
243552,0.57
243553,0.01
243554,0.01
243555,0.04
243556,0.01
243557,0.1
243558,0.0
243559,0.0
243560,0.0
243561,0.0
243562,0.64
243563,0.0
243564,0.04
243565,0.04
243566,0.03
243567,0.01
243568,0.33
243569,0.03
243570,0.01
243571,0.18
243572,0.01
243573,0.02
243574,0.04
243575,0.02
243576,0.78
243577,0.01
243578,0.18
243579,0.06
243580,0.07
243581,0.0
243582,0.06
243583,0.02
243584,0.02
243585,0.03
243586,0.02
243587,0.07
243588,0.16
243589,0.0
243590,0.73
243591,0.0
243592,0.04
243593,0.02
243594,0.0
243595,0.03
243596,0.0
243597,0.08
243598,0.01
243599,0.01
243600,0.03
243601,0.02
243602,0.01
243603,0.04
243604,0.03
243605,0.01
243606,0.43
243607,0.0
243608,0.0
243609,0.03
243610,0.0
243611,0.01
243612,0.01
243613,0.01
243614,0.02
243615,0.01
243616,0.25
243617,0.05
243618,0.0
243619,0.02
243620,0.0
243621,0.0
243622,0.0
243623,0.03
243624,0.01
243625,0.02
243626,0.02
243627,0.37
243628,0.02
243629,0.02
243630,0.01
243631,0.02
243632,0.01
243633,0.0
243634,0.0
243635,0.77
243636,0.01
243637,0.01
243638,0.0
243639,0.01
243640,0.0
243641,0.97
243642,0.02
243643,0.0
243644,0.02
243645,0.02
243646,0.03
243647,0.0
243648,0.0
243649,0.02
243650,0.02
243651,0.01
243652,0.0
243653,0.01
243654,0.01
243655,0.01
243656,0.63
243657,0.02
243658,0.02
243659,0.0
243660,0.0
243661,0.03
243662,0.01
243663,0.01
243664,0.05
243665,0.08
243666,0.0
243667,0.0
243668,0.02
243669,0.0
243670,0.05
243671,0.01
243672,0.04
243673,0.22
243674,0.04
243675,0.04
243676,0.0
243677,0.75
243678,0.02
243679,0.01
243680,0.0
243681,0.0
243682,0.02
243683,0.0
243684,0.0
243685,0.09
243686,0.02
243687,0.0
243688,0.6
243689,0.03
243690,0.43
243691,0.04
243692,0.04
243693,0.01
243694,0.01
243695,0.01
243696,0.0
243697,0.03
243698,0.01
243699,0.01
243700,0.01
243701,0.04
243702,0.45
243703,0.0
243704,0.0
243705,0.0
243706,0.22
243707,0.44
243708,0.01
243709,0.03
243710,0.0
243711,0.02
243712,0.02
243713,0.0
243714,0.12
243715,0.0
243716,0.04
243717,0.03
243718,0.35
243719,0.08
243720,0.0
243721,0.0
243722,0.02
243723,0.04
243724,0.0
243725,0.04
243726,0.01
243727,0.12
243728,0.01
243729,0.02
243730,0.09
243731,0.01
243732,0.01
243733,0.14
243734,0.0
243735,0.0
243736,0.02
243737,0.0
243738,0.0
243739,0.04
243740,0.02
243741,0.27
243742,0.08
243743,0.0
243744,0.0
243745,0.166
243746,0.04
243747,0.0
243748,0.0
243749,0.0
243750,0.0
243751,0.0
243752,0.0
243753,0.0
243754,0.55
243755,0.01
243756,0.0
243757,0.02
243758,0.04
243759,0.0
243760,0.02
243761,0.01
243762,0.05
243763,0.0
243764,0.04
243765,0.0
243766,0.0
243767,0.01
243768,0.0
243769,0.0
243770,0.02
243771,0.0
243772,0.01
243773,0.0
243774,0.07
243775,0.0
243776,0.04
243777,0.0
243778,0.0
243779,0.0
243780,0.08
243781,0.0
243782,0.0
243783,0.0
243784,0.0
243785,0.02
243786,0.0
243787,0.19
243788,0.0
243789,0.01
243790,0.15
243791,0.01
243792,0.03
243793,0.0
243794,0.13
243795,0.35
243796,0.07
243797,0.08
243798,0.0
243799,0.01
243800,0.01
243801,0.0
243802,0.88
243803,0.01
243804,0.03
243805,0.06
243806,0.01
243807,0.02
243808,0.0
243809,0.01
243810,0.01
243811,0.05
243812,0.0
243813,0.04
243814,0.35
243815,0.0
243816,0.0
243817,0.0
243818,0.33
243819,0.03
243820,0.0
243821,0.0
243822,0.0
243823,0.08
243824,0.83
243825,0.0
243826,0.0
243827,0.02
243828,0.02
243829,0.0
243830,0.0
243831,0.0
243832,0.04
243833,0.06
243834,0.01
243835,0.01
243836,0.28
243837,0.0
243838,0.0
243839,0.03
243840,0.03
243841,0.01
243842,0.06
243843,0.03
243844,0.0
243845,0.07
243846,0.0
243847,0.04
243848,0.0
243849,0.0
243850,0.01
243851,0.0
243852,0.02
243853,0.02
243854,0.72
243855,0.08
243856,0.02
243857,0.3
243858,0.0
243859,0.01
243860,0.0
243861,0.06
243862,0.0
243863,0.14
243864,0.0
243865,0.0
243866,0.0
243867,0.02
243868,0.0
243869,0.01
243870,0.0
243871,0.09
243872,0.0
243873,0.01
243874,0.0
243875,0.01
243876,0.06
243877,0.0
243878,0.64
243879,0.02
243880,0.02
243881,0.01
243882,0.01
243883,0.01
243884,0.04
243885,0.0
243886,0.0
243887,0.01
243888,0.0
243889,0.03
243890,0.02
243891,0.0
243892,0.02
243893,0.01
243894,0.02
243895,0.01
243896,0.12
243897,0.0
243898,0.02
243899,0.06
243900,0.09
243901,0.05
243902,0.01
243903,0.27
243904,0.0
243905,0.06
243906,0.02
243907,0.0
243908,0.0
243909,0.0
243910,0.0
243911,0.01
243912,0.07
243913,0.0
243914,0.0
243915,0.05
243916,0.12
243917,0.0
243918,0.0
243919,0.55
243920,0.0
243921,0.01
243922,0.56
243923,0.0
243924,0.0
243925,0.04
243926,0.01
243927,0.06
243928,0.03
243929,0.05
243930,0.02
243931,0.17
243932,0.0
243933,0.04
243934,0.0
243935,0.0
243936,0.02
243937,0.06
243938,0.03
243939,0.03
243940,0.0
243941,0.07
243942,0.01
243943,0.02
243944,0.0
243945,0.0
243946,0.46
243947,0.0
243948,0.0
243949,0.04
243950,0.02
243951,0.095
243952,0.01
243953,0.0
243954,0.09
243955,0.0
243956,0.01
243957,0.02
243958,0.0
243959,0.28
243960,0.18
243961,0.1
243962,0.04
243963,0.0
243964,0.01
243965,0.01
243966,0.0
243967,0.0
243968,0.01
243969,0.01
243970,0.0
243971,0.12
243972,0.0
243973,0.02
243974,0.02
243975,0.85
243976,0.02
243977,0.0
243978,0.04
243979,0.03
243980,0.01
243981,0.01
243982,0.01
243983,0.81
243984,0.05
243985,0.02
243986,0.02
243987,0.03
243988,0.03
243989,0.3
243990,0.0
243991,0.05
243992,0.15
243993,0.01
243994,0.0
243995,0.03
243996,0.01
243997,0.05
243998,0.0
243999,0.38
244000,0.0
244001,0.29
244002,0.01
244003,0.01
244004,0.01
244005,0.06
244006,0.02
244007,0.03
244008,0.02
244009,0.04
244010,0.0
244011,0.09
244012,0.055
244013,0.09
244014,0.01
244015,0.04
244016,0.01
244017,0.01
244018,0.02
244019,0.68
244020,0.07
244021,0.01
244022,0.01
244023,0.0
244024,0.02
244025,0.02
244026,0.02
244027,0.0
244028,0.03
244029,0.01
244030,0.42
244031,0.01
244032,0.02
244033,0.0
244034,0.03
244035,0.0
244036,0.02
244037,0.0
244038,0.03
244039,0.01
244040,0.01
244041,0.08
244042,0.0
244043,0.02
244044,0.0
244045,0.0
244046,0.12
244047,0.03
244048,0.0
244049,0.11
244050,0.02
244051,0.01
244052,0.03
244053,0.24
244054,0.0
244055,0.04
244056,0.0
244057,0.01
244058,0.05
244059,0.02
244060,0.0
244061,0.0
244062,0.01
244063,0.03
244064,0.3975
244065,0.0
244066,0.0
244067,0.02
244068,0.18
244069,0.08
244070,0.0
244071,0.0
244072,0.04
244073,0.14
244074,0.0
244075,0.0
244076,0.25
244077,0.02
244078,0.0
244079,0.04
244080,0.03
244081,0.08
244082,0.0
244083,0.0
244084,0.02
244085,0.13
244086,0.01
244087,0.0
244088,0.0
244089,0.12
244090,0.0
244091,0.0
244092,0.0
244093,0.0
244094,0.0
244095,0.18
244096,0.01
244097,0.01
244098,0.03
244099,0.02
244100,0.01
244101,0.0
244102,0.03
244103,0.02
244104,0.0
244105,0.0
244106,0.02
244107,0.0
244108,0.0
244109,0.0
244110,0.07
244111,0.0
244112,0.07
244113,0.09
244114,0.02
244115,0.0
244116,0.0
244117,0.01
244118,0.02
244119,0.01
244120,0.59
244121,0.01
244122,0.0
244123,0.57
244124,0.0
244125,0.07
244126,0.01
244127,0.0
244128,0.0
244129,0.03
244130,0.0
244131,0.04
244132,0.02
244133,0.06
244134,0.0
244135,0.93
244136,0.185
244137,0.02
244138,0.06
244139,0.01
244140,0.0
244141,0.49
244142,0.0
244143,0.01
244144,0.01
244145,0.02
244146,0.0
244147,0.05
244148,0.02
244149,0.0
244150,0.04
244151,0.0
244152,0.25
244153,0.0
244154,0.0
244155,0.0
244156,0.01
244157,0.02
244158,0.0
244159,0.04
244160,0.05
244161,0.0
244162,0.0
244163,0.0
244164,0.0
244165,0.0
244166,0.07
244167,0.03
244168,0.02
244169,0.0
244170,0.07
244171,0.0
244172,0.05
244173,0.05
244174,0.03
244175,0.01
244176,0.02
244177,0.02
244178,0.04
244179,0.01
244180,0.0
244181,0.79
244182,0.03
244183,0.03
244184,0.03
244185,0.02
244186,0.0
244187,0.02
244188,0.01
244189,0.02
244190,0.0
244191,0.0
244192,0.0
244193,0.03
244194,0.02
244195,0.02
244196,0.06
244197,0.67
244198,0.49
244199,0.78
244200,0.06
244201,0.01
244202,0.05
244203,0.04
244204,0.0
244205,0.05
244206,0.0
244207,0.15
244208,0.0
244209,0.01
244210,0.04
244211,0.01
244212,0.0
244213,0.03
244214,0.01
244215,0.0
244216,0.05
244217,0.0
244218,0.04
244219,0.01
244220,0.01
244221,0.0
244222,0.0
244223,0.0
244224,0.02
244225,0.04
244226,0.01
244227,0.02
244228,0.1
244229,0.02
244230,0.01
244231,0.03
244232,0.01
244233,0.01
244234,0.0
244235,0.0
244236,0.04
244237,0.0
244238,0.18
244239,0.0
244240,0.0
244241,0.01
244242,0.02
244243,0.03
244244,0.01
244245,0.0
244246,0.0
244247,0.0
244248,0.02
244249,0.07
244250,0.29
244251,0.35
244252,0.01
244253,0.01
244254,0.0
244255,0.06
244256,0.01
244257,0.0
244258,0.0
244259,0.02
244260,0.03
244261,0.0
244262,0.02
244263,0.0
244264,0.0
244265,0.0
244266,0.01
244267,0.0
244268,0.16
244269,0.01
244270,0.03
244271,0.0
244272,0.0
244273,0.56
244274,0.57
244275,0.01
244276,0.11
244277,0.06
244278,0.0
244279,0.01
244280,0.0
244281,0.0
244282,0.03
244283,0.02
244284,0.02
244285,0.0
244286,0.02
244287,0.0
244288,0.0
244289,0.0
244290,0.01
244291,0.0
244292,0.0
244293,0.015
244294,0.01
244295,0.27
244296,0.6
244297,0.01
244298,0.01
244299,0.0
244300,0.02
244301,0.01
244302,0.03
244303,0.11
244304,0.78
244305,0.01
244306,0.01
244307,0.0
244308,0.03
244309,0.0
244310,0.02
244311,0.05
244312,0.0
244313,0.0
244314,0.0
244315,0.01
244316,0.03
244317,0.02
244318,0.03
244319,0.01
244320,0.02
244321,0.0
244322,0.23
244323,0.01
244324,0.11
244325,0.02
244326,0.01
244327,0.03
244328,0.87
244329,0.03
244330,0.03
244331,0.02
244332,0.05
244333,0.0
244334,0.01
244335,0.01
244336,0.9
244337,0.0
244338,0.01
244339,0.01
244340,0.0
244341,0.1
244342,0.0
244343,0.32
244344,0.0
244345,0.01
244346,0.0
244347,0.0
244348,0.07
244349,0.0
244350,0.01
244351,0.0
244352,0.0
244353,0.05
244354,0.09
244355,0.02
244356,0.0
244357,0.0
244358,0.06
244359,0.05
244360,0.02
244361,0.05
244362,0.39
244363,0.01
244364,0.0
244365,0.0
244366,0.01
244367,0.0
244368,0.0
244369,0.01
244370,0.06
244371,0.05
244372,0.01
244373,0.02
244374,0.0
244375,0.88
244376,0.0
244377,0.0
244378,0.03
244379,0.0
244380,0.02
244381,0.03
244382,0.01
244383,0.01
244384,0.01
244385,0.02
244386,0.02
244387,0.0
244388,0.04
244389,0.03
244390,0.01
244391,0.01
244392,0.01
244393,0.025
244394,0.04
244395,0.0
244396,0.01
244397,0.0
244398,0.86
244399,0.0
244400,0.0
244401,0.01
244402,0.29
244403,0.01
244404,0.0
244405,0.05
244406,0.02
244407,0.01
244408,0.0
244409,0.01
244410,0.04
244411,0.0
244412,0.0
244413,0.03
244414,0.0
244415,0.0
244416,0.14
244417,0.13
244418,0.01
244419,0.03
244420,0.06
244421,0.62
244422,0.01
244423,0.01
244424,0.04
244425,0.01
244426,0.01
244427,0.0
244428,0.0
244429,0.02
244430,0.01
244431,0.0
244432,0.01
244433,0.02
244434,0.81
244435,0.02
244436,0.19
244437,0.02
244438,0.025
244439,0.0
244440,0.0
244441,0.0
244442,0.02
244443,0.04
244444,0.11
244445,0.0
244446,0.03
244447,0.09
244448,0.0
244449,0.0
244450,0.02
244451,0.27
244452,0.03
244453,0.02
244454,0.01
244455,0.06
244456,0.0
244457,0.0
244458,0.0
244459,0.01
244460,0.02
244461,0.01
244462,0.88
244463,0.04
244464,0.04
244465,0.04
244466,0.01
244467,0.13
244468,0.01
244469,0.0
244470,0.0
244471,0.01
244472,0.03
244473,0.01
244474,0.03
244475,0.01
244476,0.0
244477,0.03
244478,0.0
244479,0.02
244480,0.0
244481,0.01
244482,0.01
244483,0.01
244484,0.0
244485,0.0
244486,0.01
244487,0.01
244488,0.01
244489,0.02
244490,0.37
244491,0.0
244492,0.07
244493,0.0
244494,0.03
244495,0.02
244496,0.0
244497,0.8
244498,0.0
244499,0.75
244500,0.01
244501,0.03
244502,0.02
244503,0.0
244504,0.0
244505,0.01
244506,0.05
244507,0.01
244508,0.0
244509,0.17
244510,0.0
244511,0.0
244512,0.0
244513,0.01
244514,0.02
244515,0.04
244516,0.25
244517,0.01
244518,0.01
244519,0.065
244520,0.0
244521,0.0
244522,0.02
244523,0.0
244524,0.0
244525,0.0
244526,0.05
244527,0.0
244528,0.02
244529,0.88
244530,0.0
244531,0.07
244532,0.03
244533,0.0
244534,0.01
244535,0.0
244536,0.02
244537,0.82
244538,0.0
244539,0.02
244540,0.02
244541,0.0
244542,0.0
244543,0.5
244544,0.02
244545,0.02
244546,0.06
244547,0.0
244548,0.02
244549,0.0
244550,0.05
244551,0.26
244552,0.02
244553,0.02
244554,0.22
244555,0.0
244556,0.03
244557,0.02
244558,0.0
244559,0.08
244560,0.02
244561,0.0
244562,0.0
244563,0.02
244564,0.0
244565,0.0
244566,0.0
244567,0.0
244568,0.02
244569,0.02
244570,0.0
244571,0.0
244572,0.01
244573,0.02
244574,0.12
244575,0.02
244576,0.14
244577,0.0
244578,0.0
244579,0.06
244580,0.06
244581,0.03
244582,0.02
244583,0.08
244584,0.0
244585,0.0
244586,0.01
244587,0.0
244588,0.0
244589,0.07
244590,0.0
244591,0.02
244592,0.0
244593,0.0
244594,0.0
244595,0.01
244596,0.01
244597,0.0
244598,0.06
244599,0.02
244600,0.26
244601,0.02
244602,0.03
244603,0.01
244604,0.01
244605,0.07
244606,0.0
244607,0.0
244608,0.02
244609,0.08
244610,0.0
244611,0.01
244612,0.0
244613,0.01
244614,0.04
244615,0.02
244616,0.01
244617,0.01
244618,0.03
244619,0.03
244620,0.0
244621,0.03
244622,0.09
244623,0.0
244624,0.05
244625,0.2
244626,0.01
244627,0.0
244628,0.04
244629,0.17
244630,0.02
244631,0.0
244632,0.04
244633,0.01
244634,0.01
244635,0.02
244636,0.04
244637,0.0
244638,0.01
244639,0.95
244640,0.28
244641,0.03
244642,0.05
244643,0.01
244644,0.06
244645,0.04
244646,0.0
244647,0.02
244648,0.0
244649,0.02
244650,0.01
244651,0.23
244652,0.0
244653,0.0
244654,0.04
244655,0.29
244656,0.0
244657,0.0
244658,0.0
244659,0.01
244660,0.03
244661,0.04
244662,0.11
244663,0.0
244664,0.18
244665,0.01
244666,0.01
244667,0.0
244668,0.01
244669,0.0
244670,0.11
244671,0.03
244672,0.03
244673,0.03
244674,0.0
244675,0.02
244676,0.15
244677,0.0
244678,0.0
244679,0.0
244680,0.02
244681,0.19
244682,0.02
244683,0.04
244684,0.0
244685,0.03
244686,0.0
244687,0.02
244688,0.0
244689,0.01
244690,0.01
244691,0.17
244692,0.0
244693,0.0
244694,0.01
244695,0.0
244696,0.02
244697,0.0
244698,0.04
244699,0.01
244700,0.01
244701,0.0
244702,0.07
244703,0.04
244704,0.05
244705,0.0
244706,0.01
244707,0.0
244708,0.08
244709,0.72
244710,0.18
244711,0.02
244712,0.0
244713,0.05
244714,0.0
244715,0.04
244716,0.88
244717,0.01
244718,0.01
244719,0.06
244720,0.0
244721,0.05
244722,0.0
244723,0.05
244724,0.01
244725,0.02
244726,0.245
244727,0.02
244728,0.0
244729,0.0
244730,0.01
244731,0.02
244732,0.05
244733,0.03
244734,0.39
244735,0.0
244736,0.0
244737,0.02
244738,0.02
244739,0.02
244740,0.0
244741,0.04
244742,0.01
244743,0.0
244744,0.01
244745,0.03
244746,0.0
244747,0.0
244748,0.04
244749,0.02
244750,0.0
244751,0.0
244752,0.01
244753,0.0
244754,0.06
244755,0.0
244756,0.06
244757,0.02
244758,0.0
244759,0.01
244760,0.01
244761,0.09
244762,0.04
244763,0.01
244764,0.02
244765,0.0
244766,0.04
244767,0.01
244768,0.03
244769,0.86
244770,0.05
244771,0.0
244772,0.0
244773,0.01
244774,0.04
244775,0.22
244776,0.03
244777,0.01
244778,0.02
244779,0.01
244780,0.01
244781,0.01
244782,0.0
244783,0.02
244784,0.1
244785,0.0
244786,0.01
244787,0.02
244788,0.0
244789,0.04
244790,0.0
244791,0.01
244792,0.0
244793,0.01
244794,0.0
244795,0.0
244796,0.01
244797,0.0
244798,0.95
244799,0.27
244800,0.0
244801,0.0
244802,0.0
244803,0.02
244804,0.06
244805,0.01
244806,0.0
244807,0.0
244808,0.02
244809,0.0
244810,0.07
244811,0.0
244812,0.02
244813,0.02
244814,0.05
244815,0.0
244816,0.01
244817,0.04
244818,0.02
244819,0.0
244820,0.01
244821,0.05
244822,0.01
244823,0.01
244824,0.05
244825,0.06
244826,0.06
244827,0.04
244828,0.0
244829,0.02
244830,0.0
244831,0.01
244832,0.61
244833,0.15
244834,0.09
244835,0.05
244836,0.0
244837,0.01
244838,0.01
244839,0.02
244840,0.02
244841,0.0
244842,0.02
244843,0.01
244844,0.01
244845,0.01
244846,0.01
244847,0.01
244848,0.0
244849,0.0
244850,0.01
244851,0.01
244852,0.01
244853,0.0
244854,0.06
244855,0.01
244856,0.1
244857,0.0
244858,0.01
244859,0.0
244860,0.0
244861,0.0
244862,0.02
244863,0.52
244864,0.05
244865,0.01
244866,0.02
244867,0.02
244868,0.0
244869,0.05
244870,0.0
244871,0.0
244872,0.03
244873,0.02
244874,0.02
244875,0.03
244876,0.05
244877,0.0
244878,0.0
244879,0.0
244880,0.68
244881,0.0
244882,0.0
244883,0.0
244884,0.01
244885,0.02
244886,0.0
244887,0.02
244888,0.27
244889,0.02
244890,0.0
244891,0.03
244892,0.0
244893,0.0
244894,0.01
244895,0.0
244896,0.07
244897,0.04
244898,0.02
244899,0.0
244900,0.65
244901,0.01
244902,0.0
244903,0.01
244904,0.18
244905,0.0
244906,0.05
244907,0.01
244908,0.02
244909,0.02
244910,0.0
244911,0.03
244912,0.0
244913,0.04
244914,0.09
244915,0.01
244916,0.4
244917,0.01
244918,0.01
244919,0.0
244920,0.02
244921,0.05
244922,0.0
244923,0.0
244924,0.01
244925,0.0
244926,0.25
244927,0.0
244928,0.01
244929,0.04
244930,0.02
244931,0.0
244932,0.07
244933,0.02
244934,0.0
244935,0.02
244936,0.0
244937,0.01
244938,0.01
244939,0.07
244940,0.0
244941,0.0
244942,0.0
244943,0.03
244944,0.48
244945,0.01
244946,0.11
244947,0.12
244948,0.0
244949,0.05
244950,0.1
244951,0.01
244952,0.15
244953,0.01
244954,0.0
244955,0.01
244956,0.0
244957,0.01
244958,0.04
244959,0.01
244960,0.01
244961,0.0
244962,0.0
244963,0.02
244964,0.02
244965,0.03
244966,0.46
244967,0.1
244968,0.37
244969,0.08
244970,0.0
244971,0.01
244972,0.03
244973,0.01
244974,0.0
244975,0.03
244976,0.0
244977,0.01
244978,0.15
244979,0.55
244980,0.03
244981,0.02
244982,0.01
244983,0.01
244984,0.0
244985,0.01
244986,0.02
244987,0.02
244988,0.0
244989,0.01
244990,0.04
244991,0.0
244992,0.54
244993,0.01
244994,0.0
244995,0.0
244996,0.04
244997,0.07
244998,0.0
244999,0.04
245000,0.0
245001,0.03
245002,0.01
245003,0.04
245004,0.0
245005,0.06
245006,0.01
245007,0.0
245008,0.02
245009,0.12
245010,0.0
245011,0.03
245012,0.01
245013,0.0
245014,0.22
245015,0.0
245016,0.06
245017,0.04
245018,0.0
245019,0.0
245020,0.01
245021,0.04
245022,0.0
245023,0.08
245024,0.07
245025,0.07
245026,0.01
245027,0.02
245028,0.03
245029,0.03
245030,0.04
245031,0.0
245032,0.02
245033,0.01
245034,0.01
245035,0.2
245036,0.03
245037,0.0
245038,0.01
245039,0.0
245040,0.0
245041,0.0
245042,0.01
245043,0.05
245044,0.17
245045,0.01
245046,0.01
245047,0.01
245048,0.0
245049,0.02
245050,0.0
245051,0.0
245052,0.01
245053,0.1
245054,0.0
245055,0.02
245056,0.05
245057,0.03
245058,0.03
245059,0.01
245060,0.02
245061,0.03
245062,0.0
245063,0.02
245064,0.0
245065,0.01
245066,0.82
245067,0.01
245068,0.0
245069,0.0
245070,0.0
245071,0.06
245072,0.02
245073,0.01
245074,0.01
245075,0.04
245076,0.05
245077,0.12
245078,0.04
245079,0.02
245080,0.01
245081,0.03
245082,0.03
245083,0.04
245084,0.02
245085,0.01
245086,0.02
245087,0.0
245088,0.05
245089,0.0
245090,0.0
245091,0.02
245092,0.09
245093,0.06
245094,0.51
245095,0.0
245096,0.1125
245097,0.04
245098,0.04
245099,0.02
245100,0.06
245101,0.0
245102,0.0
245103,0.02
245104,0.04
245105,0.01
245106,0.01
245107,0.01
245108,0.0
245109,0.06
245110,0.02
245111,0.02
245112,0.01
245113,0.02
245114,0.0
245115,0.01
245116,0.01
245117,0.02
245118,0.01
245119,0.02
245120,0.01
245121,0.01
245122,0.02
245123,0.01
245124,0.0
245125,0.0
245126,0.01
245127,0.01
245128,0.02
245129,0.61
245130,0.01
245131,0.0
245132,0.08
245133,0.0
245134,0.0
245135,0.01
245136,0.01
245137,0.0
245138,0.02
245139,0.05
245140,0.0
245141,0.02
245142,0.025
245143,0.98
245144,0.0
245145,0.01
245146,0.01
245147,0.08
245148,0.02
245149,0.0
245150,0.01
245151,0.02
245152,0.04
245153,0.07
245154,0.02
245155,0.0
245156,0.0
245157,0.0
245158,0.0
245159,0.0
245160,0.24
245161,0.0
245162,0.0
245163,0.1
245164,0.76
245165,0.0
245166,0.02
245167,0.0
245168,0.01
245169,0.03
245170,0.03
245171,0.02
245172,0.02
245173,0.0
245174,0.01
245175,0.7
245176,0.0
245177,0.01
245178,0.0
245179,0.0
245180,0.02
245181,0.0
245182,0.0
245183,0.02
245184,0.0
245185,0.05
245186,0.0
245187,0.04
245188,0.01
245189,0.02
245190,0.0
245191,0.01
245192,0.45
245193,0.23
245194,0.02
245195,0.0
245196,0.01
245197,0.01
245198,0.0
245199,0.02
245200,0.04
245201,0.34
245202,0.01
245203,0.31
245204,0.02
245205,0.03
245206,0.33
245207,0.0
245208,0.0
245209,0.0
245210,0.01
245211,0.01
245212,0.01
245213,0.03
245214,0.02
245215,0.02
245216,0.01
245217,0.01
245218,0.02
245219,0.01
245220,0.01
245221,0.01
245222,0.3
245223,0.0
245224,0.0
245225,0.04
245226,0.8
245227,0.01
245228,0.01
245229,0.05
245230,0.0
245231,0.03
245232,0.01
245233,0.9
245234,0.02
245235,0.02
245236,0.02
245237,0.02
245238,0.0
245239,0.0
245240,0.0
245241,0.01
245242,0.0
245243,0.02
245244,0.17
245245,0.0
245246,0.29
245247,0.0
245248,0.02
245249,0.0
245250,0.0
245251,0.0
245252,0.07
245253,0.03
245254,0.0
245255,0.64
245256,0.01
245257,0.0
245258,0.01
245259,0.02
245260,0.0
245261,0.01
245262,0.02
245263,0.05
245264,0.0
245265,0.05
245266,0.42
245267,0.01
245268,0.04
245269,0.04
245270,0.03
245271,0.01
245272,0.0
245273,0.08
245274,0.0
245275,0.0
245276,0.05
245277,0.18
245278,0.04
245279,0.0
245280,0.02
245281,0.03
245282,0.0
245283,0.01
245284,0.05
245285,0.0
245286,0.02
245287,0.01
245288,0.0
245289,0.0
245290,0.49
245291,0.0
245292,0.02
245293,0.0
245294,0.07
245295,0.02
245296,0.04
245297,0.0
245298,0.01
245299,0.04
245300,0.0
245301,0.0
245302,0.01
245303,0.0
245304,0.02
245305,0.03
245306,0.04
245307,0.0
245308,0.01
245309,0.04
245310,0.02
245311,0.03
245312,0.0
245313,0.01
245314,0.01
245315,0.16
245316,0.04
245317,0.05
245318,0.03
245319,0.0
245320,0.06
245321,0.0
245322,0.0
245323,0.05
245324,0.84
245325,0.0
245326,0.0
245327,0.01
245328,0.03
245329,0.0
245330,0.02
245331,0.0
245332,0.01
245333,0.07
245334,0.0
245335,0.01
245336,0.03
245337,0.0
245338,0.02
245339,0.02
245340,0.05
245341,0.02
245342,0.02
245343,0.02
245344,0.0
245345,0.0
245346,0.0
245347,0.0
245348,0.01
245349,0.36
245350,0.03
245351,0.13
245352,0.05
245353,0.0
245354,0.02
245355,0.01
245356,0.01
245357,0.06
245358,0.0
245359,0.04
245360,0.01
245361,0.02
245362,0.01
245363,0.0
245364,0.0
245365,0.03
245366,0.07
245367,0.05
245368,0.0
245369,0.07
245370,0.0
245371,0.0
245372,0.0
245373,0.01
245374,0.01
245375,0.02
245376,0.01
245377,0.07
245378,0.01
245379,0.02
245380,0.03
245381,0.05
245382,0.04
245383,0.02
245384,0.0
245385,0.01
245386,0.91
245387,0.0
245388,0.04
245389,0.09
245390,0.01
245391,0.0
245392,0.0
245393,0.02
245394,0.23
245395,0.01
245396,0.32
245397,0.09
245398,0.0
245399,0.03
245400,0.01
245401,0.02
245402,0.24
245403,0.65
245404,0.01
245405,0.0
245406,0.08
245407,0.62
245408,0.0
245409,0.02
245410,0.01
245411,0.0
245412,0.01
245413,0.08
245414,0.02
245415,0.1
245416,0.02
245417,0.02
245418,0.0
245419,0.0
245420,0.03
245421,0.07
245422,0.0
245423,0.0
245424,0.03
245425,0.01
245426,0.0
245427,0.0
245428,0.02
245429,0.01
245430,0.0
245431,0.05
245432,0.04
245433,0.02
245434,0.01
245435,0.0
245436,0.0
245437,0.02
245438,0.01
245439,0.0
245440,0.0
245441,0.05
245442,0.0
245443,0.01
245444,0.02
245445,0.02
245446,0.0
245447,0.02
245448,0.03
245449,0.76
245450,0.08
245451,0.0
245452,0.0
245453,0.0
245454,0.03
245455,0.0
245456,0.07
245457,0.03
245458,0.08
245459,0.0
245460,0.09
245461,0.0
245462,0.03
245463,0.07
245464,0.0
245465,0.0
245466,0.0
245467,0.03
245468,0.01
245469,0.03
245470,0.0
245471,0.3
245472,0.01
245473,0.04
245474,0.01
245475,0.0
245476,0.04
245477,0.05
245478,0.0
245479,0.02
245480,0.02
245481,0.01
245482,0.07
245483,0.0
245484,0.03
245485,0.41
245486,0.04
245487,0.26
245488,0.0
245489,0.05
245490,0.0
245491,0.04
245492,0.2
245493,0.0
245494,0.67
245495,0.02
245496,0.0
245497,0.01
245498,0.0
245499,0.0
245500,0.02
245501,0.0
245502,0.0
245503,0.07
245504,0.05
245505,0.05
245506,0.1
245507,0.01
245508,0.0
245509,0.42
245510,0.02
245511,0.0
245512,0.0
245513,0.01
245514,0.02
245515,0.22
245516,0.0
245517,0.0
245518,0.21
245519,0.0
245520,0.14
245521,0.0
245522,0.07
245523,0.0
245524,0.02
245525,0.02
245526,0.04
245527,0.02
245528,0.02
245529,0.05
245530,0.02
245531,0.04
245532,0.01
245533,0.05
245534,0.05
245535,0.8
245536,0.06
245537,0.76
245538,0.0
245539,0.21
245540,0.03
245541,0.0
245542,0.01
245543,0.0
245544,0.28
245545,0.02
245546,0.02
245547,0.02
245548,0.02
245549,0.0
245550,0.01
245551,0.59
245552,0.05
245553,0.0
245554,0.02
245555,0.0
245556,0.92
245557,0.06
245558,0.01
245559,0.07
245560,0.0
245561,0.0
245562,0.1
245563,0.02
245564,0.0
245565,0.0
245566,0.0
245567,0.01
245568,0.03
245569,0.13
245570,0.03
245571,0.0
245572,0.0
245573,0.47
245574,0.06
245575,0.0
245576,0.0
245577,0.01
245578,0.12
245579,0.07
245580,0.01
245581,0.0
245582,0.0
245583,0.04
245584,0.87
245585,0.0
245586,0.01
245587,0.02
245588,0.0
245589,0.05
245590,0.05
245591,0.0
245592,0.02
245593,0.01
245594,0.0
245595,0.01
245596,0.0
245597,0.01
245598,0.0
245599,0.01
245600,0.05
245601,0.01
245602,0.0
245603,0.0
245604,0.95
245605,0.01
245606,0.0
245607,0.0
245608,0.02
245609,0.0
245610,0.0
245611,0.0
245612,0.01
245613,0.0
245614,0.0
245615,0.01
245616,0.0
245617,0.03
245618,0.1
245619,0.02
245620,0.0
245621,0.91
245622,0.51
245623,0.42
245624,0.77
245625,0.05
245626,0.0
245627,0.06
245628,0.0
245629,0.73
245630,0.03
245631,0.05
245632,0.01
245633,0.0
245634,0.0
245635,0.03
245636,0.0
245637,0.01
245638,0.01
245639,0.03
245640,0.06
245641,0.02
245642,0.03
245643,0.01
245644,0.01
245645,0.07
245646,0.01
245647,0.22
245648,0.05
245649,0.0
245650,0.09
245651,0.0
245652,0.0
245653,0.01
245654,0.03
245655,0.0
245656,0.02
245657,0.81
245658,0.02
245659,0.03
245660,0.0
245661,0.03
245662,0.01
245663,0.0
245664,0.01
245665,0.0
245666,0.0
245667,0.0
245668,0.01
245669,0.0
245670,0.0
245671,0.01
245672,0.01
245673,0.01
245674,0.0
245675,0.0
245676,0.0
245677,0.02
245678,0.0
245679,0.02
245680,0.0
245681,0.02
245682,0.0
245683,0.0
245684,0.0
245685,0.01
245686,0.02
245687,0.0
245688,0.01
245689,0.0
245690,0.0
245691,0.02
245692,0.05
245693,0.0
245694,0.95
245695,0.0
245696,0.0
245697,0.0
245698,0.0
245699,0.01
245700,0.01
245701,0.03
245702,0.02
245703,0.01
245704,0.01
245705,0.01
245706,0.06
245707,0.01
245708,0.14
245709,0.02
245710,0.0
245711,0.09
245712,0.01
245713,0.01
245714,0.04
245715,0.01
245716,0.02
245717,0.03
245718,0.36
245719,0.01
245720,0.02
245721,0.03
245722,0.02
245723,0.51
245724,0.03
245725,0.0
245726,0.0
245727,0.0
245728,0.0
245729,0.01
245730,0.06
245731,0.0
245732,0.01
245733,0.0
245734,0.03
245735,0.0
245736,0.0
245737,0.0
245738,0.0
245739,0.02
245740,0.02
245741,0.7
245742,0.14
245743,0.0
245744,0.04
245745,0.0
245746,0.0
245747,0.08
245748,0.03
245749,0.01
245750,0.04
245751,0.0
245752,0.03
245753,0.03
245754,0.03
245755,0.01
245756,0.02
245757,0.25
245758,0.0
245759,0.01
245760,0.03
245761,0.05
245762,0.0
245763,0.0
245764,0.0
245765,0.01
245766,0.0
245767,0.0
245768,0.18
245769,0.02
245770,0.0
245771,0.0
245772,0.06
245773,0.01
245774,0.01
245775,0.02
245776,0.01
245777,0.01
245778,0.0
245779,0.002
245780,0.0
245781,0.02
245782,0.03
245783,0.01
245784,0.02
245785,0.01
245786,0.01
245787,0.02
245788,0.03
245789,0.13
245790,0.0
245791,0.61
245792,0.0
245793,0.41
245794,0.01
245795,0.01
245796,0.01
245797,0.96
245798,0.0
245799,0.03
245800,0.0
245801,0.0
245802,0.0
245803,0.05
245804,0.18
245805,0.0
245806,0.02
245807,0.01
245808,0.01
245809,0.02
245810,0.22
245811,0.06
245812,0.01
245813,0.01
245814,0.02
245815,0.0
245816,0.04
245817,0.01
245818,0.0
245819,0.0
245820,0.0
245821,0.0
245822,0.18
245823,0.0
245824,0.0
245825,0.0
245826,0.01
245827,0.0
245828,0.0
245829,0.01
245830,0.12
245831,0.0
245832,0.61
245833,0.01
245834,0.03
245835,0.09
245836,0.0
245837,0.03
245838,0.0
245839,0.01
245840,0.0
245841,0.02
245842,0.01
245843,0.04
245844,0.09
245845,0.65
245846,0.1
245847,0.01
245848,0.0
245849,0.04
245850,0.05
245851,0.22
245852,0.0
245853,0.01
245854,0.0
245855,0.04
245856,0.03
245857,0.03
245858,0.0
245859,0.1
245860,0.03
245861,0.04
245862,0.03
245863,0.0
245864,0.03
245865,0.0
245866,0.0
245867,0.01
245868,0.05
245869,0.0
245870,0.0
245871,0.01
245872,0.56
245873,0.0
245874,0.02
245875,0.03
245876,0.01
245877,0.0
245878,0.04
245879,0.0
245880,0.16
245881,0.0
245882,0.0
245883,0.0
245884,0.0
245885,0.01
245886,0.01
245887,0.02
245888,0.04
245889,0.0
245890,0.3
245891,0.0
245892,0.03
245893,0.0
245894,0.02
245895,0.0
245896,0.06
245897,0.0
245898,0.06
245899,0.02
245900,0.0
245901,0.0
245902,0.0
245903,0.08
245904,0.01
245905,0.03
245906,0.0
245907,0.03
245908,0.03
245909,0.02
245910,0.01
245911,0.01
245912,0.0
245913,0.01
245914,0.01
245915,0.17
245916,0.61
245917,0.0
245918,0.01
245919,0.02
245920,0.1
245921,0.02
245922,0.01
245923,0.03
245924,0.0
245925,0.0
245926,0.01
245927,0.01
245928,0.0
245929,0.02
245930,0.02
245931,0.0
245932,0.0
245933,0.0
245934,0.0
245935,0.0
245936,0.02
245937,0.0
245938,0.02
245939,0.06
245940,0.15
245941,0.02
245942,0.02
245943,0.0
245944,0.03
245945,0.0
245946,0.01
245947,0.0
245948,0.04
245949,0.03
245950,0.04
245951,0.02
245952,0.01
245953,0.13
245954,0.0
245955,0.01
245956,0.01
245957,0.01
245958,0.05
245959,0.0
245960,0.03
245961,0.0
245962,0.04
245963,0.0
245964,0.02
245965,0.0
245966,0.01
245967,0.01
245968,0.0
245969,0.13
245970,0.0
245971,0.01
245972,0.09
245973,0.0
245974,0.0
245975,0.05
245976,0.0
245977,0.76
245978,0.01
245979,0.0
245980,0.0
245981,0.15
245982,0.0
245983,0.05
245984,0.03
245985,0.02
245986,0.54
245987,0.0
245988,0.04
245989,0.04
245990,0.0
245991,0.05
245992,0.03
245993,0.0
245994,0.04
245995,0.06
245996,0.0
245997,0.07
245998,0.0
245999,0.03
246000,0.03
246001,0.0
246002,0.01
246003,0.02
246004,0.01
246005,0.51
246006,0.01
246007,0.0
246008,0.0
246009,0.03
246010,0.05
246011,0.0
246012,0.06
246013,0.0
246014,0.0
246015,0.22
246016,0.02
246017,0.02
246018,0.03
246019,0.01
246020,0.0
246021,0.39
246022,0.04
246023,0.02
246024,0.08
246025,0.05
246026,0.0
246027,0.0
246028,0.07
246029,0.01
246030,0.14
246031,0.17
246032,0.02
246033,0.0
246034,0.01
246035,0.11
246036,0.02
246037,0.01
246038,0.03
246039,0.06
246040,0.01
246041,0.27
246042,0.0
246043,0.0
246044,0.04
246045,0.0
246046,0.1
246047,0.01
246048,0.0
246049,0.0
246050,0.01
246051,0.0
246052,0.02
246053,0.04
246054,0.0
246055,0.0
246056,0.0
246057,0.0
246058,0.02
246059,0.03
246060,0.01
246061,0.05
246062,0.0
246063,0.01
246064,0.0
246065,0.02
246066,0.02
246067,0.07
246068,0.0
246069,0.0
246070,0.08
246071,0.02
246072,0.01
246073,0.01
246074,0.04
246075,0.0
246076,0.22
246077,0.19
246078,0.04
246079,0.02
246080,0.01
246081,0.03
246082,0.0
246083,0.01
246084,0.07
246085,0.01
246086,0.01
246087,0.07
246088,0.0
246089,0.0
246090,0.0
246091,0.0
246092,0.04
246093,0.71
246094,0.0
246095,0.01
246096,0.01
246097,0.22
246098,0.02
246099,0.01
246100,0.0
246101,0.11
246102,0.03
246103,0.01
246104,0.0
246105,0.0
246106,0.0
246107,0.11
246108,0.01
246109,0.03
246110,0.07
246111,0.02
246112,0.01
246113,0.0
246114,0.02
246115,0.05
246116,0.03
246117,0.09
246118,0.01
246119,0.08
246120,0.14
246121,0.0
246122,0.05
246123,0.02
246124,0.01
246125,0.05
246126,0.01
246127,0.0
246128,0.04
246129,0.82
246130,0.05
246131,0.02
246132,0.0
246133,0.01
246134,0.01
246135,0.0
246136,0.01
246137,0.09
246138,0.0
246139,0.91
246140,0.08
246141,0.06
246142,0.0
246143,0.18
246144,0.03
246145,0.06
246146,0.02
246147,0.01
246148,0.01
246149,0.0
246150,0.0
246151,0.0
246152,0.1
246153,0.01
246154,0.0
246155,0.01
246156,0.0
246157,0.01
246158,0.01
246159,0.06
246160,0.02
246161,0.01
246162,0.04
246163,0.07
246164,0.0
246165,0.02
246166,0.0
246167,0.02
246168,0.0
246169,0.01
246170,0.0
246171,0.0
246172,0.01
246173,0.07
246174,0.09
246175,0.02
246176,0.13
246177,0.05
246178,0.0
246179,0.02
246180,0.0
246181,0.06
246182,0.0
246183,0.02
246184,0.76
246185,0.0
246186,0.03
246187,0.37
246188,0.8
246189,0.96
246190,0.38
246191,0.0
246192,0.01
246193,0.21
246194,0.02
246195,0.0
246196,0.04
246197,0.0
246198,0.03
246199,0.05
246200,0.01
246201,0.65
246202,0.73
246203,0.01
246204,0.01
246205,0.05
246206,0.25
246207,0.34
246208,0.04
246209,0.02
246210,0.0
246211,0.06
246212,0.92
246213,0.03
246214,0.0
246215,0.03
246216,0.03
246217,0.03
246218,0.0
246219,0.07
246220,0.03
246221,0.01
246222,0.0
246223,0.24
246224,0.03
246225,0.0
246226,0.01
246227,0.0
246228,0.03
246229,0.01
246230,0.01
246231,0.09
246232,0.0
246233,0.0
246234,0.0
246235,0.02
246236,0.04
246237,0.0
246238,0.03
246239,0.05
246240,0.03
246241,0.01
246242,0.01
246243,0.25
246244,0.0
246245,0.0
246246,0.05
246247,0.02
246248,0.01
246249,0.01
246250,0.01
246251,0.98
246252,0.05
246253,0.01
246254,0.46
246255,0.01
246256,0.11
246257,0.01
246258,0.0
246259,0.0
246260,0.0
246261,0.55
246262,0.0
246263,0.0
246264,0.02
246265,0.0
246266,0.04
246267,0.02
246268,0.18
246269,0.0
246270,0.0
246271,0.06
246272,0.19
246273,0.08
246274,0.01
246275,0.0
246276,0.6
246277,0.03
246278,0.0
246279,0.01
246280,0.03
246281,0.0
246282,0.83
246283,0.04
246284,0.08
246285,0.0
246286,0.04
246287,0.01
246288,0.14
246289,0.01
246290,0.0
246291,0.0
246292,0.09
246293,0.97
246294,0.0
246295,0.02
246296,0.0
246297,0.03
246298,0.81
246299,0.17
246300,0.0
246301,0.23
246302,0.01
246303,0.01
246304,0.0
246305,0.01
246306,0.01
246307,0.0
246308,0.0
246309,0.01
246310,0.01
246311,0.81
246312,0.01
246313,0.08
246314,0.0
246315,0.03
246316,0.0
246317,0.0
246318,0.02
246319,0.0
246320,0.01
246321,0.02
246322,0.01
246323,0.03
246324,0.02
246325,0.0
246326,0.92
246327,0.0
246328,0.0
246329,0.14
246330,0.0
246331,0.02
246332,0.0
246333,0.02
246334,0.04
246335,0.3
246336,0.0
246337,0.01
246338,0.0
246339,0.01
246340,0.04
246341,0.02
246342,0.03
246343,0.28
246344,0.02
246345,0.02
246346,0.06
246347,0.0
246348,0.03
246349,0.0
246350,0.0
246351,0.0
246352,0.05
246353,0.07
246354,0.05
246355,0.0
246356,0.02
246357,0.0
246358,0.02
246359,0.0
246360,0.01
246361,0.0
246362,0.0
246363,0.21
246364,0.88
246365,0.02
246366,0.01
246367,0.03
246368,0.05
246369,0.0
246370,0.02
246371,0.0
246372,0.4
246373,0.03
246374,0.12
246375,0.0
246376,0.045
246377,0.01
246378,0.09
246379,0.05
246380,0.09
246381,0.04
246382,0.0
246383,0.05
246384,0.11
246385,0.0
246386,0.0
246387,0.1
246388,0.0
246389,0.02
246390,0.01
246391,0.06
246392,0.01
246393,0.06
246394,0.49
246395,0.0
246396,0.03
246397,0.01
246398,0.01
246399,0.77
246400,0.02
246401,0.46
246402,0.0
246403,0.04
246404,0.0
246405,0.0
246406,0.0
246407,0.1
246408,0.03
246409,0.17
246410,0.01
246411,0.05
246412,0.09
246413,0.0
246414,0.0
246415,0.01
246416,0.04
246417,0.0
246418,0.05
246419,0.03
246420,0.02
246421,0.02
246422,0.09
246423,0.0
246424,0.02
246425,0.0
246426,0.03
246427,0.0
246428,0.12
246429,0.02
246430,0.0
246431,0.02
246432,0.0
246433,0.01
246434,0.0
246435,0.0
246436,0.0
246437,0.02
246438,0.0
246439,0.0
246440,0.02
246441,0.01
246442,0.01
246443,0.0
246444,0.0
246445,0.01
246446,0.0
246447,0.03
246448,0.0
246449,0.01
246450,0.0
246451,0.0
246452,0.0
246453,0.03
246454,0.01
246455,0.06
246456,0.0
246457,0.01
246458,0.02
246459,0.09
246460,0.01
246461,0.08
246462,0.05
246463,0.03
246464,0.04
246465,0.1
246466,0.05
246467,0.0
246468,0.01
246469,0.01
246470,0.0
246471,0.04
246472,0.04
246473,0.03
246474,0.0
246475,0.02
246476,0.02
246477,0.04
246478,0.58
246479,0.07
246480,0.05
246481,0.0
246482,0.02
246483,0.02
246484,0.01
246485,0.02
246486,0.02
246487,0.0
246488,0.0
246489,0.11
246490,0.01
246491,0.0
246492,0.27
246493,0.02
246494,0.04
246495,0.13
246496,0.0
246497,0.01
246498,0.0
246499,0.0
246500,0.0
246501,0.0
246502,0.02
246503,0.03
246504,0.01
246505,0.06
246506,0.01
246507,0.02
246508,0.02
246509,0.03
246510,0.0
246511,0.0
246512,0.02
246513,0.39
246514,0.042
246515,0.02
246516,0.23
246517,0.01
246518,0.04
246519,0.0
246520,0.0
246521,0.0
246522,0.02
246523,0.03
246524,0.0
246525,0.01
246526,0.0
246527,0.0
246528,0.01
246529,0.0
246530,0.0
246531,0.01
246532,0.02
246533,0.04
246534,0.04
246535,0.02
246536,0.0
246537,0.08
246538,0.01
246539,0.0
246540,0.01
246541,0.21
246542,0.01
246543,0.0
246544,0.01
246545,0.01
246546,0.015
246547,0.03
246548,0.02
246549,0.03
246550,0.02
246551,0.03
246552,0.0
246553,0.02
246554,0.0
246555,0.0
246556,0.01
246557,0.0
246558,0.0
246559,0.01
246560,0.0
246561,0.06
246562,0.02
246563,0.03
246564,0.0
246565,0.04
246566,0.0
246567,0.01
246568,0.05
246569,0.27
246570,0.0
246571,0.01
246572,0.15
246573,0.09
246574,0.06
246575,0.04
246576,0.0
246577,0.06
246578,0.02
246579,0.0
246580,0.06
246581,0.76
246582,0.05
246583,0.0
246584,0.01
246585,0.0
246586,0.02
246587,0.0
246588,0.0
246589,0.01
246590,0.01
246591,0.05
246592,0.03
246593,0.03
246594,0.52
246595,0.01
246596,0.0
246597,0.01
246598,0.21
246599,0.225
246600,0.0
246601,0.0
246602,0.01
246603,0.19
246604,0.02
246605,0.37
246606,0.05
246607,0.0
246608,0.06
246609,0.91
246610,0.02
246611,0.0
246612,0.02
246613,0.0
246614,0.04
246615,0.15
246616,0.09
246617,0.0
246618,0.0
246619,0.03
246620,0.02
246621,0.84
246622,0.02
246623,0.09
246624,0.6
246625,0.0
246626,0.0
246627,0.05
246628,0.0
246629,0.0
246630,0.07
246631,0.0
246632,0.06
246633,0.01
246634,0.02
246635,0.03
246636,0.07
246637,0.01
246638,0.02
246639,0.07
246640,0.0
246641,0.0
246642,0.06
246643,0.01
246644,0.01
246645,0.01
246646,0.02
246647,0.0
246648,0.05
246649,0.14
246650,0.0
246651,0.04
246652,0.0
246653,0.0
246654,0.0
246655,0.07
246656,0.02
246657,0.0
246658,0.0
246659,0.0
246660,0.02
246661,0.0
246662,0.0
246663,0.02
246664,0.01
246665,0.0
246666,0.03
246667,0.01
246668,0.06
246669,0.01
246670,0.04
246671,0.03
246672,0.1
246673,0.01
246674,0.01
246675,0.57
246676,0.01
246677,0.04
246678,0.0
246679,0.01
246680,0.03
246681,0.04
246682,0.01
246683,0.03
246684,0.0
246685,0.0
246686,0.02
246687,0.02
246688,0.02
246689,0.04
246690,0.03
246691,0.03
246692,0.03
246693,0.07
246694,0.09
246695,0.01
246696,0.01
246697,0.0
246698,0.02
246699,0.03
246700,0.01
246701,0.11
246702,0.0
246703,0.0
246704,0.02
246705,0.03
246706,0.04
246707,0.01
246708,0.0
246709,0.0
246710,0.01
246711,0.0
246712,0.05
246713,0.01
246714,0.02
246715,0.0
246716,0.01
246717,0.05
246718,0.75
246719,0.0
246720,0.0
246721,0.02
246722,0.0
246723,0.05
246724,0.03
246725,0.0
246726,0.04
246727,0.03
246728,0.09
246729,0.83
246730,0.01
246731,0.0
246732,0.04
246733,0.04
246734,0.06
246735,0.01
246736,0.01
246737,0.04
246738,0.01
246739,0.02
246740,0.01
246741,0.01
246742,0.02
246743,0.02
246744,0.04
246745,0.05
246746,0.0
246747,0.0
246748,0.04
246749,0.01
246750,0.0
246751,0.01
246752,0.05
246753,0.0
246754,0.0
246755,0.0
246756,0.01
246757,0.57
246758,0.04
246759,0.02
246760,0.04
246761,0.01
246762,0.0
246763,0.0
246764,0.01
246765,0.03
246766,0.0
246767,0.0
246768,0.0
246769,0.02
246770,0.02
246771,0.91
246772,0.03
246773,0.0
246774,0.02
246775,0.01
246776,0.0
246777,0.06
246778,0.01
246779,0.83
246780,0.04
246781,0.0
246782,0.0
246783,0.0
246784,0.05
246785,0.0
246786,0.25
246787,0.0
246788,0.01
246789,0.05
246790,0.01
246791,0.0
246792,0.05
246793,0.01
246794,0.0
246795,0.0
246796,0.0
246797,0.01
246798,0.0
246799,0.03
246800,0.0
246801,0.01
246802,0.0
246803,0.13
246804,0.05
246805,0.0
246806,0.0
246807,0.03
246808,0.01
246809,0.04
246810,0.0
246811,0.03
246812,0.03
246813,0.01
246814,0.01
246815,0.8205
246816,0.04
246817,0.46
246818,0.18
246819,0.86
246820,0.01
246821,0.02
246822,0.02
246823,0.03
246824,0.03
246825,0.06
246826,0.0
246827,0.01
246828,0.01
246829,0.05
246830,0.01
246831,0.02
246832,0.0
246833,0.04
246834,0.01
246835,0.0
246836,1.0
246837,0.0
246838,0.06
246839,0.01
246840,0.29
246841,0.01
246842,0.0
246843,0.0
246844,0.06
246845,0.01
246846,0.3
246847,0.0
246848,0.01
246849,0.02
246850,0.04
246851,0.01
246852,0.01
246853,0.02
246854,0.0
246855,0.78
246856,0.06
246857,0.05
246858,0.02
246859,0.0
246860,0.03
246861,0.01
246862,0.02
246863,0.0
246864,0.03
246865,0.0
246866,0.02
246867,0.0
246868,0.02
246869,0.01
246870,0.01
246871,0.05
246872,0.02
246873,0.04
246874,0.01
246875,0.0
246876,0.06
246877,0.0
246878,0.0
246879,0.01
246880,0.08
246881,0.01
246882,0.0
246883,0.35
246884,0.0
246885,0.42
246886,0.02
246887,0.0
246888,0.97
246889,0.02
246890,0.0
246891,0.02
246892,0.03
246893,0.03
246894,0.0
246895,0.99
246896,0.71
246897,0.05
246898,0.84
246899,0.0
246900,0.02
246901,0.01
246902,0.0
246903,0.03
246904,0.06
246905,0.12
246906,0.05
246907,0.01
246908,0.0
246909,0.17
246910,0.01
246911,0.01
246912,0.11
246913,0.0
246914,0.01
246915,0.0
246916,0.14
246917,0.0
246918,0.0
246919,0.16
246920,0.01
246921,0.01
246922,0.12
246923,0.01
246924,0.19
246925,0.0
246926,0.0
246927,0.0
246928,0.0
246929,0.02
246930,0.0
246931,0.0
246932,0.02
246933,0.05
246934,0.03
246935,0.01
246936,0.0
246937,0.04
246938,0.0
246939,0.0
246940,0.0
246941,0.01
246942,0.01
246943,0.46
246944,0.0
246945,0.0
246946,0.01
246947,0.0
246948,0.1
246949,0.0
246950,0.07
246951,0.69
246952,0.02
246953,0.0
246954,0.0
246955,0.0
246956,0.0
246957,0.04
246958,0.0
246959,0.0
246960,0.0
246961,0.08
246962,0.01
246963,0.0
246964,0.0
246965,0.01
246966,0.02
246967,0.01
246968,0.0
246969,0.81
246970,0.0
246971,0.01
246972,0.0
246973,0.34
246974,0.05
246975,0.0
246976,0.01
246977,0.0
246978,0.01
246979,0.0
246980,0.08
246981,0.19
246982,0.01
246983,0.0
246984,0.04
246985,0.0
246986,0.0
246987,0.01
246988,0.01
246989,0.01
246990,0.26
246991,0.0
246992,0.03
246993,0.03
246994,0.02
246995,0.0
246996,0.0
246997,0.0
246998,0.0
246999,0.0
247000,0.02
247001,0.01
247002,0.27
247003,0.0
247004,0.01
247005,0.0
247006,0.0
247007,0.0
247008,0.0
247009,0.0
247010,0.0
247011,0.01
247012,0.0
247013,0.0
247014,0.0
247015,0.84
247016,0.0
247017,0.02
247018,0.0
247019,0.05
247020,0.0
247021,0.94
247022,0.01
247023,0.01
247024,0.02
247025,0.08
247026,0.01
247027,0.05
247028,0.03
247029,0.0
247030,0.13
247031,0.02
247032,0.08
247033,0.04
247034,0.06
247035,0.0
247036,0.01
247037,0.02
247038,0.0
247039,0.01
247040,0.97
247041,0.67
247042,0.38
247043,0.01
247044,0.03
247045,0.02
247046,0.09
247047,0.05
247048,0.0
247049,0.85
247050,0.01
247051,0.01
247052,0.0
247053,0.02
247054,0.01
247055,0.95
247056,0.01
247057,0.01
247058,0.0
247059,0.68
247060,0.0
247061,0.01
247062,0.01
247063,0.03
247064,0.0
247065,0.0
247066,0.07
247067,0.03
247068,0.0
247069,0.0
247070,0.48
247071,0.01
247072,0.83
247073,0.09
247074,0.09
247075,0.0
247076,0.0
247077,0.01
247078,0.01
247079,0.01
247080,0.0
247081,0.03
247082,0.0
247083,0.02
247084,0.19
247085,0.01
247086,0.37
247087,0.02
247088,0.04
247089,0.02
247090,0.03
247091,0.01
247092,0.02
247093,0.03
247094,0.08
247095,0.01
247096,0.05
247097,0.05
247098,0.04
247099,0.25
247100,0.0
247101,0.03
247102,0.05
247103,0.02
247104,0.55
247105,0.0
247106,0.04
247107,0.01
247108,0.12
247109,0.0
247110,0.6025
247111,0.02
247112,0.0
247113,0.0
247114,0.0
247115,0.0
247116,0.01
247117,0.0
247118,0.05
247119,0.02
247120,0.0
247121,0.0
247122,0.0
247123,0.01
247124,0.08
247125,0.0
247126,0.02
247127,0.0
247128,0.01
247129,0.0
247130,0.02
247131,0.17
247132,0.01
247133,0.01
247134,0.03
247135,0.02
247136,0.0
247137,0.07
247138,0.02
247139,0.03
247140,0.0
247141,0.0
247142,0.02
247143,0.01
247144,0.01
247145,0.03
247146,0.0
247147,0.0
247148,0.0
247149,0.05
247150,0.11
247151,0.02
247152,0.02
247153,0.0
247154,0.11
247155,0.02
247156,0.03
247157,0.02
247158,0.0
247159,0.01
247160,0.0
247161,0.0
247162,0.01
247163,0.0
247164,0.02
247165,0.0
247166,0.0
247167,0.0
247168,0.11
247169,0.77
247170,0.02
247171,0.0
247172,0.0
247173,0.03
247174,0.01
247175,0.01
247176,0.02
247177,0.0
247178,0.02
247179,0.02
247180,0.03
247181,0.0
247182,0.0
247183,0.02
247184,0.01
247185,0.08
247186,0.01
247187,0.01
247188,0.01
247189,0.03
247190,0.01
247191,0.02
247192,0.02
247193,0.0
247194,0.07
247195,0.02
247196,0.67
247197,0.02
247198,0.09
247199,0.01
247200,0.02
247201,0.04
247202,0.02
247203,0.0
247204,0.01
247205,0.05
247206,0.0
247207,0.01
247208,0.01
247209,0.0
247210,0.0
247211,0.06
247212,0.02
247213,0.0
247214,0.03
247215,0.0
247216,0.0
247217,0.06
247218,0.0
247219,0.0
247220,0.01
247221,0.01
247222,0.0
247223,0.05
247224,0.0
247225,0.06
247226,0.01
247227,0.01
247228,0.03
247229,0.04
247230,0.01
247231,0.03
247232,0.05
247233,0.04
247234,0.07
247235,0.0
247236,0.02
247237,0.02
247238,0.07
247239,0.01
247240,0.03
247241,0.0
247242,0.02
247243,0.0
247244,0.0
247245,0.04
247246,0.01
247247,0.04
247248,0.85
247249,0.02
247250,0.04
247251,0.01
247252,0.03
247253,0.0
247254,0.02
247255,0.0
247256,0.0
247257,0.0
247258,0.0
247259,0.03
247260,0.0
247261,0.01
247262,0.0
247263,0.01
247264,0.02
247265,0.5
247266,0.03
247267,0.01
247268,0.03
247269,0.025
247270,0.0
247271,0.09
247272,0.01
247273,0.0
247274,0.01
247275,0.0
247276,0.0
247277,0.0
247278,0.02
247279,0.34
247280,0.01
247281,0.03
247282,0.01
247283,0.0
247284,0.0
247285,0.02
247286,0.01
247287,0.0
247288,0.01
247289,0.83
247290,0.04
247291,0.08
247292,0.04
247293,0.0
247294,0.11
247295,0.02
247296,0.03
247297,0.01
247298,0.02
247299,0.07
247300,0.02
247301,0.0
247302,0.0
247303,0.0
247304,0.0
247305,0.09
247306,0.84
247307,0.0
247308,0.02
247309,0.03
247310,0.14
247311,0.04
247312,0.01
247313,0.02
247314,0.04
247315,0.0
247316,0.06
247317,0.05
247318,0.0
247319,0.03
247320,0.09
247321,0.0
247322,0.0
247323,0.0
247324,0.0
247325,0.01
247326,0.24
247327,0.01
247328,0.016
247329,0.08
247330,0.02
247331,0.19
247332,0.0
247333,0.04
247334,0.02
247335,0.04
247336,0.19
247337,0.01
247338,0.11
247339,0.89
247340,0.01
247341,0.0
247342,0.05
247343,0.0
247344,0.04
247345,0.02
247346,0.0
247347,0.02
247348,0.0
247349,0.1
247350,0.03
247351,0.01
247352,0.21
247353,0.0
247354,0.02
247355,0.0
247356,0.01
247357,0.0
247358,0.52
247359,0.0
247360,0.0
247361,0.0
247362,0.03
247363,0.05
247364,0.26
247365,0.71
247366,0.07
247367,0.0
247368,0.0
247369,0.01
247370,0.02
247371,0.01
247372,0.0
247373,0.06
247374,0.06
247375,0.02
247376,0.02
247377,0.0
247378,0.02
247379,0.02
247380,0.07
247381,0.0
247382,0.0
247383,0.0
247384,0.03
247385,0.03
247386,0.01
247387,0.01
247388,0.04
247389,0.15
247390,0.01
247391,0.0
247392,0.03
247393,0.0
247394,0.03
247395,0.02
247396,0.01
247397,0.02
247398,0.0
247399,0.0
247400,0.03
247401,0.0
247402,0.02
247403,0.03
247404,0.02
247405,0.0
247406,0.0
247407,0.09
247408,0.0
247409,0.0
247410,0.0
247411,0.0
247412,0.01
247413,0.06
247414,0.07
247415,0.07
247416,0.0
247417,0.0
247418,0.02
247419,0.07
247420,0.0
247421,0.15
247422,0.0
247423,0.24
247424,0.03
247425,0.0
247426,0.11
247427,0.05
247428,0.01
247429,0.02
247430,0.01
247431,0.02
247432,0.0
247433,0.1
247434,0.04
247435,0.02
247436,0.01
247437,0.17
247438,0.01
247439,0.73
247440,0.16
247441,0.02
247442,0.5
247443,0.03
247444,0.01
247445,0.0
247446,0.0
247447,0.01
247448,0.01
247449,0.03
247450,0.0
247451,0.0
247452,0.0
247453,0.05
247454,0.03
247455,0.02
247456,0.02
247457,0.06
247458,0.05
247459,0.03
247460,0.01
247461,0.02
247462,0.03
247463,0.0
247464,0.68
247465,0.0
247466,0.03
247467,0.03
247468,0.0
247469,0.08
247470,0.07
247471,0.48
247472,0.01
247473,0.0
247474,0.04
247475,0.01
247476,0.0
247477,0.01
247478,0.03
247479,0.0
247480,0.0
247481,0.05
247482,0.01
247483,0.04
247484,0.05
247485,0.01
247486,0.32
247487,0.01
247488,0.0
247489,0.0
247490,0.44
247491,0.01
247492,0.05
247493,0.0
247494,0.0
247495,0.01
247496,0.01
247497,0.01
247498,0.0
247499,0.0
247500,0.01
247501,0.0
247502,0.07
247503,0.03
247504,0.15
247505,0.01
247506,0.29
247507,0.05
247508,0.02
247509,0.01
247510,0.0
247511,0.0
247512,0.4
247513,0.09
247514,0.02
247515,0.16
247516,0.0
247517,0.0
247518,0.06
247519,0.03
247520,0.06
247521,0.0
247522,0.04
247523,0.07
247524,0.01
247525,0.01
247526,0.05
247527,0.08
247528,0.01
247529,0.02
247530,0.01
247531,0.01
247532,0.0
247533,0.04
247534,0.0
247535,0.0
247536,0.01
247537,0.0
247538,0.0
247539,0.0
247540,0.03
247541,0.2
247542,0.24
247543,0.0
247544,0.04
247545,0.0
247546,0.03
247547,0.02
247548,0.01
247549,0.0
247550,0.03
247551,0.0
247552,0.01
247553,0.01
247554,0.01
247555,0.04
247556,0.0
247557,0.02
247558,0.03
247559,0.06
247560,0.06
247561,0.01
247562,0.02
247563,0.02
247564,0.0
247565,0.01
247566,0.0
247567,0.0
247568,0.05
247569,0.01
247570,0.03
247571,0.04
247572,0.0
247573,0.01
247574,0.0
247575,0.01
247576,0.01
247577,0.66
247578,0.0
247579,0.01
247580,0.07
247581,0.0
247582,0.02
247583,0.0
247584,0.01
247585,0.04
247586,0.0
247587,0.13
247588,0.01
247589,0.0
247590,0.0
247591,0.04
247592,0.01
247593,0.03
247594,0.19
247595,0.11
247596,0.0
247597,0.04
247598,0.01
247599,0.0
247600,0.02
247601,0.48
247602,0.01
247603,0.06
247604,0.02
247605,0.01
247606,0.03
247607,0.02
247608,0.09
247609,0.13
247610,0.08
247611,0.04
247612,0.01
247613,0.06
247614,0.0
247615,0.0
247616,0.0
247617,0.01
247618,0.05
247619,0.04
247620,0.0
247621,0.01
247622,0.01
247623,0.0
247624,0.07
247625,0.37
247626,0.14
247627,0.21
247628,0.02
247629,0.0
247630,0.03
247631,0.01
247632,0.0
247633,0.01
247634,0.01
247635,0.0
247636,0.24
247637,0.02
247638,0.02
247639,0.04
247640,0.04
247641,0.08
247642,0.06
247643,0.18
247644,0.06
247645,0.01
247646,0.04
247647,0.0
247648,0.0
247649,0.0
247650,0.0
247651,0.06
247652,0.03
247653,0.01
247654,0.03
247655,0.0
247656,0.0
247657,0.02
247658,0.0
247659,0.0
247660,0.03
247661,0.01
247662,0.0
247663,0.24
247664,0.0
247665,0.03
247666,0.0
247667,0.01
247668,0.02
247669,0.01
247670,0.0
247671,0.0
247672,0.03
247673,0.0
247674,0.06
247675,0.04
247676,0.03
247677,0.01
247678,0.7
247679,0.02
247680,0.02
247681,0.0
247682,0.0
247683,0.0
247684,0.02
247685,0.06
247686,0.0
247687,0.28
247688,0.0
247689,0.02
247690,0.0
247691,0.01
247692,0.0
247693,0.1
247694,0.0
247695,0.01
247696,0.01
247697,0.01
247698,0.14
247699,0.39
247700,0.02
247701,0.03
247702,0.0
247703,0.02
247704,0.01
247705,0.0
247706,0.01
247707,0.0
247708,0.0
247709,0.29
247710,0.23
247711,0.0
247712,0.03
247713,0.01
247714,0.0
247715,0.0
247716,0.64
247717,0.02
247718,0.0
247719,0.05
247720,0.45
247721,0.03
247722,0.02
247723,0.0
247724,0.05
247725,0.06
247726,0.03
247727,0.02
247728,0.2
247729,0.03
247730,0.01
247731,0.0
247732,0.03
247733,0.05
247734,0.02
247735,0.0
247736,0.6
247737,0.07
247738,0.04
247739,0.01
247740,0.38
247741,0.02
247742,0.02
247743,0.01
247744,0.71
247745,0.02
247746,0.02
247747,0.0
247748,0.02
247749,0.28
247750,0.01
247751,0.02
247752,0.01
247753,0.0
247754,0.0
247755,0.04
247756,0.48
247757,0.07
247758,0.01
247759,0.05
247760,0.0
247761,0.01
247762,0.06
247763,0.01
247764,0.0
247765,0.0
247766,0.04
247767,0.0
247768,0.0
247769,0.05
247770,0.02
247771,0.05
247772,0.0
247773,0.01
247774,0.03
247775,0.0
247776,0.0
247777,0.01
247778,0.01
247779,0.05
247780,0.04
247781,0.01
247782,0.02
247783,0.01
247784,0.0
247785,0.0
247786,0.0
247787,0.01
247788,0.0
247789,0.0
247790,0.0
247791,0.0
247792,0.0
247793,0.07
247794,0.0
247795,0.03
247796,0.0
247797,0.0
247798,0.0
247799,0.02
247800,0.0
247801,0.09
247802,0.03
247803,0.0
247804,0.07
247805,0.0
247806,0.0
247807,0.01
247808,0.0
247809,0.03
247810,0.0
247811,0.04
247812,0.01
247813,0.04
247814,0.0
247815,0.0
247816,0.0
247817,0.0
247818,0.14
247819,0.05
247820,0.0
247821,0.01
247822,0.0
247823,0.0
247824,0.07
247825,0.0
247826,0.03
247827,0.02
247828,0.0
247829,0.01
247830,0.01
247831,0.01
247832,0.03
247833,0.02
247834,0.02
247835,0.01
247836,0.12
247837,0.05
247838,0.0
247839,0.0
247840,0.09
247841,0.01
247842,0.0
247843,0.0
247844,0.01
247845,0.03
247846,0.05
247847,0.04
247848,0.02
247849,0.02
247850,0.0
247851,0.01
247852,0.0
247853,0.04
247854,0.13
247855,0.0
247856,0.03
247857,0.02
247858,0.0
247859,0.06
247860,0.07
247861,0.06
247862,0.01
247863,0.01
247864,0.0
247865,0.03
247866,0.01
247867,0.0
247868,0.03
247869,0.0
247870,0.11
247871,0.97
247872,0.04
247873,0.0
247874,0.02
247875,0.0
247876,0.01
247877,0.11
247878,0.82
247879,0.01
247880,0.0
247881,0.06
247882,0.0
247883,0.0
247884,0.05
247885,0.01
247886,0.0
247887,0.04
247888,0.01
247889,0.01
247890,0.17
247891,0.03
247892,0.77
247893,0.93
247894,0.0
247895,0.01
247896,0.07
247897,0.04
247898,0.01
247899,0.01
247900,0.01
247901,0.0
247902,0.01
247903,0.0
247904,0.0
247905,0.01
247906,0.0
247907,0.0
247908,0.01
247909,0.0
247910,0.02
247911,0.06
247912,0.01
247913,0.0
247914,0.01
247915,0.09
247916,0.07
247917,0.17
247918,0.02
247919,0.05
247920,0.08
247921,0.0
247922,0.01
247923,0.0
247924,0.17
247925,0.0
247926,0.02
247927,0.69
247928,0.0
247929,0.01
247930,0.01
247931,0.05
247932,0.02
247933,0.01
247934,0.05
247935,0.08
247936,0.0
247937,0.01
247938,0.01
247939,0.08
247940,0.01
247941,0.05
247942,0.01
247943,0.0
247944,0.0
247945,0.02
247946,0.03
247947,0.0
247948,0.0
247949,0.09
247950,0.03
247951,0.13
247952,0.0
247953,0.01
247954,0.07
247955,0.76
247956,0.0
247957,0.01
247958,0.0
247959,0.01
247960,0.01
247961,0.32
247962,0.0
247963,0.01
247964,0.0
247965,0.01
247966,0.04
247967,0.03
247968,0.03
247969,0.14
247970,0.25
247971,0.01
247972,0.01
247973,0.01
247974,0.09
247975,0.43
247976,0.03
247977,0.08
247978,0.06
247979,0.01
247980,0.04
247981,0.01
247982,0.0
247983,0.0
247984,0.02
247985,0.05
247986,0.0
247987,0.03
247988,0.04
247989,0.03
247990,0.01
247991,0.0
247992,0.01
247993,0.02
247994,0.01
247995,0.01
247996,0.0
247997,0.0
247998,0.0
247999,0.01
248000,0.01
248001,0.01
248002,0.0
248003,0.03
248004,0.02
248005,0.01
248006,0.01
248007,0.01
248008,0.01
248009,0.07
248010,0.03
248011,0.33
248012,0.06
248013,0.0
248014,0.04
248015,0.02
248016,0.0
248017,0.0
248018,0.0
248019,0.02
248020,0.01
248021,0.02
248022,0.0
248023,0.09
248024,0.0
248025,0.02
248026,0.04
248027,0.9
248028,0.01
248029,0.02
248030,0.01
248031,0.01
248032,0.01
248033,0.0
248034,0.0
248035,0.04
248036,0.03
248037,0.035
248038,0.07
248039,0.0
248040,0.06
248041,0.01
248042,0.05
248043,0.01
248044,0.15
248045,0.0
248046,0.02
248047,0.03
248048,0.0
248049,0.01
248050,0.03
248051,0.02
248052,0.0
248053,0.0
248054,0.01
248055,0.0
248056,0.12
248057,0.0
248058,0.44
248059,0.0
248060,0.0
248061,0.0
248062,0.04
248063,0.0
248064,0.05
248065,0.02
248066,0.0
248067,0.0
248068,0.03
248069,0.0
248070,0.07
248071,0.0
248072,0.05
248073,0.01
248074,0.02
248075,0.01
248076,0.21
248077,0.02
248078,0.02
248079,0.0
248080,0.02
248081,0.05
248082,0.0
248083,0.0
248084,0.01
248085,0.0
248086,0.02
248087,0.0
248088,0.0
248089,0.0
248090,0.0
248091,0.01
248092,0.22
248093,0.01
248094,0.03
248095,0.01
248096,0.0
248097,0.02
248098,0.0
248099,0.0125
248100,0.01
248101,0.01
248102,0.37
248103,0.01
248104,0.39
248105,0.01
248106,0.06
248107,0.0
248108,0.01
248109,0.04
248110,0.0
248111,0.02
248112,0.14833333333333334
248113,0.03
248114,0.0
248115,0.0
248116,0.0
248117,0.03
248118,0.01
248119,0.56
248120,0.01
248121,0.03
248122,0.0
248123,0.03
248124,0.0
248125,0.04
248126,0.02
248127,0.03
248128,0.04
248129,0.13
248130,0.01
248131,0.99
248132,0.0
248133,0.08
248134,0.04
248135,0.01
248136,0.0
248137,0.0
248138,0.02
248139,0.0
248140,0.01
248141,0.07
248142,0.31
248143,0.0
248144,0.01
248145,0.0
248146,0.0
248147,0.01
248148,0.0
248149,0.16
248150,0.0
248151,0.02
248152,0.0
248153,0.06
248154,0.01
248155,0.04
248156,0.0
248157,0.01
248158,0.17
248159,0.0
248160,0.0
248161,0.0
248162,0.02
248163,0.06
248164,0.09
248165,0.0
248166,0.06
248167,0.03
248168,0.01
248169,0.03
248170,0.06
248171,0.13
248172,0.02
248173,0.0
248174,0.03
248175,0.02
248176,0.03
248177,0.0
248178,0.01
248179,0.0
248180,0.01
248181,0.06
248182,0.03
248183,0.01
248184,0.02
248185,0.0
248186,0.0
248187,0.01
248188,0.19
248189,0.04
248190,0.01
248191,0.01
248192,0.85
248193,0.48
248194,0.03
248195,0.01
248196,0.01
248197,0.0
248198,0.0
248199,0.01
248200,0.28
248201,0.14
248202,0.03
248203,0.36
248204,0.01
248205,0.01
248206,0.0
248207,0.16
248208,0.07
248209,0.0
248210,0.0
248211,0.01
248212,0.0
248213,0.0
248214,0.05
248215,0.03
248216,0.17
248217,0.01
248218,0.21
248219,0.01
248220,0.05
248221,0.0
248222,0.05
248223,0.01
248224,0.01
248225,0.39
248226,0.0
248227,0.06
248228,0.01
248229,0.0
248230,0.01
248231,0.285
248232,0.1
248233,0.0
248234,0.02
248235,0.01
248236,0.01
248237,0.02
248238,0.01
248239,0.01
248240,0.01
248241,0.0
248242,0.06
248243,0.0
248244,0.01
248245,0.0
248246,0.02
248247,0.01
248248,0.01
248249,0.0
248250,0.01
248251,0.0
248252,0.02
248253,0.02
248254,0.03
248255,0.04
248256,0.41
248257,0.0
248258,0.01
248259,0.01
248260,0.01
248261,0.02
248262,0.02
248263,0.01
248264,0.09
248265,0.01
248266,0.01
248267,0.06
248268,0.0
248269,0.04
248270,0.0
248271,0.0
248272,0.0
248273,0.04
248274,0.04
248275,0.0
248276,0.0
248277,0.01
248278,0.0
248279,0.04
248280,0.75
248281,0.2
248282,0.0
248283,0.01
248284,0.44
248285,0.05
248286,0.0
248287,0.01
248288,0.1
248289,0.0
248290,0.03
248291,0.04
248292,0.175
248293,0.02
248294,0.04
248295,0.07
248296,0.02
248297,0.0
248298,0.08
248299,0.0
248300,0.01
248301,0.0
248302,0.0
248303,0.0
248304,0.0
248305,0.43
248306,0.11
248307,0.05
248308,0.02
248309,0.0
248310,0.0
248311,0.01
248312,0.0
248313,0.0
248314,0.01
248315,0.0
248316,0.0
248317,0.0
248318,0.02
248319,0.01
248320,0.97
248321,0.0
248322,0.01
248323,0.0
248324,0.0
248325,0.02
248326,0.01
248327,0.19
248328,0.0
248329,0.1
248330,0.0
248331,0.01
248332,0.0
248333,0.0
248334,0.01
248335,0.0
248336,0.0
248337,0.05
248338,0.0
248339,0.0
248340,0.04
248341,0.8
248342,0.1
248343,0.0
248344,0.02
248345,0.035
248346,0.0
248347,0.0
248348,0.0
248349,0.0
248350,0.01
248351,0.0
248352,0.01
248353,0.01
248354,0.02
248355,0.0
248356,0.01
248357,0.08
248358,0.07
248359,0.0
248360,0.0
248361,0.03
248362,0.02
248363,0.02
248364,0.0
248365,0.0
248366,0.15
248367,0.04
248368,0.02
248369,0.06
248370,0.01
248371,0.0
248372,0.0
248373,0.63
248374,0.0
248375,0.0
248376,0.01
248377,0.55
248378,0.04
248379,0.01
248380,0.01
248381,0.01
248382,0.06
248383,0.01
248384,0.03
248385,0.06
248386,0.02
248387,0.03
248388,0.0
248389,0.04
248390,0.03
248391,0.0
248392,0.03
248393,0.01
248394,0.02
248395,0.02
248396,0.0
248397,0.0
248398,0.0
248399,0.0
248400,0.21
248401,0.0
248402,0.03
248403,0.01
248404,0.02
248405,0.04
248406,0.02
248407,0.01
248408,0.04
248409,0.02
248410,0.02
248411,0.01
248412,0.03
248413,0.02
248414,0.01
248415,0.02
248416,0.0
248417,0.01
248418,0.05
248419,0.04
248420,0.05
248421,0.06
248422,0.01
248423,0.03
248424,0.03
248425,0.03
248426,0.03
248427,0.04
248428,0.0
248429,0.06
248430,0.01
248431,0.02
248432,0.0
248433,0.01
248434,0.01
248435,0.04
248436,0.01
248437,0.04
248438,0.02
248439,0.01
248440,0.02
248441,0.01
248442,0.0
248443,0.01
248444,0.01
248445,0.0
248446,0.01
248447,0.02
248448,0.32
248449,0.01
248450,0.02
248451,0.05
248452,0.03
248453,0.3483333333333334
248454,0.0
248455,0.02
248456,0.01
248457,0.04
248458,0.0
248459,0.01
248460,0.0
248461,0.0
248462,0.01
248463,0.05
248464,0.07
248465,0.0
248466,0.0
248467,0.0
248468,0.0
248469,0.0
248470,0.07833333333333332
248471,0.01
248472,0.07
248473,0.98
248474,0.01
248475,0.82
248476,0.01
248477,0.63
248478,0.0
248479,0.01
248480,0.0
248481,0.46
248482,0.0
248483,0.0
248484,0.84
248485,0.0
248486,0.01
248487,0.03
248488,0.03
248489,0.0
248490,0.01
248491,0.02
248492,0.0
248493,0.03
248494,0.0
248495,0.01
248496,0.12
248497,0.01
248498,0.03
248499,0.0
248500,0.04
248501,0.02
248502,0.02
248503,0.01
248504,0.01
248505,0.01
248506,0.03
248507,0.01
248508,0.01
248509,0.03
248510,0.0
248511,0.07
248512,0.98
248513,0.0
248514,0.17
248515,0.01
248516,0.0
248517,0.05
248518,0.02
248519,0.02
248520,0.94
248521,0.06
248522,0.0
248523,0.18
248524,0.02
248525,0.01
248526,0.01
248527,0.0
248528,0.0
248529,0.0
248530,0.02
248531,0.0
248532,0.01
248533,0.01
248534,0.0
248535,0.89
248536,0.0
248537,0.07
248538,0.01
248539,0.0
248540,0.15
248541,0.18
248542,0.0
248543,0.0
248544,0.0
248545,0.11
248546,0.11
248547,0.0
248548,0.22
248549,0.72
248550,0.01
248551,0.01
248552,0.09
248553,0.36
248554,0.05
248555,0.0
248556,0.12
248557,0.0
248558,0.0
248559,0.02
248560,0.01
248561,0.02
248562,0.11
248563,0.0
248564,0.05
248565,0.0
248566,0.08
248567,0.01
248568,0.0
248569,0.0
248570,0.24
248571,0.02
248572,0.0
248573,0.0
248574,0.02
248575,0.65
248576,0.0
248577,0.05
248578,0.01
248579,0.02
248580,0.01
248581,0.0
248582,0.02
248583,0.06
248584,0.01
248585,0.0
248586,0.0
248587,0.82
248588,0.05
248589,0.02
248590,0.03
248591,0.03
248592,0.0
248593,0.0
248594,0.08
248595,0.0
248596,0.02
248597,0.0
248598,0.1
248599,0.0
248600,0.61
248601,0.03
248602,0.0
248603,0.04
248604,0.01
248605,0.0
248606,0.03
248607,0.02
248608,0.04
248609,0.07
248610,0.44
248611,0.04
248612,0.0
248613,0.01
248614,0.0
248615,0.46
248616,0.01
248617,0.02
248618,0.0
248619,0.05
248620,0.0
248621,0.04
248622,0.0
248623,0.03
248624,0.05
248625,0.1
248626,0.16
248627,0.0
248628,0.02
248629,0.0
248630,0.01
248631,0.08
248632,0.01
248633,0.01
248634,0.02
248635,0.01
248636,0.03
248637,0.38
248638,0.01
248639,0.02
248640,0.0
248641,0.01
248642,0.0
248643,0.0
248644,0.05
248645,0.02
248646,0.0
248647,0.01
248648,0.37
248649,0.04
248650,0.03
248651,0.01
248652,0.17
248653,0.17
248654,0.02
248655,0.01
248656,0.09
248657,0.01
248658,0.0
248659,0.01
248660,0.02
248661,0.0
248662,0.0
248663,0.0
248664,0.03
248665,0.0
248666,0.02
248667,0.0
248668,0.0
248669,0.02
248670,0.0
248671,0.03
248672,0.0
248673,0.09
248674,0.0
248675,0.0
248676,0.16
248677,0.0
248678,0.18
248679,0.05
248680,0.01
248681,0.04
248682,0.05
248683,0.0
248684,0.09
248685,0.01
248686,0.0
248687,0.09
248688,0.0
248689,0.02
248690,0.13
248691,0.41
248692,0.0
248693,0.03
248694,0.13
248695,0.05
248696,0.0
248697,0.46
248698,0.0
248699,0.06
248700,0.23
248701,0.05
248702,0.66
248703,0.07
248704,0.06
248705,0.0
248706,0.02
248707,0.01
248708,0.0
248709,0.0
248710,0.0
248711,0.0
248712,0.0
248713,0.02
248714,0.11
248715,0.0
248716,0.04
248717,0.0
248718,0.0
248719,0.02
248720,0.01
248721,0.01
248722,0.0
248723,0.01
248724,0.25
248725,0.01
248726,0.0
248727,0.12
248728,0.01
248729,0.05
248730,0.01
248731,0.0
248732,0.01
248733,0.02
248734,0.01
248735,0.03
248736,0.03
248737,0.02
248738,0.52
248739,0.0
248740,0.01
248741,0.35
248742,0.03
248743,0.82
248744,0.03
248745,0.02
248746,0.03
248747,0.03
248748,0.05
248749,0.04
248750,0.83
248751,0.0
248752,0.04
248753,0.0
248754,0.0
248755,0.0
248756,0.0
248757,0.0
248758,0.99
248759,0.01
248760,0.0
248761,0.0
248762,0.0
248763,0.01
248764,0.01
248765,0.0
248766,0.04
248767,0.06
248768,0.05
248769,0.03
248770,0.02
248771,0.0
248772,0.03
248773,0.01
248774,0.02
248775,0.0
248776,0.01
248777,0.02
248778,0.03
248779,0.02
248780,0.0
248781,0.02
248782,0.01
248783,0.0
248784,0.19
248785,0.02
248786,0.0
248787,0.01
248788,0.04
248789,0.03
248790,0.01
248791,0.0
248792,0.03
248793,0.0
248794,0.02
248795,0.78
248796,0.97
248797,0.0
248798,0.01
248799,0.2
248800,0.0
248801,0.03
248802,0.02
248803,0.0
248804,0.01
248805,0.0
248806,0.0
248807,0.03
248808,0.93
248809,0.04
248810,0.16
248811,0.03
248812,0.07
248813,0.0
248814,0.02
248815,0.01
248816,0.11
248817,0.57
248818,0.1
248819,0.03
248820,0.01
248821,0.0
248822,0.01
248823,0.01
248824,0.2
248825,0.0
248826,0.02
248827,0.03
248828,0.01
248829,0.07
248830,0.01
248831,0.13
248832,0.0
248833,0.03
248834,0.67
248835,0.03
248836,0.0
248837,0.0
248838,0.03
248839,0.04
248840,0.01
248841,0.01
248842,0.08
248843,0.0
248844,0.0
248845,0.01
248846,0.17
248847,0.05
248848,0.02
248849,0.0
248850,0.0
248851,0.02
248852,0.05
248853,0.0
248854,0.01
248855,0.14
248856,0.01
248857,0.02
248858,0.0
248859,0.08
248860,0.0
248861,0.0
248862,0.01
248863,0.08
248864,0.79
248865,0.0
248866,0.0
248867,0.01
248868,0.02
248869,0.03
248870,0.0
248871,0.02
248872,0.01
248873,0.02
248874,0.03
248875,0.04
248876,0.0
248877,0.03
248878,0.03
248879,0.01
248880,0.0
248881,0.05
248882,0.05
248883,0.0
248884,0.01
248885,0.01
248886,0.03
248887,0.0
248888,0.62
248889,0.01
248890,0.0
248891,0.01
248892,0.03
248893,0.01
248894,0.02
248895,0.02
248896,0.0
248897,0.03
248898,0.07
248899,0.01
248900,0.66
248901,0.0
248902,0.0
248903,0.0
248904,0.02
248905,0.14
248906,0.0
248907,0.0
248908,0.01
248909,0.0
248910,0.02
248911,0.38
248912,0.0
248913,0.08
248914,0.0
248915,0.0
248916,0.04
248917,0.01
248918,0.04
248919,0.0
248920,0.0
248921,0.0
248922,0.01
248923,0.02
248924,0.0
248925,0.182
248926,0.0
248927,0.01
248928,0.01
248929,0.02
248930,0.0
248931,0.02
248932,0.01
248933,0.37
248934,0.04
248935,0.02
248936,0.01
248937,0.03
248938,0.06
248939,0.04
248940,0.01
248941,0.05
248942,0.02
248943,0.0
248944,0.01
248945,0.0
248946,0.01
248947,0.0
248948,0.08
248949,0.22
248950,0.02
248951,0.38
248952,0.0
248953,0.0
248954,0.0
248955,0.09
248956,0.0
248957,0.02
248958,0.0
248959,0.04
248960,0.0
248961,0.01
248962,0.08
248963,0.01
248964,0.03
248965,0.02
248966,0.02
248967,0.04
248968,0.01
248969,0.0
248970,0.02
248971,0.08
248972,0.05
248973,0.0
248974,0.02
248975,0.01
248976,0.04
248977,0.01
248978,0.9
248979,0.0
248980,0.04
248981,0.02
248982,0.0
248983,0.02
248984,0.0
248985,0.01
248986,0.01
248987,0.11
248988,0.01
248989,0.02
248990,0.02
248991,0.0
248992,0.06
248993,0.01
248994,0.01
248995,0.0
248996,0.0
248997,0.0
248998,0.03
248999,0.0
249000,0.0
249001,0.02333333333333333
249002,0.01
249003,0.02
249004,0.03
249005,0.0
249006,0.0
249007,0.01
249008,0.01
249009,0.0
249010,0.0
249011,0.01
249012,0.05
249013,0.01
249014,0.03
249015,0.0
249016,0.03
249017,0.01
249018,0.01
249019,0.02
249020,0.0
249021,0.0
249022,0.04
249023,0.0
249024,0.01
249025,0.0
249026,0.38
249027,0.01
249028,0.0
249029,0.01
249030,0.04
249031,0.01
249032,0.08
249033,0.0
249034,0.26
249035,0.0
249036,0.01
249037,0.03
249038,0.02
249039,0.0
249040,0.01
249041,0.08
249042,0.01
249043,0.0
249044,0.0
249045,0.0
249046,0.0
249047,0.59
249048,0.05
249049,0.02
249050,0.0
249051,0.0
249052,0.03
249053,0.01
249054,0.03
249055,0.02
249056,0.04
249057,0.02
249058,0.03
249059,0.0
249060,0.01
249061,0.04
249062,0.05
249063,0.04
249064,0.0
249065,0.0
249066,0.06
249067,0.0
249068,0.04
249069,0.07
249070,0.02
249071,0.05
249072,0.01
249073,0.01
249074,0.07
249075,0.03
249076,0.07
249077,0.0
249078,0.0
249079,0.0
249080,0.0
249081,0.02
249082,0.02
249083,0.02
249084,0.01
249085,0.01
249086,0.08
249087,0.0
249088,0.05
249089,0.0
249090,0.0
249091,0.0
249092,0.0
249093,0.0
249094,0.02
249095,0.01
249096,0.03
249097,0.02
249098,0.16
249099,0.01
249100,0.32
249101,0.0
249102,0.03
249103,0.01
249104,0.02
249105,0.0
249106,0.15
249107,0.0
249108,0.0
249109,0.0
249110,0.02
249111,0.0
249112,0.0
249113,0.03
249114,0.01
249115,0.91
249116,0.01
249117,0.05
249118,0.16
249119,0.02
249120,0.0
249121,0.08
249122,0.0
249123,0.01
249124,0.0
249125,0.18
249126,0.02
249127,0.03
249128,0.05
249129,0.0
249130,0.07
249131,0.09
249132,0.01
249133,0.02
249134,0.03
249135,0.89
249136,0.0
249137,0.14
249138,0.02
249139,0.01
249140,0.0
249141,0.0
249142,0.02
249143,0.09
249144,0.02
249145,0.01
249146,0.0
249147,0.0
249148,0.02
249149,0.0
249150,0.02
249151,0.09
249152,0.0
249153,0.04
249154,0.18
249155,0.12
249156,0.01
249157,0.06
249158,0.03
249159,0.02
249160,0.03
249161,0.0
249162,0.02
249163,0.02
249164,0.0
249165,0.33
249166,0.01
249167,0.02
249168,0.0
249169,0.0
249170,0.03
249171,0.39
249172,0.04
249173,0.01
249174,0.01
249175,0.03
249176,0.01
249177,0.0
249178,0.0
249179,0.02
249180,0.01
249181,0.01
249182,0.01
249183,0.02
249184,0.01
249185,0.01
249186,0.0
249187,0.02
249188,0.02
249189,0.0
249190,0.0
249191,0.06
249192,0.01
249193,0.0
249194,0.0
249195,0.1
249196,0.0
249197,0.0
249198,0.07
249199,0.0
249200,0.0
249201,0.0
249202,0.0
249203,0.02
249204,0.01
249205,0.38
249206,0.01
249207,0.02
249208,0.05
249209,0.0
249210,0.0
249211,0.0
249212,0.0
249213,0.02
249214,0.0
249215,0.01
249216,0.08
249217,0.01
249218,0.02
249219,0.02
249220,0.02
249221,0.92
249222,0.02
249223,0.01
249224,0.0
249225,0.0
249226,0.0
249227,0.07
249228,0.0
249229,0.03
249230,0.12
249231,0.06
249232,0.03
249233,0.0
249234,0.01
249235,0.0
249236,0.0
249237,0.01
249238,0.01
249239,0.29
249240,0.01
249241,0.0
249242,0.03
249243,0.06
249244,0.01
249245,0.0
249246,0.0
249247,0.01
249248,0.01
249249,0.0
249250,0.04
249251,0.0
249252,0.0
249253,0.0
249254,0.0
249255,0.02
249256,0.0
249257,0.0
249258,0.05
249259,0.0
249260,0.06
249261,0.0
249262,0.29
249263,0.01
249264,0.0225
249265,0.0
249266,0.01
249267,0.03
249268,0.0
249269,0.01
249270,0.01
249271,0.05
249272,0.0
249273,0.01
249274,0.02
249275,0.03
249276,0.01
249277,0.07
249278,0.01
249279,0.0
249280,0.0
249281,0.0
249282,0.03
249283,0.04
249284,0.04
249285,0.0
249286,0.0
249287,0.0
249288,0.0
249289,0.02
249290,0.0
249291,0.01
249292,0.03
249293,0.02
249294,0.03
249295,0.02333333333333333
249296,0.0
249297,0.02
249298,0.08
249299,0.06
249300,0.19
249301,0.01
249302,0.03
249303,0.01
249304,0.0
249305,0.12
249306,0.89
249307,0.01
249308,0.02
249309,0.0
249310,0.02
249311,0.0
249312,0.02
249313,0.0
249314,0.0
249315,0.03
249316,0.0
249317,0.02
249318,0.1
249319,0.0
249320,0.0
249321,0.07
249322,0.39
249323,0.02
249324,0.0
249325,0.07
249326,0.02
249327,0.0
249328,0.01
249329,0.05
249330,0.0
249331,0.0
249332,0.0
249333,0.01
249334,0.06
249335,0.0
249336,0.01
249337,0.18
249338,0.0
249339,0.01
249340,0.01
249341,0.37
249342,0.01
249343,0.0
249344,0.0
249345,0.02
249346,0.02
249347,0.03
249348,0.02
249349,0.01
249350,0.0
249351,0.0
249352,0.01
249353,0.0
249354,0.01
249355,0.0
249356,0.0
249357,0.0
249358,0.01
249359,0.0
249360,0.0
249361,0.12
249362,0.05
249363,0.0
249364,0.06
249365,0.0
249366,0.0
249367,0.05
249368,0.03
249369,0.02
249370,0.0
249371,0.01
249372,0.25
249373,0.01
249374,0.05
249375,0.0
249376,0.02
249377,0.04
249378,0.0
249379,0.0
249380,0.01
249381,0.02
249382,0.01
249383,0.01
249384,0.06
249385,0.03
249386,0.05
249387,0.0
249388,0.06
249389,0.0
249390,0.01
249391,0.05
249392,0.03
249393,0.14
249394,0.01
249395,0.01
249396,0.0
249397,0.02
249398,0.14
249399,0.1
249400,0.0
249401,0.04
249402,0.07
249403,0.08
249404,0.07
249405,0.0
249406,0.63
249407,0.0
249408,0.0
249409,0.01
249410,0.01
249411,0.01
249412,0.06
249413,0.0
249414,0.02
249415,0.02
249416,0.02
249417,0.0
249418,0.14
249419,0.01
249420,0.01
249421,0.03
249422,0.01
249423,0.0
249424,0.02
249425,0.01
249426,0.0
249427,0.04
249428,0.05
249429,0.65
249430,0.83
249431,0.3
249432,0.03
249433,0.48
249434,0.02
249435,0.0
249436,0.0
249437,0.39
249438,0.03
249439,0.03
249440,0.0
249441,0.08
249442,0.03
249443,0.0
249444,0.01
249445,0.04
249446,0.01
249447,0.05
249448,0.01
249449,0.13333333333333333
249450,0.03
249451,0.0
249452,0.0
249453,0.01
249454,0.0
249455,0.0
249456,0.06
249457,0.02
249458,0.0
249459,0.015
249460,0.1
249461,0.01
249462,0.01
249463,0.03
249464,0.23
249465,0.0
249466,0.05
249467,0.03
249468,0.03
249469,0.01
249470,0.08
249471,0.01
249472,0.01
249473,0.16
249474,0.0
249475,0.04
249476,0.01
249477,0.016
249478,0.01
249479,0.5
249480,0.02
249481,0.0
249482,0.0
249483,0.04
249484,0.02
249485,0.0
249486,0.01
249487,0.07
249488,0.0
249489,0.53
249490,0.79
249491,0.03
249492,0.03
249493,0.0
249494,0.02
249495,0.02
249496,0.01
249497,0.0
249498,0.03
249499,0.0
249500,0.02
249501,0.05
249502,0.11
249503,0.01
249504,0.0
249505,0.53
249506,0.01
249507,0.2
249508,0.01
249509,0.12
249510,0.01
249511,0.04
249512,0.08
249513,0.0
249514,0.0
249515,0.01
249516,0.0
249517,0.01
249518,0.01
249519,0.1
249520,0.01
249521,0.01
249522,0.0
249523,0.0
249524,0.0
249525,0.0
249526,0.03
249527,0.02
249528,0.05
249529,0.01
249530,0.24
249531,0.12
249532,0.0
249533,0.03
249534,0.0
249535,0.0
249536,0.01
249537,0.82
249538,0.0
249539,0.02
249540,0.01
249541,0.02
249542,0.05
249543,0.0
249544,0.03
249545,0.01
249546,0.0
249547,0.0
249548,0.03
249549,0.01
249550,0.01
249551,0.01
249552,0.0
249553,0.0
249554,0.26
249555,0.01
249556,0.0
249557,0.15
249558,0.04
249559,0.0
249560,0.065
249561,0.0
249562,0.01
249563,0.0
249564,0.02
249565,0.0
249566,0.01
249567,0.08
249568,0.18
249569,0.01
249570,0.01
249571,0.02
249572,0.0
249573,0.03
249574,0.01
249575,0.0
249576,0.0
249577,0.01
249578,0.03
249579,0.01
249580,0.0
249581,0.01
249582,0.0
249583,0.03
249584,0.05
249585,0.0
249586,0.0
249587,0.01
249588,0.04
249589,0.0
249590,0.02
249591,0.9
249592,0.0
249593,0.06
249594,0.0
249595,0.06
249596,0.85
249597,0.0
249598,0.0
249599,0.01
249600,0.01
249601,0.01
249602,0.02
249603,0.02
249604,0.05
249605,0.01
249606,0.05
249607,0.0
249608,0.03
249609,0.02
249610,0.04
249611,0.08
249612,0.05
249613,0.0
249614,0.47
249615,0.86
249616,0.0
249617,0.01
249618,0.0
249619,0.11
249620,0.0
249621,0.04
249622,0.03
249623,0.8
249624,0.0
249625,0.0
249626,0.01
249627,0.01
249628,0.0
249629,0.08
249630,0.01
249631,0.01
249632,0.01
249633,0.08
249634,0.01
249635,0.32
249636,0.01
249637,0.01
249638,0.0
249639,0.01
249640,0.77
249641,0.02
249642,0.08
249643,0.17
249644,0.0
249645,0.66
249646,0.01
249647,0.01
249648,0.04
249649,0.0
249650,0.2
249651,0.09
249652,0.0
249653,0.02
249654,0.15
249655,0.08
249656,0.04
249657,0.0
249658,0.04
249659,0.02
249660,0.01
249661,0.01
249662,0.0
249663,0.0
249664,0.05
249665,0.01
249666,0.0
249667,0.0
249668,0.01
249669,0.05
249670,0.04
249671,0.03
249672,0.0
249673,0.01
249674,0.01
249675,0.0
249676,0.07
249677,0.02
249678,0.0
249679,0.02
249680,0.02
249681,0.09
249682,0.0
249683,0.01
249684,0.01
249685,0.03
249686,0.65
249687,0.03
249688,0.15
249689,0.01
249690,0.02
249691,0.23
249692,0.01
249693,0.0
249694,0.05
249695,0.01
249696,0.27
249697,0.03
249698,0.0
249699,0.0
249700,0.06
249701,0.0
249702,0.0
249703,0.02
249704,0.02
249705,0.01
249706,0.02
249707,0.01
249708,0.0
249709,0.19
249710,0.01
249711,0.02
249712,0.1
249713,0.0
249714,0.01
249715,0.01
249716,0.02
249717,0.0
249718,0.0
249719,0.01
249720,0.0
249721,0.0
249722,0.0
249723,0.005
249724,0.02
249725,0.03
249726,0.06
249727,0.09
249728,0.04
249729,0.01
249730,0.05
249731,0.0
249732,0.02
249733,0.02
249734,0.03
249735,0.06
249736,0.0
249737,0.0
249738,0.0
249739,0.0
249740,0.01
249741,0.01
249742,0.01
249743,0.03
249744,0.01
249745,0.0
249746,0.0
249747,0.01
249748,0.0
249749,0.01
249750,0.05
249751,0.03
249752,0.0
249753,0.01
249754,0.0
249755,0.0
249756,0.01
249757,0.0
249758,0.3
249759,0.03
249760,0.0
249761,0.0
249762,0.02
249763,0.0
249764,0.03
249765,0.05
249766,0.96
249767,0.02
249768,0.02
249769,0.0
249770,0.09
249771,0.13
249772,0.33
249773,0.67
249774,0.47
249775,0.04
249776,0.01
249777,0.01
249778,0.32
249779,0.37
249780,0.03
249781,0.0
249782,0.02
249783,0.06
249784,0.01
249785,0.02
249786,0.06
249787,0.0
249788,0.01
249789,0.0
249790,0.05
249791,0.01
249792,0.06
249793,0.02
249794,0.55
249795,0.0
249796,0.0
249797,0.07
249798,0.04
249799,0.0
249800,0.01
249801,0.02
249802,0.02
249803,0.03
249804,0.0
249805,0.0
249806,0.0
249807,0.11
249808,0.01
249809,0.02
249810,0.0
249811,0.0
249812,0.4
249813,0.08
249814,0.02
249815,0.2
249816,0.07
249817,0.0
249818,0.0
249819,0.01
249820,0.0
249821,0.01
249822,0.01
249823,0.0
249824,0.0
249825,0.29
249826,0.06
249827,0.03
249828,0.01
249829,0.4042857142857143
249830,0.04
249831,0.01
249832,0.0
249833,0.01
249834,0.09
249835,0.01
249836,0.02
249837,0.0
249838,0.045
249839,0.09
249840,0.0
249841,0.02
249842,0.77
249843,0.01
249844,0.02
249845,0.0
249846,0.0
249847,0.03
249848,0.3
249849,0.02
249850,0.07
249851,0.01
249852,0.01
249853,0.01
249854,0.08
249855,0.01
249856,0.0
249857,0.01
249858,0.17
249859,0.02
249860,0.06
249861,0.0
249862,0.14
249863,0.57
249864,0.01
249865,0.04
249866,0.07
249867,0.02
249868,0.0
249869,0.82
249870,0.65
249871,0.0
249872,0.01
249873,0.02
249874,0.0
249875,0.02
249876,0.1
249877,0.0
249878,0.01
249879,0.03
249880,0.0
249881,0.0
249882,0.0
249883,0.0
249884,0.53
249885,0.0
249886,0.01
249887,0.01
249888,0.0
249889,0.03
249890,0.79
249891,0.0
249892,0.02
249893,0.09
249894,0.01
249895,0.02
249896,0.88
249897,0.0
249898,0.01
249899,0.06
249900,0.01
249901,0.03
249902,0.07
249903,0.01
249904,0.01
249905,0.01
249906,0.0
249907,0.0
249908,0.0
249909,0.01
249910,0.02
249911,0.58
249912,0.01
249913,0.04
249914,0.0
249915,0.0
249916,0.0
249917,0.34
249918,0.02
249919,0.16
249920,0.75
249921,0.12
249922,0.0
249923,0.0
249924,0.04
249925,0.0
249926,0.02
249927,0.02
249928,0.13
249929,0.01
249930,0.0
249931,0.01
249932,0.01
249933,0.0
249934,0.01
249935,0.73
249936,0.06
249937,0.03
249938,0.03
249939,0.0
249940,0.01
249941,0.01
249942,0.0
249943,0.0
249944,0.0
249945,0.07
249946,0.01
249947,0.0
249948,0.07
249949,0.01
249950,0.07
249951,0.0
249952,0.0
249953,0.02
249954,0.0
249955,0.05
249956,0.04
249957,0.0
249958,0.06
249959,0.0
249960,0.11
249961,0.0
249962,0.01
249963,0.03
249964,0.01
249965,0.02
249966,0.02
249967,0.04
249968,0.02
249969,0.0
249970,0.31
249971,0.12
249972,0.01
249973,0.0
249974,0.0
249975,0.05
249976,0.0
249977,0.19
249978,0.01
249979,0.02
249980,0.19
249981,0.0
249982,0.0
249983,0.09
249984,0.03
249985,0.01
249986,0.03
249987,0.01
249988,0.0
249989,0.04
249990,0.01
249991,0.0
249992,0.0
249993,0.04
249994,0.03
249995,0.08
249996,0.05
249997,0.01
249998,0.04
249999,0.01
250000,0.01
250001,0.0
250002,0.02
250003,0.03
250004,0.0
250005,0.0
250006,0.01
250007,0.03
250008,0.0
250009,0.0
250010,0.01
250011,0.03
250012,0.0
250013,0.02
250014,0.0
250015,0.0
250016,0.0
250017,0.02
250018,0.01
250019,0.08
250020,0.0
250021,0.0
250022,0.0
250023,0.01
250024,0.0
250025,0.06
250026,0.02
250027,0.0
250028,0.05
250029,0.02
250030,0.11
250031,0.04
250032,0.01
250033,0.0
250034,0.0
250035,0.01
250036,0.01
250037,0.01
250038,0.0
250039,0.01
250040,0.24
250041,0.01
250042,0.0
250043,0.13
250044,0.03
250045,0.0
250046,0.11
250047,0.0
250048,0.0
250049,0.0
250050,0.01
250051,0.0
250052,0.03
250053,0.0
250054,0.0
250055,0.03
250056,0.0
250057,0.0
250058,0.01
250059,0.0
250060,0.35
250061,0.01
250062,0.06
250063,0.01
250064,0.04
250065,0.76
250066,0.01
250067,0.0
250068,0.0
250069,0.03
250070,0.0
250071,0.0
250072,0.0
250073,0.05
250074,0.04
250075,0.0
250076,0.0
250077,0.05
250078,0.02
250079,0.0
250080,0.01
250081,0.02
250082,0.0
250083,0.06
250084,0.01
250085,0.0
250086,0.02
250087,0.06
250088,0.0
250089,0.01
250090,0.01
250091,0.0
250092,0.1
250093,0.0
250094,0.0
250095,0.0
250096,0.0
250097,0.02
250098,0.03
250099,0.08
250100,0.0
250101,0.0
250102,0.01
250103,0.02
250104,0.01
250105,0.0
250106,0.01
250107,0.0
250108,0.0
250109,0.0
250110,0.08
250111,0.1
250112,0.03
250113,0.01
250114,0.03
250115,0.0
250116,0.01
250117,0.82
250118,0.0
250119,0.01
250120,0.26
250121,0.0
250122,0.0
250123,0.0
250124,0.02
250125,0.02
250126,0.03
250127,0.02
250128,0.06
250129,0.06
250130,0.01
250131,0.06
250132,0.03
250133,0.01
250134,0.02
250135,0.02
250136,0.0
250137,0.0
250138,0.63
250139,0.0
250140,0.01
250141,0.0
250142,0.0
250143,0.13
250144,0.04
250145,0.0
250146,0.05
250147,0.03
250148,0.0
250149,0.02
250150,0.32
250151,0.06
250152,0.0
250153,0.54
250154,0.1
250155,0.0
250156,0.02
250157,0.0
250158,0.01
250159,0.0
250160,0.01
250161,0.0
250162,0.03
250163,0.0
250164,0.03
250165,0.04
250166,0.0
250167,0.03
250168,0.01
250169,0.01
250170,0.07
250171,0.02
250172,0.01
250173,0.0
250174,0.02
250175,0.04
250176,0.0
250177,0.0
250178,0.0
250179,0.03
250180,0.0
250181,0.0
250182,0.04
250183,0.01
250184,0.01
250185,0.06
250186,0.01
250187,0.01
250188,0.02
250189,0.0
250190,0.02
250191,0.04
250192,0.05
250193,0.02
250194,0.0
250195,0.0
250196,0.02
250197,0.01
250198,0.0
250199,0.02
250200,0.01
250201,0.0
250202,0.0
250203,0.09
250204,0.01
250205,0.0
250206,0.04
250207,0.03
250208,0.01
250209,0.03
250210,0.05
250211,0.0
250212,0.0
250213,0.0
250214,0.04
250215,0.0
250216,0.0
250217,0.01
250218,0.0
250219,0.0
250220,0.03
250221,0.0
250222,0.01
250223,0.0
250224,0.0
250225,0.04
250226,0.01
250227,0.03
250228,0.0
250229,0.02
250230,0.0
250231,0.01
250232,0.02
250233,0.01
250234,0.05
250235,0.03
250236,0.05
250237,0.0
250238,0.01
250239,0.05
250240,0.0
250241,0.01
250242,0.0
250243,0.03
250244,0.0
250245,0.02
250246,0.01
250247,0.0
250248,0.03
250249,0.0
250250,0.05
250251,0.0
250252,0.31
250253,0.67
250254,0.03
250255,0.01
250256,0.23
250257,0.0
250258,0.0
250259,0.03
250260,0.03
250261,0.02
250262,0.0
250263,0.01
250264,0.0
250265,0.02
250266,0.0
250267,0.08
250268,0.04
250269,0.02
250270,0.04
250271,0.01
250272,0.01
250273,0.0
250274,0.08
250275,0.0
250276,0.01
250277,0.12
250278,0.66
250279,0.0
250280,0.01
250281,0.19
250282,0.0
250283,0.23
250284,0.0
250285,0.0
250286,0.0
250287,0.03
250288,0.0
250289,0.01
250290,0.0
250291,0.01
250292,0.02
250293,0.01
250294,0.01
250295,0.15
250296,0.07
250297,0.03
250298,0.0
250299,0.02
250300,0.0
250301,0.03
250302,0.05
250303,0.28
250304,0.01
250305,0.02
250306,0.03
250307,0.45
250308,0.0
250309,0.01
250310,0.61
250311,0.02
250312,0.0
250313,0.0
250314,0.01
250315,0.05
250316,0.0
250317,0.09
250318,0.0
250319,0.06
250320,0.02
250321,0.0
250322,0.02
250323,0.04
250324,0.0
250325,0.0
250326,0.11
250327,0.42
250328,0.0
250329,0.07
250330,0.02
250331,0.0
250332,0.02
250333,0.04
250334,0.02
250335,0.0
250336,0.01
250337,0.05
250338,0.0
250339,0.03
250340,0.1
250341,0.01
250342,0.03
250343,0.0
250344,0.07
250345,0.01
250346,0.0
250347,0.02
250348,0.01
250349,0.04
250350,0.12
250351,0.0
250352,0.01
250353,0.0
250354,0.05
250355,0.01
250356,0.06
250357,0.01
250358,0.04
250359,0.17
250360,0.02
250361,0.67
250362,0.01
250363,0.0
250364,0.0
250365,0.03
250366,0.0
250367,0.02
250368,0.0
250369,0.21
250370,0.0
250371,0.0
250372,0.0
250373,0.05
250374,0.03
250375,0.04
250376,0.0
250377,0.02
250378,0.15
250379,0.0
250380,0.0
250381,0.03
250382,0.03
250383,0.01
250384,0.0
250385,0.0
250386,0.72
250387,0.01
250388,0.01
250389,0.0
250390,0.01
250391,0.04
250392,0.1
250393,0.02
250394,0.0
250395,0.01
250396,0.01
250397,0.07
250398,0.03
250399,0.07
250400,0.03
250401,0.22
250402,0.01
250403,0.04
250404,0.02
250405,0.0
250406,0.04
250407,0.02
250408,0.07
250409,0.0
250410,0.05
250411,0.0
250412,0.01
250413,0.07
250414,0.01
250415,0.0
250416,0.01
250417,0.01
250418,0.01
250419,0.04
250420,0.04
250421,0.04
250422,0.0
250423,0.01
250424,0.01
250425,0.0
250426,0.29
250427,0.08
250428,0.01
250429,0.0
250430,0.03
250431,0.01
250432,0.03
250433,0.01
250434,0.02
250435,0.01
250436,0.02
250437,0.02
250438,0.0
250439,0.73
250440,0.0
250441,0.0
250442,0.0
250443,0.03
250444,0.03
250445,0.86
250446,0.02
250447,0.0
250448,0.0
250449,0.0
250450,0.06
250451,0.0
250452,0.04
250453,0.01
250454,0.0
250455,0.4
250456,0.05
250457,0.01
250458,0.03
250459,0.04
250460,0.01
250461,0.02
250462,0.0
250463,0.0
250464,0.01
250465,0.0
250466,0.06
250467,0.01
250468,0.0
250469,0.03
250470,0.0
250471,0.06
250472,0.0
250473,0.01
250474,0.0
250475,0.0
250476,0.0
250477,0.0
250478,0.03
250479,0.06
250480,0.02
250481,0.01
250482,0.16
250483,0.0
250484,0.0
250485,0.16
250486,0.01
250487,0.01
250488,0.97
250489,0.02
250490,0.01
250491,0.02
250492,0.0
250493,0.02
250494,0.0
250495,0.0
250496,0.0
250497,0.02
250498,0.01
250499,0.03
250500,0.12
250501,0.01
250502,0.0
250503,0.02
250504,0.0
250505,0.0
250506,0.04
250507,0.26
250508,0.83
250509,0.07
250510,0.01
250511,0.0
250512,0.0
250513,0.03
250514,0.0
250515,0.0
250516,0.04
250517,0.01
250518,0.04
250519,0.0
250520,0.01
250521,0.04
250522,0.03
250523,0.07
250524,0.09
250525,0.0
250526,0.0
250527,0.01
250528,0.0
250529,0.04
250530,0.0
250531,0.09
250532,0.04
250533,0.04
250534,0.0
250535,0.1
250536,0.04
250537,0.0
250538,0.0
250539,0.0
250540,0.01
250541,0.01
250542,0.0
250543,0.0
250544,0.01
250545,0.0
250546,0.0
250547,0.06
250548,0.02
250549,0.08
250550,0.01
250551,0.01
250552,0.04
250553,0.0
250554,0.03
250555,0.73
250556,0.02
250557,0.04
250558,0.0
250559,0.01
250560,0.01
250561,0.02
250562,0.03
250563,0.01
250564,0.92
250565,0.0
250566,0.01
250567,0.07
250568,0.04
250569,0.0
250570,0.0
250571,0.0
250572,0.0
250573,0.0
250574,0.0
250575,0.93
250576,0.02
250577,0.02
250578,0.01
250579,0.0
250580,0.03
250581,0.02
250582,0.0
250583,0.01
250584,0.0
250585,0.04
250586,0.0
250587,0.02
250588,0.01
250589,0.0
250590,0.0
250591,0.05
250592,0.0
250593,0.01
250594,0.03
250595,0.01
250596,0.0
250597,0.01
250598,0.0
250599,0.03
250600,0.24
250601,0.01
250602,0.01
250603,0.02
250604,0.97
250605,0.21
250606,0.0
250607,0.0
250608,0.1
250609,0.11
250610,0.14
250611,0.0
250612,0.86
250613,0.01
250614,0.01
250615,0.02
250616,0.02
250617,0.09
250618,0.04
250619,0.05
250620,0.99
250621,0.0
250622,0.63
250623,0.04
250624,0.0
250625,0.0
250626,0.0
250627,0.0
250628,0.03
250629,0.09
250630,0.05
250631,0.02
250632,0.81
250633,0.03
250634,0.0
250635,0.0
250636,0.0
250637,0.02
250638,0.06
250639,0.0
250640,0.01
250641,0.01
250642,0.01
250643,0.02
250644,0.06
250645,0.05
250646,0.24
250647,0.95
250648,0.03
250649,0.05
250650,0.0
250651,0.14
250652,0.0
250653,0.01
250654,0.06
250655,0.08
250656,0.02
250657,0.02
250658,0.0
250659,0.0
250660,0.01
250661,0.34
250662,0.04
250663,0.03
250664,0.01
250665,0.0
250666,0.03
250667,0.92
250668,0.0
250669,0.12
250670,0.03
250671,0.05
250672,0.0
250673,0.0
250674,0.0
250675,0.01
250676,0.0
250677,0.03
250678,0.03
250679,0.0
250680,0.0
250681,0.0
250682,0.69
250683,0.02
250684,0.04
250685,0.01
250686,0.03
250687,0.05
250688,0.0
250689,0.07
250690,0.0
250691,0.03
250692,0.0
250693,0.0
250694,0.05
250695,0.0
250696,0.05
250697,0.05
250698,0.0
250699,0.02
250700,0.0
250701,0.0
250702,0.07
250703,0.01
250704,0.0
250705,0.03
250706,0.03
250707,0.18
250708,0.06
250709,0.03
250710,0.0
250711,0.01
250712,0.0
250713,0.0
250714,0.79
250715,0.0
250716,0.0
250717,0.01
250718,0.12
250719,0.0
250720,0.0
250721,0.01
250722,0.01
250723,0.0
250724,0.01
250725,0.16
250726,0.99
250727,0.18666666666666665
250728,0.07
250729,0.0
250730,0.02
250731,0.05
250732,0.0
250733,0.0
250734,0.43
250735,0.0
250736,0.0
250737,0.0
250738,0.03
250739,0.03
250740,0.01
250741,0.0
250742,0.04
250743,0.0
250744,0.01
250745,0.0
250746,0.01
250747,0.48
250748,0.02
250749,0.01
250750,0.01
250751,0.0
250752,0.01
250753,0.04
250754,0.01
250755,0.01
250756,0.12
250757,0.0
250758,0.0
250759,0.05
250760,0.08
250761,0.0
250762,0.0
250763,0.02
250764,0.05
250765,0.04
250766,0.0
250767,0.23
250768,0.01
250769,0.01
250770,0.02
250771,0.0
250772,0.0
250773,0.0
250774,0.0
250775,0.01
250776,0.0
250777,0.06
250778,0.0
250779,0.0
250780,0.03
250781,0.04
250782,0.01
250783,0.0
250784,0.42
250785,0.03
250786,0.05
250787,0.01
250788,0.01
250789,0.03
250790,0.01
250791,0.02
250792,0.0
250793,0.0
250794,0.0
250795,0.0
250796,0.01
250797,0.01
250798,0.08
250799,0.01
250800,0.0
250801,0.77
250802,0.01
250803,0.06
250804,0.03
250805,0.04
250806,0.0
250807,0.01
250808,0.29
250809,0.3
250810,0.01
250811,0.01
250812,0.08
250813,0.01
250814,0.03
250815,0.03
250816,0.0
250817,0.0
250818,0.01
250819,0.79
250820,0.0
250821,0.01
250822,0.0
250823,0.04
250824,0.01
250825,0.03
250826,0.0
250827,0.14
250828,0.05
250829,0.0
250830,0.73
250831,0.0
250832,0.03
250833,0.01
250834,0.02
250835,0.03
250836,0.0
250837,0.0
250838,0.03
250839,0.01
250840,0.01
250841,0.02
250842,0.0
250843,0.01
250844,0.0
250845,0.02
250846,0.07
250847,0.01
250848,0.08
250849,0.0
250850,0.01
250851,0.0
250852,0.04
250853,0.02
250854,0.06
250855,0.0
250856,0.0
250857,0.0
250858,0.03
250859,0.0
250860,0.02
250861,0.03
250862,0.01
250863,0.0
250864,0.03
250865,0.02
250866,0.0
250867,0.03
250868,0.0
250869,0.0
250870,0.02
250871,0.0
250872,0.26
250873,0.0
250874,0.04
250875,0.0
250876,0.04
250877,0.09
250878,0.01
250879,0.02
250880,0.02
250881,0.05
250882,0.07
250883,0.0
250884,0.01
250885,0.01
250886,0.05
250887,0.09
250888,0.01
250889,0.03
250890,0.0
250891,0.0
250892,0.0
250893,0.09
250894,0.92
250895,0.02
250896,0.02
250897,0.01
250898,0.0
250899,0.03
250900,0.05
250901,0.0
250902,0.0
250903,0.0
250904,0.03
250905,0.0
250906,0.0
250907,0.07
250908,0.0
250909,0.03
250910,0.01
250911,0.0
250912,0.02
250913,0.0
250914,0.96
250915,0.0
250916,0.01
250917,0.075
250918,0.01
250919,0.0
250920,0.06
250921,0.01
250922,0.0
250923,0.0
250924,0.04
250925,0.14
250926,0.02
250927,0.0
250928,0.02
250929,0.94
250930,0.0
250931,0.01
250932,0.0
250933,0.01
250934,0.02
250935,0.03
250936,0.0
250937,0.03
250938,0.01
250939,0.0
250940,0.75
250941,0.0
250942,0.02
250943,0.01
250944,0.0
250945,0.09
250946,0.41
250947,0.01
250948,0.01
250949,0.03
250950,0.0
250951,0.07
250952,0.09
250953,0.0
250954,0.07
250955,0.02
250956,0.04
250957,0.0
250958,0.02
250959,0.01
250960,0.01
250961,0.0
250962,0.01
250963,0.02
250964,0.02
250965,0.0
250966,0.01
250967,0.03
250968,0.0
250969,0.0
250970,0.02
250971,0.02
250972,0.0
250973,0.07
250974,0.02
250975,0.0
250976,0.0
250977,0.04
250978,0.02
250979,0.08
250980,0.01
250981,0.02
250982,0.0
250983,0.01
250984,0.01
250985,0.01
250986,0.02
250987,0.0
250988,0.03
250989,0.02
250990,0.0
250991,0.01
250992,0.0
250993,0.0
250994,0.0
250995,0.06
250996,0.01
250997,0.04
250998,0.01
250999,0.02
251000,0.04
251001,0.02
251002,0.02
251003,0.0
251004,0.73
251005,0.0
251006,0.03
251007,0.04
251008,0.0
251009,0.03
251010,0.0
251011,0.18
251012,0.04
251013,0.02
251014,0.0
251015,0.01
251016,0.01
251017,0.06
251018,0.0
251019,0.02
251020,0.01
251021,0.4
251022,0.05
251023,0.0
251024,0.01
251025,0.02
251026,0.06
251027,0.0
251028,0.33
251029,0.07
251030,0.01
251031,0.04
251032,0.06
251033,0.0
251034,0.0
251035,0.01
251036,0.01
251037,0.01
251038,0.03
251039,0.0
251040,0.28
251041,0.02
251042,0.01
251043,0.07
251044,0.0
251045,0.0
251046,0.01
251047,0.01
251048,0.01
251049,0.01
251050,0.0
251051,0.01
251052,0.0
251053,0.0
251054,0.01
251055,0.01
251056,0.0
251057,0.04
251058,0.21
251059,0.465
251060,0.4
251061,0.01
251062,0.04
251063,0.76
251064,0.01
251065,0.01
251066,0.05
251067,0.0
251068,0.02
251069,0.0
251070,0.03
251071,0.02
251072,0.01
251073,0.01
251074,0.0
251075,0.0
251076,0.0
251077,0.04
251078,0.0
251079,0.05
251080,0.0
251081,0.0
251082,0.01
251083,0.01
251084,0.0
251085,0.02
251086,0.01
251087,0.96
251088,0.04
251089,0.01
251090,0.0
251091,0.0
251092,0.01
251093,0.35
251094,0.01
251095,0.11
251096,0.02
251097,0.0
251098,0.01
251099,0.03
251100,0.0
251101,0.04
251102,0.01
251103,0.03
251104,0.0
251105,0.01
251106,0.01
251107,0.08
251108,0.0
251109,0.0
251110,0.0
251111,0.05
251112,0.02
251113,0.06
251114,0.02
251115,0.0
251116,0.01
251117,0.02
251118,0.06
251119,0.14
251120,0.04
251121,0.1
251122,0.02
251123,0.22
251124,0.03
251125,0.0
251126,0.02
251127,0.07
251128,0.0
251129,0.01
251130,0.01
251131,0.03
251132,0.0
251133,0.01
251134,0.02
251135,0.003333333333333333
251136,0.02
251137,0.04
251138,0.0
251139,0.01
251140,0.04
251141,0.01
251142,0.03
251143,0.0
251144,0.0
251145,0.03
251146,0.0
251147,0.0
251148,0.01
251149,0.21
251150,0.03
251151,0.0
251152,0.0
251153,0.02
251154,0.0
251155,0.36
251156,0.0
251157,0.0
251158,0.01
251159,0.0
251160,0.04
251161,0.01
251162,0.01
251163,0.0
251164,0.0
251165,0.02
251166,0.652
251167,0.15
251168,0.0
251169,0.03
251170,0.0
251171,0.02
251172,0.07
251173,0.0
251174,0.0
251175,0.59
251176,0.0
251177,0.04
251178,0.12
251179,0.02
251180,0.0
251181,0.69
251182,0.0
251183,0.0
251184,0.0
251185,0.0
251186,0.16
251187,0.05
251188,0.0
251189,0.01
251190,0.06
251191,0.02
251192,0.02
251193,0.0
251194,0.0
251195,0.06
251196,0.0
251197,0.02
251198,0.01
251199,0.01
251200,0.02
251201,0.02
251202,0.0
251203,0.37
251204,0.42
251205,0.03
251206,0.3
251207,0.0
251208,0.01
251209,0.03
251210,0.01
251211,0.02
251212,0.0
251213,0.02
251214,0.0
251215,0.01
251216,0.0
251217,0.02
251218,0.1
251219,0.02
251220,0.03
251221,0.03
251222,0.0
251223,0.04
251224,0.03
251225,0.0
251226,0.01
251227,0.16
251228,0.0
251229,0.04
251230,0.0
251231,0.0
251232,0.01
251233,0.0
251234,0.01
251235,0.03
251236,0.0225
251237,0.0
251238,0.0
251239,0.0
251240,0.01
251241,0.01
251242,0.0
251243,0.01
251244,0.0
251245,0.01
251246,0.01
251247,0.0
251248,0.02
251249,0.02
251250,0.07
251251,0.0
251252,0.42
251253,0.48
251254,0.02
251255,0.02
251256,0.01
251257,0.04
251258,0.0
251259,0.0
251260,0.0
251261,0.0
251262,0.51
251263,0.0
251264,0.03
251265,0.01
251266,0.0
251267,0.0
251268,0.02
251269,0.01
251270,0.61
251271,0.0
251272,0.02
251273,0.03
251274,0.02
251275,0.0
251276,0.23
251277,0.02
251278,0.01
251279,0.03
251280,0.0
251281,0.02
251282,0.0
251283,0.07
251284,0.01
251285,0.01
251286,0.07
251287,0.01
251288,0.01
251289,0.04
251290,0.01
251291,0.01
251292,0.0
251293,0.0
251294,0.01
251295,0.04
251296,0.01
251297,0.05
251298,0.0
251299,0.82
251300,0.03
251301,0.01
251302,0.0
251303,0.01
251304,0.01
251305,0.0
251306,0.01
251307,0.02
251308,0.0
251309,0.0
251310,0.08
251311,0.01
251312,0.05
251313,0.01
251314,0.01
251315,0.02
251316,0.02
251317,0.22
251318,0.0
251319,0.0
251320,0.0
251321,0.0
251322,0.12
251323,0.0
251324,0.0
251325,0.02
251326,0.02
251327,0.05
251328,0.06
251329,0.0
251330,0.0
251331,0.05
251332,0.1
251333,0.04
251334,0.21
251335,0.9
251336,0.04
251337,0.83
251338,0.05
251339,0.03
251340,0.05
251341,0.11
251342,0.02
251343,0.04
251344,0.06
251345,0.0
251346,0.03
251347,0.0
251348,0.0
251349,0.32
251350,0.07
251351,0.03
251352,0.09
251353,0.03
251354,0.0
251355,0.05
251356,0.0
251357,0.04
251358,0.0
251359,0.3
251360,0.0
251361,0.01
251362,0.04
251363,0.0
251364,0.0
251365,0.01
251366,0.0
251367,0.06
251368,0.01
251369,0.51
251370,0.0
251371,0.02
251372,0.0
251373,0.04
251374,0.0
251375,0.05
251376,0.0
251377,0.0
251378,0.02
251379,0.48
251380,0.01
251381,0.04
251382,0.02
251383,0.04
251384,0.0
251385,0.01
251386,0.08
251387,0.0
251388,0.08
251389,0.0
251390,0.01
251391,0.0
251392,0.0
251393,0.0
251394,0.02
251395,0.01
251396,0.02
251397,0.0
251398,0.34
251399,0.01
251400,0.04
251401,0.0
251402,0.07
251403,0.01
251404,0.03
251405,0.05
251406,0.0
251407,0.0
251408,0.0
251409,0.0
251410,0.0
251411,0.0
251412,0.04
251413,0.01
251414,0.0
251415,0.0
251416,0.03
251417,0.09
251418,0.02
251419,0.02
251420,0.0
251421,0.0
251422,0.02
251423,0.0
251424,0.0
251425,0.09
251426,0.0
251427,0.0
251428,0.08
251429,0.0
251430,0.01
251431,0.0
251432,0.73
251433,0.06
251434,0.02
251435,0.55
251436,0.09
251437,0.0
251438,0.02
251439,0.0
251440,0.02
251441,0.1
251442,0.0
251443,0.0
251444,0.01
251445,0.03
251446,0.0
251447,0.01
251448,0.0
251449,0.0
251450,0.30566666666666664
251451,0.02
251452,0.12
251453,0.02
251454,0.02
251455,0.0
251456,0.01
251457,0.02
251458,0.0
251459,0.72
251460,0.04
251461,0.0
251462,0.01
251463,0.0
251464,0.0
251465,0.02
251466,0.0
251467,0.0
251468,0.02
251469,0.0
251470,0.0
251471,0.6183333333333334
251472,0.01
251473,0.0
251474,0.02
251475,0.4335
251476,0.01
251477,0.0
251478,0.0
251479,0.0
251480,0.01
251481,0.03
251482,0.01
251483,0.01
251484,0.02
251485,0.14
251486,0.06
251487,0.11
251488,0.21
251489,0.0
251490,0.08
251491,0.01
251492,0.01
251493,0.04
251494,0.01
251495,0.01
251496,0.01
251497,0.02
251498,0.0
251499,0.0
251500,0.0
251501,0.01
251502,0.0
251503,0.0
251504,0.01
251505,0.07
251506,0.01
251507,0.04
251508,0.01
251509,0.0
251510,0.0
251511,0.91
251512,0.89
251513,0.01
251514,0.0
251515,0.07
251516,0.0
251517,0.0
251518,0.0
251519,0.17
251520,0.01
251521,0.03
251522,0.01
251523,0.0
251524,0.08
251525,0.0
251526,0.02
251527,0.0
251528,0.03
251529,0.01
251530,0.0
251531,0.01
251532,0.05
251533,0.0
251534,0.02
251535,0.01
251536,0.0
251537,0.13
251538,0.04
251539,0.31
251540,0.01
251541,0.01
251542,0.04
251543,0.53
251544,0.08
251545,0.0
251546,0.3
251547,0.0
251548,0.01
251549,0.0
251550,0.01
251551,0.0
251552,0.02
251553,0.0
251554,0.01
251555,0.0
251556,0.04
251557,0.0
251558,0.48
251559,0.0
251560,0.05
251561,0.01
251562,0.01
251563,0.02
251564,0.0
251565,0.01
251566,0.01
251567,0.02
251568,0.0
251569,0.0
251570,0.09
251571,0.0
251572,0.02
251573,0.08
251574,0.01
251575,0.05
251576,0.0
251577,0.07
251578,0.0
251579,0.02
251580,0.1
251581,0.01
251582,0.03
251583,0.25
251584,0.03
251585,0.01
251586,0.02
251587,0.0
251588,0.02
251589,0.0
251590,0.05
251591,0.0
251592,0.0
251593,0.02
251594,0.87
251595,0.2
251596,0.0
251597,0.02
251598,0.13
251599,0.04
251600,0.02
251601,0.95
251602,0.0
251603,0.0
251604,0.67
251605,0.03
251606,0.05
251607,0.02
251608,0.0
251609,0.01
251610,0.0
251611,0.0
251612,0.01
251613,0.15
251614,0.11
251615,0.07
251616,0.04
251617,0.01
251618,0.0
251619,0.02
251620,0.02
251621,0.0
251622,0.01
251623,0.02
251624,0.01
251625,0.0
251626,0.09
251627,0.6
251628,0.0
251629,0.05
251630,0.01
251631,0.3
251632,0.01
251633,0.01
251634,0.01
251635,0.01
251636,0.03
251637,0.34
251638,0.83
251639,0.2733333333333333
251640,0.0
251641,0.0
251642,0.02
251643,0.0
251644,0.02
251645,0.0
251646,0.03
251647,0.02
251648,0.02
251649,0.01
251650,0.01
251651,0.0
251652,0.02
251653,0.09
251654,0.07
251655,0.0
251656,0.03
251657,0.22
251658,0.0
251659,0.02
251660,0.15
251661,0.0
251662,0.006666666666666666
251663,0.01
251664,0.0
251665,0.0
251666,0.05
251667,0.08
251668,0.02
251669,0.05
251670,0.05
251671,0.0
251672,0.01
251673,0.05
251674,0.01
251675,0.0
251676,0.01
251677,0.04
251678,0.0
251679,0.0
251680,0.02
251681,0.03
251682,0.0
251683,0.17
251684,0.08
251685,0.04
251686,0.05
251687,0.03
251688,0.0
251689,0.01
251690,0.02
251691,0.01
251692,0.0
251693,0.01
251694,0.06
251695,0.0
251696,0.51
251697,0.79
251698,0.01
251699,0.0
251700,0.0
251701,0.0
251702,0.0
251703,0.01
251704,0.01
251705,0.0
251706,0.01
251707,0.0
251708,0.04
251709,0.02
251710,0.1
251711,0.0
251712,0.95
251713,0.01
251714,0.02
251715,0.08
251716,0.0
251717,0.03
251718,0.0
251719,0.0
251720,0.03
251721,0.01
251722,0.01
251723,0.07
251724,0.06
251725,0.41
251726,0.0
251727,0.04
251728,0.02
251729,0.03
251730,0.0
251731,0.06
251732,0.0
251733,0.06
251734,0.0
251735,0.01
251736,0.05
251737,0.0
251738,0.07
251739,0.03
251740,0.01
251741,0.06
251742,0.0
251743,0.0
251744,0.07
251745,0.01
251746,0.02
251747,0.0
251748,0.07
251749,0.53
251750,0.0
251751,0.01
251752,0.0
251753,0.05
251754,0.07
251755,0.0
251756,0.0
251757,0.01
251758,0.0
251759,0.01
251760,0.02
251761,0.07
251762,0.01
251763,0.03
251764,0.0
251765,0.0
251766,0.0
251767,0.02
251768,0.27
251769,0.01
251770,0.0
251771,0.08
251772,0.0
251773,0.01
251774,0.01
251775,0.02
251776,0.0
251777,0.0
251778,0.08
251779,0.43
251780,0.0
251781,0.02
251782,0.0
251783,0.09
251784,0.02
251785,0.03
251786,0.02
251787,0.02
251788,0.32
251789,0.02
251790,0.51
251791,0.0
251792,0.0
251793,0.0
251794,0.0
251795,0.01
251796,0.0
251797,0.01
251798,0.0
251799,0.01
251800,0.0
251801,0.35
251802,0.01
251803,0.04
251804,0.07
251805,0.02
251806,0.01
251807,0.01
251808,0.03
251809,0.0
251810,0.0
251811,0.01
251812,0.04
251813,0.07
251814,0.04
251815,0.01
251816,0.01
251817,0.02
251818,0.0
251819,0.01
251820,0.0
251821,0.0
251822,0.0
251823,0.05
251824,0.0
251825,0.06
251826,0.02
251827,0.01
251828,0.04
251829,0.04
251830,0.0
251831,0.92
251832,0.0
251833,0.03
251834,0.04
251835,0.08
251836,0.0
251837,0.0
251838,0.0
251839,0.0
251840,0.013333333333333332
251841,0.01
251842,0.15
251843,0.0
251844,0.06
251845,0.05
251846,0.04
251847,0.0
251848,0.0
251849,0.0
251850,0.0
251851,0.03
251852,0.0
251853,0.0
251854,0.01
251855,0.09
251856,0.0
251857,0.06
251858,0.05
251859,0.06
251860,0.03
251861,0.01
251862,0.13
251863,0.0
251864,0.27
251865,0.01
251866,0.01
251867,0.02
251868,0.0
251869,0.02
251870,0.0
251871,0.01
251872,0.19
251873,0.02
251874,0.04
251875,0.01
251876,0.04
251877,0.01
251878,0.03
251879,0.01
251880,0.04
251881,0.03
251882,0.65
251883,0.87
251884,0.26
251885,0.02
251886,0.18
251887,0.05
251888,0.44
251889,0.14
251890,0.0
251891,0.0
251892,0.03
251893,0.03
251894,0.0
251895,0.95
251896,0.0
251897,0.0
251898,0.06
251899,0.03
251900,0.01
251901,0.0
251902,0.0
251903,0.0
251904,0.22
251905,0.7
251906,0.01
251907,0.04
251908,0.04
251909,0.01
251910,0.0
251911,0.0
251912,0.04
251913,0.15
251914,0.0
251915,0.0
251916,0.0
251917,0.02
251918,0.04
251919,0.02
251920,0.01
251921,0.02
251922,0.0
251923,0.01
251924,0.06
251925,0.0
251926,0.01
251927,0.03
251928,0.03
251929,0.0
251930,0.0
251931,0.01
251932,0.01
251933,0.0
251934,0.06
251935,0.01
251936,0.02
251937,0.0425
251938,0.0
251939,0.02
251940,0.03
251941,0.02
251942,0.01
251943,0.04
251944,0.01
251945,0.0
251946,0.0
251947,0.01
251948,0.0
251949,0.03
251950,0.0
251951,0.0
251952,0.0
251953,0.0
251954,0.14
251955,0.03
251956,0.006666666666666666
251957,0.8
251958,0.07
251959,0.0
251960,0.32
251961,0.23
251962,0.0
251963,0.01
251964,0.03
251965,0.02
251966,0.0
251967,0.01
251968,0.01
251969,0.01
251970,0.0
251971,0.83
251972,0.02
251973,0.02
251974,0.0
251975,0.0
251976,0.02
251977,0.0
251978,0.01
251979,0.06
251980,0.03
251981,0.0
251982,0.0
251983,0.08
251984,0.01
251985,0.01
251986,0.01
251987,0.03
251988,0.0
251989,0.01
251990,0.01
251991,0.01
251992,0.03
251993,0.02
251994,0.46
251995,0.01
251996,0.03
251997,0.02
251998,0.0
251999,0.02
252000,0.02
252001,0.75
252002,0.01
252003,0.01
252004,0.08
252005,0.05
252006,0.01
252007,0.04
252008,0.05
252009,0.01
252010,0.76
252011,0.0
252012,0.0
252013,0.04
252014,0.0
252015,0.0
252016,0.01
252017,0.01
252018,0.03
252019,0.0
252020,0.0
252021,0.01
252022,0.01
252023,0.1
252024,0.09
252025,0.05
252026,0.02
252027,0.0
252028,0.0
252029,0.01
252030,0.02
252031,0.0
252032,0.04
252033,0.0
252034,0.06
252035,0.07
252036,0.04
252037,0.0
252038,0.0
252039,0.01
252040,0.02
252041,0.03
252042,0.0
252043,0.01
252044,0.7
252045,0.06
252046,0.03
252047,0.0
252048,0.45
252049,0.0
252050,0.14
252051,0.04
252052,0.0
252053,0.03
252054,0.0
252055,0.0
252056,0.01
252057,0.17
252058,0.05
252059,0.0
252060,0.02
252061,0.06
252062,0.01
252063,0.0
252064,0.0
252065,0.0
252066,0.04
252067,0.0
252068,0.0
252069,0.18
252070,0.11
252071,0.03
252072,0.01
252073,0.01
252074,0.08
252075,0.04
252076,0.0
252077,0.93
252078,0.0
252079,0.01
252080,0.0
252081,0.02
252082,0.07
252083,0.06
252084,0.01
252085,0.0
252086,0.01
252087,0.01
252088,0.0
252089,0.0
252090,0.01
252091,0.03
252092,0.0
252093,0.0
252094,0.01
252095,0.0
252096,0.01
252097,0.0
252098,0.05
252099,0.03
252100,0.0
252101,0.01
252102,0.02
252103,0.01
252104,0.0
252105,0.05
252106,0.02
252107,0.16
252108,0.03
252109,0.05
252110,0.08
252111,0.0
252112,0.03
252113,0.1
252114,0.9
252115,0.0
252116,0.0
252117,0.32
252118,0.96
252119,0.04
252120,0.01
252121,0.0
252122,0.0
252123,0.0
252124,0.01
252125,0.03
252126,0.04
252127,0.02
252128,0.11
252129,0.12
252130,0.01
252131,0.03
252132,0.0
252133,0.0
252134,0.03
252135,0.0
252136,0.01
252137,0.01
252138,0.02
252139,0.01
252140,0.35
252141,0.01
252142,0.0
252143,0.02
252144,0.03
252145,0.01
252146,0.04
252147,0.21
252148,0.11
252149,0.0
252150,0.06
252151,0.04
252152,0.0
252153,0.02
252154,0.47
252155,0.01
252156,0.0
252157,0.06
252158,0.0
252159,0.0
252160,0.02
252161,0.01
252162,0.01
252163,0.04
252164,0.0
252165,0.0
252166,0.17
252167,0.07
252168,0.0
252169,0.0
252170,0.43
252171,0.05
252172,0.02
252173,0.0
252174,0.03
252175,0.0
252176,0.0
252177,0.02
252178,0.5
252179,0.03
252180,0.0
252181,0.0
252182,0.02
252183,0.0
252184,0.01
252185,0.01
252186,0.01
252187,0.0
252188,0.04
252189,0.0
252190,0.02
252191,0.07
252192,0.0
252193,0.02
252194,0.0
252195,0.0
252196,0.0
252197,0.0
252198,0.0
252199,0.03
252200,0.51
252201,0.3
252202,0.11
252203,0.0
252204,0.01
252205,0.02
252206,0.02
252207,0.01
252208,0.01
252209,0.01
252210,0.04
252211,0.19
252212,0.01
252213,0.01
252214,0.15
252215,0.0
252216,0.0
252217,0.03
252218,0.02
252219,0.01
252220,0.03
252221,0.01
252222,0.06
252223,0.01
252224,0.06
252225,0.006666666666666666
252226,0.02
252227,0.0
252228,0.69
252229,0.02
252230,0.0
252231,0.02
252232,0.0
252233,0.01
252234,0.04
252235,0.04
252236,0.02
252237,0.02
252238,0.01
252239,0.0
252240,0.12
252241,0.0
252242,0.03
252243,0.02
252244,0.03
252245,0.03
252246,0.01
252247,0.03
252248,0.02
252249,0.06
252250,0.0
252251,0.01
252252,0.03
252253,0.15
252254,0.01
252255,0.0
252256,0.0
252257,0.0
252258,0.05
252259,0.07
252260,0.03
252261,0.02
252262,0.0
252263,0.0
252264,0.01
252265,0.7
252266,0.0
252267,0.03
252268,0.0
252269,0.0
252270,0.0
252271,0.0
252272,0.02
252273,0.02
252274,0.0
252275,0.0
252276,0.03
252277,0.03
252278,0.02
252279,0.08
252280,0.07
252281,0.0
252282,0.0
252283,0.55
252284,0.06
252285,0.04
252286,0.0
252287,0.03
252288,0.03
252289,0.02
252290,0.03
252291,0.03
252292,0.04
252293,0.72
252294,0.54
252295,0.06
252296,0.04
252297,0.06
252298,0.02
252299,0.01
252300,0.14
252301,0.48
252302,0.26
252303,0.0
252304,0.05
252305,0.08
252306,0.87
252307,0.04
252308,0.0
252309,0.01
252310,0.0
252311,0.03
252312,0.0
252313,0.06
252314,0.01
252315,0.06
252316,0.0
252317,0.01
252318,0.0
252319,0.02
252320,0.04
252321,0.01
252322,0.0
252323,0.01
252324,0.0
252325,0.43
252326,0.0
252327,0.01
252328,0.06
252329,0.0
252330,0.08
252331,0.0
252332,0.0
252333,0.0
252334,0.0
252335,0.0
252336,0.15
252337,0.03
252338,0.01
252339,0.02
252340,0.02
252341,0.01
252342,0.0
252343,0.0
252344,0.0
252345,0.02
252346,0.02
252347,0.07
252348,0.0
252349,0.01
252350,0.0
252351,0.02
252352,0.03
252353,0.07
252354,0.01
252355,0.01
252356,0.01
252357,0.29
252358,0.01
252359,0.02
252360,0.03
252361,0.0
252362,0.02
252363,0.0
252364,0.18
252365,0.02
252366,0.01
252367,0.22
252368,0.01
252369,0.0
252370,0.01
252371,0.01
252372,0.0
252373,0.06
252374,0.01
252375,0.09
252376,0.05
252377,0.0
252378,0.0
252379,0.01
252380,0.0
252381,0.0
252382,0.05
252383,0.04
252384,0.0
252385,0.01
252386,0.065
252387,0.0
252388,0.01
252389,0.03
252390,0.02
252391,0.02
252392,0.01
252393,0.08
252394,0.02
252395,0.92
252396,0.0
252397,0.01
252398,0.09
252399,0.5975
252400,0.07
252401,0.02
252402,0.02
252403,0.0
252404,0.0
252405,0.02
252406,0.0
252407,0.01
252408,0.03
252409,0.01
252410,0.0
252411,0.0
252412,0.08
252413,0.11
252414,0.0
252415,0.01
252416,0.0
252417,0.01
252418,0.02
252419,0.12
252420,0.02
252421,0.0
252422,0.13
252423,0.01
252424,0.01
252425,0.01
252426,0.02
252427,0.03
252428,0.0
252429,0.1
252430,0.05
252431,0.0
252432,0.2
252433,0.155
252434,0.38
252435,0.01
252436,0.01
252437,0.11
252438,0.0
252439,0.01
252440,0.08
252441,0.01
252442,0.06
252443,0.0
252444,0.87
252445,0.0
252446,0.01
252447,0.02
252448,0.0
252449,0.01
252450,0.01
252451,0.0
252452,0.02
252453,0.0
252454,0.01
252455,0.01
252456,0.02
252457,0.0
252458,0.0
252459,0.02
252460,0.0
252461,0.01
252462,0.01
252463,0.0
252464,0.02
252465,0.03
252466,0.01
252467,0.0
252468,0.01
252469,0.0
252470,0.08
252471,0.06
252472,0.01
252473,0.0
252474,0.0
252475,0.0
252476,0.99
252477,0.0
252478,0.01
252479,0.0
252480,0.01
252481,0.08
252482,0.0
252483,0.05
252484,0.0
252485,0.0
252486,0.19
252487,0.0
252488,0.01
252489,0.1
252490,0.02
252491,0.38
252492,0.04
252493,0.03
252494,0.0
252495,0.02
252496,0.01
252497,0.43
252498,0.02
252499,0.0
252500,0.0
252501,0.03
252502,0.02
252503,0.77
252504,0.0
252505,0.01
252506,0.02
252507,0.01
252508,0.02
252509,0.0
252510,0.0
252511,0.0
252512,0.0
252513,0.0
252514,0.09
252515,0.02
252516,0.0
252517,0.02
252518,0.0
252519,0.02
252520,0.04
252521,0.03
252522,0.01
252523,0.0
252524,0.46
252525,0.08
252526,0.45
252527,0.03
252528,0.0
252529,0.03
252530,0.0
252531,0.02
252532,0.0
252533,0.42
252534,0.54
252535,0.06
252536,0.0
252537,0.01
252538,0.02
252539,0.01
252540,0.02
252541,0.0
252542,0.0
252543,0.01
252544,0.02
252545,0.06
252546,0.02
252547,0.03
252548,0.0
252549,0.0
252550,0.1
252551,0.0
252552,0.02
252553,0.0
252554,0.01
252555,0.03
252556,0.06333333333333332
252557,0.59
252558,0.0
252559,0.0
252560,0.01
252561,0.0
252562,0.0
252563,0.03
252564,0.02
252565,0.0
252566,0.0
252567,0.0
252568,0.0
252569,0.0
252570,0.02
252571,0.03
252572,0.01
252573,0.0
252574,0.04
252575,0.02
252576,0.03
252577,0.0
252578,0.03
252579,0.05
252580,0.1
252581,0.0
252582,0.0
252583,0.03
252584,0.03
252585,0.07
252586,0.68
252587,0.03
252588,0.01
252589,0.01
252590,0.05
252591,0.1
252592,0.03
252593,0.0
252594,0.0
252595,0.0
252596,0.0
252597,0.0
252598,0.04
252599,0.2
252600,0.02
252601,0.01
252602,0.01
252603,0.0
252604,0.04
252605,0.03
252606,0.06
252607,0.0
252608,0.03
252609,0.2
252610,0.0
252611,0.01
252612,0.01
252613,0.01
252614,0.1
252615,0.01
252616,0.0
252617,0.84
252618,0.0
252619,0.01
252620,0.0
252621,0.55
252622,0.035
252623,0.0
252624,0.0
252625,0.04
252626,0.63
252627,0.0
252628,0.05
252629,0.0
252630,0.11
252631,0.0
252632,0.04
252633,0.01
252634,0.0
252635,0.0
252636,0.02
252637,0.0
252638,0.0
252639,0.03
252640,0.04
252641,0.0
252642,0.01
252643,0.01
252644,0.01
252645,0.0
252646,0.15
252647,0.02
252648,0.03
252649,0.03
252650,0.04
252651,0.18
252652,0.05
252653,0.01
252654,0.01
252655,0.0
252656,0.08
252657,0.0
252658,0.0
252659,0.0
252660,0.02
252661,0.0
252662,0.49
252663,0.0
252664,0.02
252665,0.36
252666,0.03
252667,0.07
252668,0.0
252669,0.0
252670,0.0
252671,0.33
252672,0.01
252673,0.0
252674,0.01
252675,0.01
252676,0.0
252677,0.06
252678,0.01
252679,0.17
252680,0.0
252681,0.0
252682,0.0
252683,0.0
252684,0.73
252685,0.23
252686,0.1
252687,0.0
252688,0.02
252689,0.02
252690,0.06
252691,0.0
252692,0.02
252693,0.85
252694,0.01
252695,0.0
252696,0.01
252697,0.02
252698,0.0
252699,0.02
252700,0.0
252701,0.0
252702,0.01
252703,0.01
252704,0.81
252705,0.02
252706,0.03
252707,0.23
252708,0.0
252709,0.02
252710,0.02
252711,0.04
252712,0.0
252713,0.0
252714,0.01
252715,0.01
252716,0.0
252717,0.0
252718,0.0
252719,0.63
252720,0.07
252721,0.01
252722,0.0
252723,0.01
252724,0.03
252725,0.0
252726,0.03
252727,0.0
252728,0.0
252729,0.0
252730,0.02
252731,0.03
252732,0.0
252733,0.87
252734,0.04
252735,0.0
252736,0.0
252737,0.0
252738,0.0
252739,0.0
252740,0.05
252741,0.5
252742,0.0
252743,0.01
252744,0.67
252745,0.02
252746,0.02
252747,0.0
252748,0.03
252749,0.02
252750,0.75
252751,0.0
252752,0.78
252753,0.01
252754,0.0
252755,0.02
252756,0.0
252757,0.0
252758,0.0
252759,0.1
252760,0.03
252761,0.06
252762,0.06
252763,0.04
252764,0.04
252765,0.01
252766,0.03
252767,0.01
252768,0.0
252769,0.3
252770,0.02
252771,0.0
252772,0.44
252773,0.03
252774,0.0
252775,0.0
252776,0.0
252777,0.0
252778,0.08
252779,0.04
252780,0.01
252781,0.0
252782,0.04
252783,0.0
252784,0.02
252785,0.01
252786,0.0
252787,0.43
252788,0.01
252789,0.02
252790,0.0
252791,0.0
252792,0.01
252793,0.01
252794,0.006666666666666666
252795,0.0
252796,0.18
252797,0.86
252798,0.09
252799,0.07
252800,0.01
252801,0.01
252802,0.12
252803,0.095
252804,0.04
252805,0.04
252806,0.01
252807,0.0
252808,0.03
252809,0.0
252810,0.0
252811,0.48
252812,0.0
252813,0.0
252814,0.03
252815,0.07
252816,0.03
252817,0.0
252818,0.02
252819,0.02
252820,0.0
252821,0.05
252822,0.0
252823,0.08
252824,0.04
252825,0.0
252826,0.02
252827,0.0
252828,0.01
252829,0.02
252830,0.08
252831,0.01
252832,0.01
252833,0.01
252834,0.01
252835,0.17
252836,0.01
252837,0.0
252838,0.0
252839,0.01
252840,0.04
252841,0.02
252842,0.03
252843,0.18
252844,0.01
252845,0.02
252846,0.0
252847,0.01
252848,0.0
252849,0.0
252850,0.04
252851,0.0
252852,0.19
252853,0.01
252854,0.0
252855,0.0
252856,0.17
252857,0.0
252858,0.0
252859,0.01
252860,0.03
252861,0.0
252862,0.02
252863,0.03
252864,0.15
252865,0.0
252866,0.66
252867,0.0
252868,0.0
252869,0.0
252870,0.04
252871,0.0
252872,0.0
252873,0.02
252874,0.0
252875,0.0
252876,0.015
252877,0.01
252878,0.01
252879,0.1
252880,0.02
252881,0.0
252882,0.01
252883,0.95
252884,0.04
252885,0.02
252886,0.03
252887,0.04
252888,0.01
252889,0.0
252890,0.06
252891,0.01
252892,0.1
252893,0.0
252894,0.7
252895,0.0
252896,0.09
252897,0.07
252898,0.01
252899,0.79
252900,0.06
252901,0.0
252902,0.0
252903,0.02
252904,0.04
252905,0.0
252906,0.01
252907,0.01
252908,0.01
252909,0.72
252910,0.01
252911,0.03
252912,0.66
252913,0.02
252914,0.0
252915,0.12
252916,0.02
252917,0.02
252918,0.32
252919,0.44
252920,0.0
252921,0.0
252922,0.02
252923,0.02
252924,0.15
252925,0.05
252926,0.03
252927,0.0
252928,0.0
252929,0.01
252930,0.11
252931,0.32
252932,0.07
252933,0.01
252934,0.03
252935,0.01
252936,0.0
252937,0.01
252938,0.0
252939,0.0
252940,0.02
252941,0.01
252942,0.0
252943,0.0
252944,0.56
252945,0.0
252946,0.0
252947,0.08
252948,0.08
252949,0.0
252950,0.01
252951,0.0
252952,0.59
252953,0.0
252954,0.03
252955,0.02
252956,0.05
252957,0.02
252958,0.07
252959,0.01
252960,0.0
252961,0.03
252962,0.01
252963,0.0
252964,0.02
252965,0.01
252966,0.0
252967,0.07
252968,0.03
252969,0.03
252970,0.01
252971,0.01
252972,0.02
252973,0.01
252974,0.02
252975,0.02
252976,0.01
252977,0.38
252978,0.03
252979,0.01
252980,0.02
252981,0.0
252982,0.01
252983,0.0
252984,0.01
252985,0.22
252986,0.0
252987,0.01
252988,0.02
252989,0.01
252990,0.17
252991,0.01
252992,0.0
252993,0.0
252994,0.03
252995,0.02
252996,0.02
252997,0.05
252998,0.14
252999,0.0
253000,0.0
253001,0.0
253002,0.0
253003,0.64
253004,0.01
253005,0.0
253006,0.02
253007,0.0
253008,0.09
253009,0.02
253010,0.02
253011,0.05
253012,0.0
253013,0.31
253014,0.01
253015,0.04
253016,0.24
253017,0.0
253018,0.01
253019,0.03
253020,0.81
253021,0.02
253022,0.04
253023,0.01
253024,0.86
253025,0.0
253026,0.04
253027,0.18
253028,0.02
253029,0.01
253030,0.0
253031,0.0
253032,0.0
253033,0.01
253034,0.0
253035,0.02
253036,0.0
253037,0.01
253038,0.69
253039,0.0
253040,0.02
253041,0.0
253042,0.04
253043,0.03
253044,0.1
253045,0.0
253046,0.02
253047,0.03
253048,0.09
253049,0.02
253050,0.02
253051,0.0
253052,0.01
253053,0.03
253054,0.01
253055,0.0
253056,0.0
253057,0.01
253058,0.02
253059,0.0
253060,0.26
253061,0.0
253062,0.0
253063,0.04
253064,0.0
253065,0.16
253066,0.11
253067,0.01
253068,0.02
253069,0.09
253070,0.0
253071,0.01
253072,0.0
253073,0.0
253074,0.0
253075,0.0
253076,0.04
253077,0.01
253078,0.41
253079,0.0
253080,0.0
253081,0.03
253082,0.02
253083,0.03
253084,0.01
253085,0.0
253086,0.39
253087,0.03
253088,0.01
253089,0.0
253090,0.01
253091,0.01
253092,0.0
253093,0.01
253094,0.01
253095,0.02
253096,0.01
253097,0.01
253098,0.04
253099,0.0
253100,0.01
253101,0.01
253102,0.02
253103,0.01
253104,0.02
253105,0.9
253106,0.04
253107,0.0
253108,0.0
253109,0.0
253110,0.01
253111,0.01
253112,0.09
253113,0.0
253114,0.03
253115,0.02
253116,0.0
253117,0.01
253118,0.01
253119,0.02
253120,0.06
253121,0.0
253122,0.01
253123,0.04
253124,0.0
253125,0.6
253126,0.0
253127,0.0
253128,0.01
253129,0.02
253130,0.0
253131,0.01
253132,0.01
253133,0.02
253134,0.04
253135,0.0
253136,0.06
253137,0.0
253138,0.0
253139,0.0
253140,0.02
253141,0.0
253142,0.0
253143,0.0
253144,0.0
253145,0.0
253146,0.0
253147,0.0
253148,0.0
253149,0.0
253150,0.02
253151,0.03
253152,0.0
253153,0.36
253154,0.0
253155,0.02
253156,0.48
253157,0.0
253158,0.01
253159,0.0
253160,0.064
253161,0.05
253162,0.02
253163,0.02
253164,0.02
253165,0.1975
253166,0.01
253167,0.07
253168,0.01
253169,0.0
253170,0.02
253171,0.0
253172,0.0
253173,0.0
253174,0.01
253175,0.0
253176,0.1
253177,0.0
253178,0.44
253179,0.0
253180,0.02
253181,0.0
253182,0.05
253183,0.47
253184,0.1
253185,0.0
253186,0.0
253187,0.01
253188,0.0
253189,0.58
253190,0.11
253191,0.0
253192,0.0
253193,0.0
253194,0.37
253195,0.05
253196,0.82
253197,0.41
253198,0.01
253199,0.05
253200,0.01
253201,0.04
253202,0.08
253203,0.0
253204,0.02
253205,0.0
253206,0.24
253207,0.0
253208,0.05
253209,0.0
253210,0.0
253211,0.01
253212,0.0
253213,0.0
253214,0.93
253215,0.0
253216,0.0
253217,0.01
253218,0.03
253219,0.0
253220,0.01
253221,0.05
253222,0.69
253223,0.07
253224,0.13
253225,0.01
253226,0.03
253227,0.02
253228,0.01
253229,0.0
253230,0.0
253231,0.0
253232,0.0
253233,0.01
253234,0.04
253235,0.0
253236,0.21
253237,0.0
253238,0.01
253239,0.05
253240,0.4
253241,0.04
253242,0.0
253243,0.03
253244,0.01
253245,0.0
253246,0.0
253247,0.01
253248,0.0
253249,0.01
253250,0.04
253251,0.44
253252,0.0
253253,0.045
253254,0.02
253255,0.0
253256,0.02
253257,0.0
253258,0.02
253259,0.0
253260,0.01
253261,0.06
253262,0.01
253263,0.04
253264,0.01
253265,0.01
253266,0.15
253267,0.0
253268,0.05
253269,0.41
253270,0.0
253271,0.0
253272,0.0
253273,0.0
253274,0.06
253275,0.03
253276,0.01
253277,0.01
253278,0.0
253279,0.13
253280,0.6
253281,0.02
253282,0.0
253283,0.01
253284,0.04
253285,0.01
253286,0.02
253287,0.03
253288,0.02
253289,0.02
253290,0.0
253291,0.1
253292,0.0
253293,0.02
253294,0.0
253295,0.01
253296,0.01
253297,0.0
253298,0.0
253299,0.03
253300,0.02
253301,0.01
253302,0.13
253303,0.0
253304,0.0
253305,0.04
253306,0.05
253307,0.13
253308,0.0
253309,0.01
253310,0.0
253311,0.01
253312,0.01
253313,0.84
253314,0.01
253315,0.04
253316,0.53
253317,0.01
253318,0.09
253319,0.01
253320,0.0
253321,0.01
253322,0.02
253323,0.0
253324,0.01
253325,0.01
253326,0.02
253327,0.01
253328,0.03
253329,0.01
253330,0.02
253331,0.01
253332,0.81
253333,0.2
253334,0.01
253335,0.01
253336,0.06
253337,0.0
253338,0.0
253339,0.02
253340,0.0
253341,0.0
253342,0.0
253343,0.01
253344,0.0
253345,0.01
253346,0.0
253347,0.05
253348,0.0
253349,0.0
253350,0.05
253351,0.21
253352,0.06
253353,0.01
253354,0.03
253355,0.0
253356,0.0
253357,0.01
253358,0.88
253359,0.39
253360,0.01
253361,0.03
253362,0.02
253363,0.01
253364,0.05
253365,0.03
253366,0.04
253367,0.0
253368,0.09
253369,0.04
253370,0.0
253371,0.01
253372,0.47
253373,0.0
253374,0.0
253375,0.01
253376,0.53
253377,0.07
253378,0.02
253379,0.03
253380,0.01
253381,0.01
253382,0.02
253383,0.0
253384,0.19
253385,0.01
253386,0.0
253387,0.01
253388,0.17
253389,0.0
253390,0.0
253391,0.04
253392,0.04
253393,0.15
253394,0.0
253395,0.0
253396,0.01
253397,0.06
253398,0.03
253399,0.01
253400,0.0
253401,0.06
253402,0.02
253403,0.02
253404,0.02
253405,0.04
253406,0.05
253407,0.55
253408,0.0
253409,0.1
253410,0.02
253411,0.01
253412,0.05
253413,0.01
253414,0.01
253415,0.01
253416,0.0
253417,0.01
253418,0.08
253419,0.03
253420,0.03
253421,0.0
253422,0.04666666666666666
253423,0.0
253424,0.0
253425,0.12
253426,0.0
253427,0.01
253428,0.0
253429,0.0
253430,0.21
253431,0.03
253432,0.03
253433,0.01
253434,0.0
253435,0.0
253436,0.01
253437,0.03
253438,0.0
253439,0.01
253440,0.08
253441,0.03
253442,0.03
253443,0.02
253444,0.0
253445,0.0
253446,0.0
253447,0.0
253448,0.0
253449,0.0
253450,0.0
253451,0.01
253452,0.0
253453,0.01
253454,0.02
253455,0.0
253456,0.04
253457,0.0
253458,0.09
253459,0.01
253460,0.03
253461,0.01
253462,0.09
253463,0.0
253464,0.0
253465,0.09
253466,0.24
253467,0.02
253468,0.02
253469,0.02
253470,0.04
253471,0.0
253472,0.01
253473,0.05
253474,0.03
253475,0.02
253476,0.0
253477,0.01
253478,0.03
253479,0.01
253480,0.03
253481,0.01
253482,0.02
253483,0.01
253484,0.01
253485,0.0
253486,0.0
253487,0.08
253488,0.01
253489,0.13
253490,0.01
253491,0.0
253492,0.0425
253493,0.01
253494,0.05
253495,0.0
253496,0.04
253497,0.03
253498,0.0
253499,0.02
253500,0.0
253501,0.0
253502,0.01
253503,0.02
253504,0.04
253505,0.85
253506,0.06
253507,0.04
253508,0.01
253509,0.39
253510,0.01
253511,0.0
253512,0.01
253513,0.03
253514,0.39
253515,0.02
253516,0.09
253517,0.0
253518,0.0
253519,0.0
253520,0.02
253521,0.01
253522,0.01
253523,0.0
253524,0.01
253525,0.02
253526,0.03
253527,0.0
253528,0.0
253529,0.0
253530,0.02
253531,0.01
253532,0.03
253533,0.0
253534,0.17
253535,0.01
253536,0.53
253537,0.02
253538,0.01
253539,0.0
253540,0.0
253541,0.01
253542,0.03
253543,0.01
253544,0.0
253545,0.07
253546,0.01
253547,0.06
253548,0.04
253549,0.01
253550,0.0
253551,0.03
253552,0.01
253553,0.03
253554,0.03
253555,0.08
253556,0.02
253557,0.01
253558,0.03
253559,0.02
253560,0.03
253561,0.0
253562,0.01
253563,0.02
253564,0.13
253565,0.01
253566,0.08
253567,0.0
253568,0.04
253569,0.0
253570,0.0
253571,0.01
253572,0.01
253573,0.03
253574,0.155
253575,0.0
253576,0.06
253577,0.0
253578,0.09
253579,0.0
253580,0.59
253581,0.06
253582,0.02
253583,0.0
253584,0.03
253585,0.01
253586,0.01
253587,0.03
253588,0.0
253589,0.005
253590,0.09
253591,0.01
253592,0.01
253593,0.0
253594,0.0
253595,0.01
253596,0.04
253597,0.01
253598,0.01
253599,0.01
253600,0.0
253601,0.0
253602,0.03
253603,0.0
253604,0.11
253605,0.1
253606,0.0
253607,0.98
253608,0.04
253609,0.04
253610,0.0
253611,0.02
253612,0.01
253613,0.08
253614,0.02
253615,0.05
253616,0.13
253617,0.09
253618,0.0
253619,0.035
253620,0.0
253621,0.01
253622,0.0
253623,0.1
253624,0.0
253625,0.0
253626,0.04
253627,0.0
253628,0.0
253629,0.0
253630,0.49
253631,0.0
253632,0.05
253633,0.02
253634,0.96
253635,0.0
253636,0.0
253637,0.0
253638,0.0
253639,0.04
253640,0.0
253641,0.12
253642,0.0
253643,0.09
253644,0.0
253645,0.02
253646,0.0
253647,0.32
253648,0.01
253649,0.1
253650,0.0
253651,0.0
253652,0.02
253653,0.04
253654,0.07
253655,0.07
253656,0.05
253657,0.04
253658,0.59
253659,0.01
253660,0.0
253661,0.04
253662,0.0
253663,0.02
253664,0.06
253665,0.01
253666,0.09
253667,0.01
253668,0.0
253669,0.01
253670,0.0
253671,0.0
253672,0.01
253673,0.03
253674,0.0
253675,0.0
253676,0.03
253677,0.02
253678,0.05
253679,0.52
253680,0.13
253681,0.82
253682,0.11
253683,0.01
253684,0.06
253685,0.0
253686,0.04
253687,0.01
253688,0.68
253689,0.0
253690,0.0
253691,0.04
253692,0.0
253693,0.0
253694,0.62
253695,0.02
253696,0.02
253697,0.01
253698,0.05
253699,0.0
253700,0.05
253701,0.02
253702,0.0
253703,0.02
253704,0.0
253705,0.0
253706,0.12
253707,0.18
253708,0.03
253709,0.04
253710,0.02
253711,0.02
253712,0.02
253713,0.01
253714,0.0
253715,0.01
253716,0.155
253717,0.0
253718,0.03
253719,0.0
253720,0.0
253721,0.01
253722,0.0
253723,0.01
253724,0.1
253725,0.05
253726,0.03
253727,0.0
253728,0.04
253729,0.05
253730,0.04
253731,0.01
253732,0.01
253733,0.67
253734,0.0
253735,0.03
253736,0.03
253737,0.04
253738,0.03
253739,0.01
253740,0.02
253741,0.0
253742,0.0
253743,0.01
253744,0.17
253745,0.0
253746,0.0
253747,0.02
253748,0.0
253749,0.01
253750,0.01
253751,0.03
253752,0.0
253753,0.6
253754,0.0
253755,0.05
253756,0.04
253757,0.01
253758,0.0
253759,0.01
253760,0.06
253761,0.01
253762,0.0
253763,0.0
253764,0.02
253765,0.03
253766,0.01
253767,0.81
253768,0.1
253769,0.08
253770,0.01
253771,0.01
253772,0.07
253773,0.0
253774,0.03
253775,0.01
253776,0.0
253777,0.04
253778,0.02
253779,0.01
253780,0.03
253781,0.01
253782,0.09
253783,0.0
253784,0.01
253785,0.03
253786,0.01
253787,0.67
253788,0.0
253789,0.01
253790,0.0
253791,0.04
253792,0.0
253793,0.01
253794,0.0
253795,0.01
253796,0.04
253797,0.01
253798,0.0
253799,0.03
253800,0.07
253801,0.0
253802,0.42
253803,0.0
253804,0.0
253805,0.02
253806,0.14
253807,0.02
253808,0.0
253809,0.05
253810,0.01
253811,0.03
253812,0.0
253813,0.0
253814,0.06
253815,0.01
253816,0.01
253817,0.01
253818,0.01
253819,0.42
253820,0.3
253821,0.05
253822,0.04
253823,0.0
253824,0.02
253825,0.01
253826,0.0
253827,0.03
253828,0.62
253829,0.01
253830,0.0
253831,0.0
253832,0.04
253833,0.04
253834,0.05
253835,0.01
253836,0.02
253837,0.0
253838,0.33
253839,0.01
253840,0.0
253841,0.05
253842,0.03
253843,0.05
253844,0.01
253845,0.11
253846,0.02
253847,0.02
253848,0.03
253849,0.01
253850,0.0
253851,0.01
253852,0.01
253853,0.0
253854,0.0
253855,0.0
253856,0.0
253857,0.03
253858,0.84
253859,0.52
253860,0.2
253861,0.0
253862,0.01
253863,0.01
253864,0.09
253865,0.63
253866,0.06
253867,0.01
253868,0.38
253869,0.02
253870,0.0
253871,0.09
253872,0.02
253873,0.0
253874,0.06
253875,0.0
253876,0.0
253877,0.15
253878,0.0
253879,0.01
253880,0.94
253881,0.03
253882,0.0
253883,0.01
253884,0.03
253885,0.01
253886,0.77
253887,0.03
253888,0.0
253889,0.01
253890,0.01
253891,0.01
253892,0.02
253893,0.02
253894,0.0
253895,0.05
253896,0.0
253897,0.05
253898,0.02
253899,0.0
253900,0.01
253901,0.01
253902,0.01
253903,0.0
253904,0.01
253905,0.0
253906,0.01
253907,0.01
253908,0.0
253909,0.01
253910,0.005
253911,0.01
253912,0.02
253913,0.07
253914,0.03
253915,0.01
253916,0.53
253917,0.0
253918,0.03
253919,0.85
253920,0.0
253921,0.19
253922,0.02
253923,0.02
253924,0.0
253925,0.02
253926,0.0
253927,0.08
253928,0.0
253929,0.01
253930,0.0
253931,0.01
253932,0.03
253933,0.0
253934,0.01
253935,0.0
253936,0.03
253937,0.0
253938,0.0
253939,0.33
253940,0.04
253941,0.03
253942,0.01
253943,0.024
253944,0.05
253945,0.03
253946,0.01
253947,0.0
253948,0.02
253949,0.02
253950,0.05
253951,0.0
253952,0.01
253953,0.0
253954,0.06
253955,0.03
253956,0.0
253957,0.0
253958,0.01
253959,0.01
253960,0.0
253961,0.01
253962,0.03
253963,0.01
253964,0.0
253965,0.64
253966,0.0
253967,0.0
253968,0.0
253969,0.01
253970,0.2
253971,0.0
253972,0.02
253973,0.02
253974,0.01
253975,0.01
253976,0.12
253977,0.0
253978,0.0
253979,0.01
253980,0.0
253981,0.02
253982,0.03
253983,0.0
253984,0.01
253985,0.07
253986,0.07
253987,0.01
253988,0.0
253989,0.01
253990,0.01
253991,0.01
253992,0.01
253993,0.03
253994,0.02
253995,0.0
253996,0.02
253997,0.01
253998,0.02
253999,0.01
254000,0.03
254001,0.0
254002,0.01
254003,0.01
254004,0.07
254005,0.03
254006,0.0
254007,0.03
254008,0.11
254009,0.0
254010,0.01
254011,0.07
254012,0.0
254013,0.03
254014,0.01
254015,0.0
254016,0.06
254017,0.0
254018,0.05
254019,0.03
254020,0.0
254021,0.02
254022,0.02
254023,0.02
254024,0.0
254025,0.75
254026,0.01
254027,0.04
254028,0.72
254029,0.0
254030,0.04
254031,0.0
254032,0.06
254033,0.03
254034,0.01
254035,0.05
254036,0.04
254037,0.0
254038,0.07
254039,0.48
254040,0.0
254041,0.0
254042,0.0
254043,0.0
254044,0.03
254045,0.01
254046,0.01
254047,0.03
254048,0.0
254049,0.04
254050,0.0
254051,0.45
254052,0.02
254053,0.02
254054,0.0
254055,0.04
254056,0.02
254057,0.0
254058,0.11
254059,0.01
254060,0.0
254061,0.07
254062,0.08
254063,0.01
254064,0.0
254065,0.08
254066,0.0
254067,0.12
254068,0.0
254069,0.02
254070,0.0
254071,0.02
254072,0.0
254073,0.01
254074,0.01
254075,0.02
254076,0.03
254077,0.0
254078,0.0
254079,0.0
254080,0.01
254081,0.0
254082,0.05
254083,0.07
254084,0.05
254085,0.0
254086,0.05
254087,0.0
254088,0.0
254089,0.03
254090,0.0
254091,0.01
254092,0.72
254093,0.01
254094,0.02
254095,0.0
254096,0.0
254097,0.02
254098,0.0
254099,0.02
254100,0.0
254101,0.0
254102,0.4
254103,0.0
254104,0.02
254105,0.01
254106,0.07
254107,0.0
254108,0.01
254109,0.06
254110,0.01
254111,0.0
254112,0.01
254113,0.02
254114,0.01
254115,0.0
254116,0.0
254117,0.01
254118,0.0
254119,0.0
254120,0.0
254121,0.08
254122,0.0
254123,0.0
254124,0.01
254125,0.01
254126,0.02
254127,0.03
254128,0.0
254129,0.04
254130,0.01
254131,0.04
254132,0.04
254133,0.02
254134,0.0
254135,0.01
254136,0.02
254137,0.0
254138,0.04
254139,0.0
254140,0.01
254141,0.0
254142,0.04
254143,0.0
254144,0.05
254145,0.02
254146,0.02
254147,0.02
254148,0.01
254149,0.0
254150,0.0
254151,0.01
254152,0.0
254153,0.0
254154,0.02
254155,0.02
254156,0.78
254157,0.03
254158,0.01
254159,0.01
254160,0.0
254161,0.02
254162,0.1
254163,0.0
254164,0.03
254165,0.02
254166,0.01
254167,0.0
254168,0.01
254169,0.01
254170,0.0
254171,0.0
254172,0.0
254173,0.01
254174,0.0
254175,0.0
254176,0.01
254177,0.0
254178,0.0
254179,0.01
254180,0.0
254181,0.09
254182,0.03
254183,0.01
254184,0.01
254185,0.61
254186,0.0
254187,0.0
254188,0.01
254189,0.01
254190,0.23
254191,0.08
254192,0.0
254193,0.02
254194,0.0
254195,0.01
254196,0.02
254197,0.01
254198,0.01
254199,0.0
254200,0.07
254201,0.01
254202,0.0
254203,0.04
254204,0.0
254205,0.0
254206,0.0
254207,0.0
254208,0.0
254209,0.01
254210,0.03
254211,0.14
254212,0.04
254213,0.09
254214,0.0
254215,0.04
254216,0.0
254217,0.0
254218,0.0
254219,0.01
254220,0.0
254221,0.02
254222,0.0
254223,0.0
254224,0.03
254225,0.01
254226,0.04
254227,0.03
254228,0.65
254229,0.04
254230,0.03
254231,0.02
254232,0.24
254233,0.01
254234,0.02
254235,0.0
254236,0.0
254237,0.01
254238,0.08
254239,0.24
254240,0.0
254241,0.0
254242,0.0
254243,0.02
254244,0.04
254245,0.0
254246,0.43
254247,0.02
254248,0.04
254249,0.01
254250,0.14
254251,0.01
254252,0.0
254253,0.0
254254,0.0
254255,0.0
254256,0.05
254257,0.0
254258,0.0
254259,0.7
254260,0.0
254261,0.97
254262,0.025
254263,0.0
254264,0.01
254265,0.03
254266,0.1
254267,0.08
254268,0.0
254269,0.03
254270,0.06
254271,0.0
254272,0.0
254273,0.02
254274,0.0
254275,0.03
254276,0.02
254277,0.0
254278,0.0
254279,0.01
254280,0.0
254281,0.0
254282,0.03
254283,0.11
254284,0.02
254285,0.0
254286,0.17
254287,0.01
254288,0.04
254289,0.04
254290,0.0
254291,0.01
254292,0.0
254293,0.01
254294,0.0
254295,0.0
254296,0.0
254297,0.05
254298,0.04
254299,0.0
254300,0.1
254301,0.01
254302,0.0
254303,0.02
254304,0.02
254305,0.02
254306,0.0
254307,0.0
254308,0.02
254309,0.0
254310,0.0
254311,0.0
254312,0.09
254313,0.0
254314,0.0
254315,0.03
254316,0.06
254317,0.0
254318,0.34
254319,0.01
254320,0.0
254321,0.0
254322,0.0
254323,0.03
254324,0.01
254325,0.02
254326,0.08
254327,0.01
254328,0.01
254329,0.0
254330,0.0
254331,0.0
254332,0.03
254333,0.01
254334,0.0
254335,0.0
254336,0.02
254337,0.0
254338,0.97
254339,0.0
254340,0.0
254341,0.04
254342,0.01
254343,0.03
254344,0.01
254345,0.04
254346,0.18
254347,0.01
254348,0.03
254349,0.01
254350,0.01
254351,0.01
254352,0.01
254353,0.01
254354,0.0
254355,0.01
254356,0.03
254357,0.0
254358,0.0
254359,0.05
254360,0.0
254361,0.01
254362,0.01
254363,0.0
254364,0.0
254365,0.02
254366,0.44
254367,0.02
254368,0.0
254369,0.04
254370,0.04
254371,0.0
254372,0.01
254373,0.01
254374,0.01
254375,0.26
254376,0.02
254377,0.92
254378,0.0
254379,0.01
254380,0.01
254381,0.03
254382,0.85
254383,0.0
254384,0.01
254385,0.01
254386,0.29
254387,0.05
254388,0.01
254389,0.0
254390,0.0
254391,0.0
254392,0.77
254393,0.03
254394,0.01
254395,0.0
254396,0.04
254397,0.0
254398,0.0
254399,0.01
254400,0.0
254401,0.04
254402,0.0
254403,0.01
254404,0.0
254405,0.06
254406,0.0
254407,0.05
254408,0.01
254409,0.02
254410,0.0
254411,0.0
254412,0.02
254413,0.12
254414,0.45
254415,0.37
254416,0.05
254417,0.14
254418,0.02
254419,0.0
254420,0.05
254421,0.01
254422,0.01
254423,0.0
254424,0.01
254425,0.7
254426,0.06
254427,0.0
254428,0.02
254429,0.04
254430,0.0
254431,0.01
254432,0.01
254433,0.0
254434,0.0
254435,0.0
254436,0.01
254437,0.01
254438,0.0
254439,0.01
254440,0.13
254441,0.0
254442,0.09
254443,0.02
254444,0.0
254445,0.38
254446,0.04
254447,0.0
254448,0.34
254449,0.0
254450,0.19
254451,0.02
254452,0.22
254453,0.06
254454,0.03
254455,0.03
254456,0.78
254457,0.07
254458,0.0
254459,0.02
254460,0.57
254461,0.04
254462,0.02
254463,0.38
254464,0.04
254465,0.03
254466,0.0
254467,0.06
254468,0.09
254469,0.09
254470,0.01
254471,0.0
254472,0.0
254473,0.03
254474,0.02
254475,0.0
254476,0.0
254477,0.08
254478,0.05
254479,0.0
254480,0.12
254481,0.01
254482,0.01
254483,0.0
254484,0.003333333333333333
254485,0.03
254486,0.02
254487,0.01
254488,0.06
254489,0.09
254490,0.01
254491,0.15
254492,0.0
254493,0.01
254494,0.24
254495,0.0
254496,0.0
254497,0.02
254498,0.07
254499,0.0
254500,0.01
254501,0.85
254502,0.0
254503,0.0
254504,0.11
254505,0.06
254506,0.08
254507,0.01
254508,0.02
254509,0.0
254510,0.0
254511,0.04
254512,0.02
254513,0.43
254514,0.03
254515,0.02
254516,0.02
254517,0.06
254518,0.02
254519,0.05
254520,0.03
254521,0.0
254522,0.01
254523,0.13
254524,0.09
254525,0.03
254526,0.01
254527,0.24
254528,0.01
254529,0.0
254530,0.08
254531,0.01
254532,0.01
254533,0.05
254534,0.06
254535,0.005
254536,0.01
254537,1.0
254538,0.02
254539,0.01
254540,0.0
254541,0.0
254542,0.0
254543,0.01
254544,0.43
254545,0.04
254546,0.04
254547,0.0
254548,0.0
254549,0.0
254550,0.03
254551,0.01
254552,0.02
254553,0.07
254554,0.01
254555,0.05
254556,0.01
254557,0.01
254558,0.0
254559,0.03
254560,0.01
254561,0.03333333333333333
254562,0.01
254563,0.05
254564,0.1
254565,0.0
254566,0.05
254567,0.02
254568,0.0
254569,0.0
254570,0.01
254571,0.0
254572,0.03
254573,0.06
254574,0.0
254575,0.02
254576,0.04
254577,0.01
254578,0.16
254579,0.01
254580,0.0
254581,0.05
254582,0.0
254583,0.02
254584,0.01
254585,0.0
254586,0.0
254587,0.0
254588,0.15
254589,0.0
254590,0.01
254591,0.0
254592,0.01
254593,0.04
254594,0.02
254595,0.05
254596,0.0
254597,0.01
254598,0.02
254599,0.02
254600,0.01
254601,0.01
254602,0.0
254603,0.0
254604,0.0
254605,0.01
254606,0.0
254607,0.16
254608,0.03
254609,0.22
254610,0.01
254611,0.33
254612,0.01
254613,0.03
254614,0.0
254615,0.01
254616,0.02
254617,0.0
254618,0.0
254619,0.0
254620,0.02
254621,0.01
254622,0.0
254623,0.02
254624,0.01
254625,0.03
254626,0.02
254627,0.01
254628,0.0
254629,0.01
254630,0.01
254631,0.06
254632,0.0
254633,0.04
254634,0.93
254635,0.0
254636,0.0
254637,0.0
254638,0.01
254639,0.04
254640,0.0
254641,0.0
254642,0.02
254643,0.0
254644,0.02
254645,0.0
254646,0.02
254647,0.01
254648,0.0
254649,0.03
254650,0.0
254651,0.43
254652,0.01
254653,0.01
254654,0.02
254655,0.02
254656,0.03
254657,0.0
254658,0.04
254659,0.01
254660,0.03
254661,0.0
254662,0.03
254663,0.06
254664,0.0
254665,0.0
254666,0.01
254667,0.01
254668,0.07
254669,0.02
254670,0.01
254671,1.0
254672,0.01
254673,0.04
254674,0.01
254675,0.0
254676,0.01
254677,0.01
254678,0.0
254679,0.03
254680,0.01
254681,0.05
254682,0.01
254683,0.02
254684,0.0
254685,0.07
254686,0.0
254687,0.01
254688,0.02
254689,0.01
254690,0.1
254691,0.0
254692,0.0
254693,0.69
254694,0.0
254695,0.02
254696,0.04
254697,0.07
254698,0.06
254699,0.02
254700,0.0
254701,0.0
254702,0.04
254703,0.01
254704,0.03
254705,0.0
254706,0.19
254707,0.01
254708,0.67
254709,0.0
254710,0.03
254711,0.0
254712,0.0
254713,0.01
254714,0.1
254715,0.02
254716,0.01
254717,0.0
254718,0.0
254719,0.01
254720,0.29
254721,0.0
254722,0.62
254723,0.03
254724,0.0
254725,0.04
254726,0.01
254727,0.01
254728,0.05
254729,0.79
254730,0.02
254731,0.0
254732,0.01
254733,0.02
254734,0.01
254735,0.01
254736,0.02
254737,0.01
254738,0.01
254739,0.04
254740,0.75
254741,0.47
254742,0.0
254743,0.05
254744,0.0
254745,0.01
254746,0.02
254747,0.04
254748,0.01
254749,0.0
254750,0.02
254751,0.0
254752,0.03
254753,0.03
254754,0.72
254755,0.0
254756,0.0
254757,0.0
254758,0.0
254759,0.02
254760,0.0
254761,0.0
254762,0.0
254763,0.01
254764,0.0
254765,0.01
254766,0.01
254767,0.0
254768,0.01
254769,0.06
254770,0.0
254771,0.0
254772,0.0
254773,0.01
254774,0.0
254775,0.0
254776,0.04
254777,0.0
254778,0.5225
254779,0.16
254780,0.0
254781,0.46
254782,0.0
254783,0.06
254784,0.05
254785,0.01
254786,0.12
254787,0.0
254788,0.01
254789,0.0
254790,0.04
254791,0.04
254792,0.0
254793,0.0
254794,0.0
254795,0.06
254796,0.0
254797,0.04
254798,0.01
254799,0.0
254800,0.01
254801,0.09
254802,0.0
254803,0.0
254804,0.0
254805,0.0
254806,0.17
254807,0.0
254808,0.0
254809,0.01
254810,0.0
254811,0.03
254812,0.06
254813,0.01
254814,0.0
254815,0.0
254816,0.0
254817,0.0
254818,0.01
254819,0.0
254820,0.0
254821,0.0
254822,0.01
254823,0.13
254824,0.48
254825,0.06
254826,0.0
254827,0.01
254828,0.0
254829,0.01
254830,0.03
254831,0.065
254832,0.19
254833,0.0
254834,0.03
254835,0.05
254836,0.02
254837,0.02
254838,0.11
254839,0.01
254840,0.02
254841,0.0
254842,0.02
254843,0.0
254844,0.2
254845,0.02
254846,0.0
254847,0.03
254848,0.0
254849,0.0
254850,0.01
254851,0.01
254852,0.01
254853,0.01
254854,0.0
254855,0.0
254856,0.0
254857,0.01
254858,0.03
254859,0.01
254860,0.01
254861,0.01
254862,0.0
254863,0.04
254864,0.03
254865,0.08
254866,0.02
254867,0.0
254868,0.02
254869,0.0
254870,0.0
254871,0.09
254872,0.0
254873,0.05
254874,0.11
254875,0.0
254876,0.0
254877,0.01
254878,0.45
254879,0.0
254880,0.03
254881,0.0
254882,0.0
254883,0.0
254884,0.03
254885,0.92
254886,0.03
254887,0.02
254888,0.0
254889,0.02
254890,0.0
254891,0.01
254892,0.76
254893,0.01
254894,0.0
254895,0.02
254896,0.63
254897,0.06
254898,0.01
254899,0.0
254900,0.02
254901,0.04
254902,0.08
254903,0.06
254904,0.0
254905,0.09
254906,0.01
254907,0.02
254908,0.03
254909,0.01
254910,0.0
254911,0.16
254912,0.01
254913,0.02
254914,0.01
254915,0.02
254916,0.0
254917,0.04
254918,0.0
254919,0.0
254920,0.0
254921,0.02
254922,0.01
254923,0.05
254924,0.0
254925,0.0
254926,0.0
254927,0.02
254928,0.0
254929,0.01
254930,0.0
254931,0.21
254932,0.38
254933,0.24
254934,0.0
254935,0.01
254936,0.06
254937,0.01
254938,0.01
254939,0.01
254940,0.11
254941,0.0
254942,0.03
254943,0.01
254944,0.01
254945,0.0
254946,0.0
254947,0.02
254948,0.01
254949,0.0
254950,0.0
254951,0.06333333333333332
254952,0.01
254953,0.0
254954,0.01
254955,0.0
254956,0.0
254957,0.0
254958,0.64
254959,0.0
254960,0.0
254961,0.22
254962,0.0
254963,0.05
254964,0.0
254965,0.03
254966,0.03
254967,0.0
254968,0.05
254969,0.01
254970,0.02
254971,0.0
254972,0.14
254973,0.0
254974,0.0
254975,0.01
254976,0.01
254977,0.0
254978,0.0
254979,0.05
254980,0.06
254981,0.01
254982,0.01
254983,0.0
254984,0.04
254985,0.02
254986,0.02
254987,0.0
254988,0.0
254989,0.04
254990,0.0
254991,0.03
254992,0.05
254993,0.0
254994,0.11
254995,0.02
254996,0.03
254997,0.0
254998,0.0
254999,0.01
255000,0.08
255001,0.02
255002,0.01
255003,0.05
255004,0.0
255005,0.03
255006,0.0
255007,0.0
255008,0.02
255009,0.73
255010,0.31
255011,0.37
255012,0.0
255013,0.0
255014,0.05
255015,0.01
255016,0.11
255017,0.01
255018,0.02
255019,0.13
255020,0.03
255021,0.02
255022,0.02
255023,0.42
255024,0.01
255025,0.45
255026,0.03
255027,0.22
255028,0.03
255029,0.01
255030,0.03
255031,0.67
255032,0.01
255033,0.06
255034,0.0
255035,0.0
255036,0.48
255037,0.02
255038,0.01
255039,0.0
255040,0.26
255041,0.0
255042,0.0
255043,0.01
255044,0.01
255045,0.0
255046,0.04
255047,0.14
255048,0.09
255049,0.06666666666666667
255050,0.18
255051,0.02
255052,0.05
255053,0.0
255054,0.0
255055,0.04
255056,0.0
255057,0.02
255058,0.01
255059,0.46
255060,0.01
255061,0.03
255062,0.01
255063,0.0
255064,0.0
255065,0.02
255066,0.05
255067,0.01
255068,0.09
255069,0.82
255070,0.84
255071,0.0
255072,0.03
255073,0.0
255074,0.03
255075,0.02
255076,0.0
255077,0.0
255078,0.0
255079,0.38
255080,0.03
255081,0.01
255082,0.01
255083,0.0
255084,0.05
255085,0.0
255086,0.81
255087,0.02
255088,0.03
255089,0.0
255090,0.04
255091,0.0
255092,0.03
255093,0.0
255094,0.28
255095,0.04
255096,0.11
255097,0.01
255098,0.02
255099,0.01
255100,0.01
255101,0.0
255102,0.03
255103,0.0
255104,0.0
255105,0.47
255106,0.01
255107,0.07
255108,0.04
255109,0.0
255110,0.0
255111,0.0
255112,0.0
255113,0.0
255114,0.0
255115,0.05
255116,0.05
255117,0.06
255118,0.0
255119,0.01
255120,0.07
255121,0.0
255122,0.01
255123,0.04
255124,0.0
255125,0.0
255126,0.0
255127,0.0
255128,0.05
255129,0.02
255130,0.0
255131,0.0
255132,0.0
255133,0.02
255134,0.06
255135,0.01
255136,0.0
255137,0.12
255138,0.03
255139,0.01
255140,0.1
255141,0.05
255142,0.01
255143,0.26
255144,0.28
255145,0.05
255146,0.02
255147,0.01
255148,0.0
255149,0.0
255150,0.03
255151,0.01
255152,0.09
255153,0.36
255154,0.01
255155,0.0
255156,0.0
255157,0.0
255158,0.08
255159,0.03
255160,0.0
255161,0.07
255162,0.0
255163,0.01
255164,0.05
255165,0.0
255166,0.02
255167,0.0
255168,0.09
255169,0.0
255170,0.04
255171,0.01
255172,0.05
255173,0.05
255174,0.03
255175,0.0
255176,0.02
255177,0.04
255178,0.01
255179,0.0
255180,0.03
255181,0.0
255182,0.07
255183,0.0
255184,0.0
255185,0.02
255186,0.06
255187,0.01
255188,0.0
255189,0.01
255190,0.0
255191,0.01
255192,0.0
255193,0.03
255194,0.0
255195,0.01
255196,0.01
255197,0.03
255198,0.01
255199,0.02
255200,0.01
255201,0.02
255202,0.02
255203,0.0
255204,0.01
255205,0.0
255206,0.01
255207,0.12
255208,0.02
255209,0.0
255210,0.01
255211,0.0
255212,0.0
255213,0.06
255214,0.0
255215,0.0
255216,0.18
255217,0.0
255218,0.0
255219,0.02
255220,0.01
255221,0.01
255222,0.0
255223,0.02
255224,0.07
255225,0.0
255226,0.01
255227,0.01
255228,0.01
255229,0.03
255230,0.01
255231,0.01
255232,0.0
255233,0.05
255234,0.01
255235,0.08
255236,0.43
255237,0.04
255238,0.0
255239,0.04
255240,0.02
255241,0.69
255242,0.05
255243,0.01
255244,0.0
255245,0.03
255246,0.14
255247,0.0
255248,0.21
255249,0.01
255250,0.0
255251,0.0
255252,0.0
255253,0.02
255254,0.02
255255,0.02
255256,0.01
255257,0.0
255258,0.0
255259,0.59
255260,0.0
255261,0.11
255262,0.01
255263,0.06
255264,0.2
255265,0.01
255266,0.0
255267,0.01
255268,0.02
255269,0.01
255270,0.01
255271,0.04
255272,0.0
255273,0.01
255274,0.01
255275,0.0
255276,0.02
255277,0.02
255278,0.05
255279,0.02
255280,0.0
255281,0.02
255282,0.02
255283,0.01
255284,0.03
255285,0.01
255286,0.1
255287,0.0
255288,0.0
255289,0.0
255290,0.02
255291,0.0
255292,0.02
255293,0.47
255294,0.05
255295,0.03
255296,0.08
255297,0.08
255298,0.0
255299,0.04
255300,0.05
255301,0.04
255302,0.27
255303,0.82
255304,0.0
255305,0.0
255306,0.02
255307,0.24
255308,0.0
255309,0.0
255310,0.01
255311,0.05
255312,0.01
255313,0.0
255314,0.02
255315,0.73
255316,0.03
255317,0.01
255318,0.0
255319,0.79
255320,0.0
255321,0.06
255322,0.01
255323,0.0
255324,0.19
255325,0.63
255326,0.01
255327,0.02
255328,0.09
255329,0.0
255330,0.0
255331,0.0
255332,0.0
255333,0.01
255334,0.04
255335,0.03
255336,0.0
255337,0.07
255338,0.0
255339,0.03
255340,0.03
255341,0.0
255342,0.03
255343,0.76
255344,0.12
255345,0.0
255346,0.0
255347,0.1
255348,0.03
255349,0.02
255350,0.01
255351,0.03
255352,0.0
255353,0.01
255354,0.0
255355,0.0
255356,0.86
255357,0.0
255358,0.0
255359,0.0
255360,0.04
255361,0.0
255362,0.01
255363,0.1
255364,0.02
255365,0.04
255366,0.0
255367,0.01
255368,0.0
255369,0.13
255370,0.02
255371,0.0
255372,0.12
255373,0.12
255374,0.03
255375,0.0
255376,0.0
255377,0.0
255378,0.0
255379,0.0
255380,0.03
255381,0.03
255382,0.0
255383,0.03
255384,0.05
255385,0.0
255386,0.01
255387,0.01
255388,0.26
255389,0.03
255390,0.03
255391,0.01
255392,0.0
255393,0.09
255394,0.01
255395,0.51
255396,0.0
255397,0.0
255398,0.01
255399,0.01
255400,0.02
255401,0.05
255402,0.0
255403,0.01
255404,0.01
255405,0.07
255406,0.0
255407,0.0
255408,0.06
255409,0.0
255410,0.0
255411,0.01
255412,0.01
255413,0.0
255414,0.0
255415,0.05
255416,0.29
255417,0.0
255418,0.02
255419,0.0
255420,0.09
255421,0.68
255422,0.03
255423,0.05
255424,0.0
255425,0.34
255426,0.0
255427,0.0
255428,0.66
255429,0.02
255430,0.02
255431,0.0
255432,0.02
255433,0.12
255434,0.0
255435,0.01
255436,0.02
255437,0.0
255438,0.01
255439,0.01
255440,0.0
255441,0.0
255442,0.0
255443,0.05
255444,0.01
255445,0.06
255446,0.0
255447,0.02
255448,0.03
255449,0.0
255450,0.01
255451,0.02
255452,0.0
255453,0.0
255454,0.04
255455,0.25
255456,0.0
255457,0.01
255458,0.05
255459,0.0
255460,0.01
255461,0.0
255462,0.12
255463,0.0
255464,0.04
255465,0.02
255466,0.02
255467,0.04
255468,0.0
255469,0.01
255470,0.01
255471,0.0
255472,0.47
255473,0.1
255474,0.0
255475,0.01
255476,0.0
255477,0.06
255478,0.0
255479,0.01
255480,0.01
255481,0.0
255482,0.05
255483,0.12
255484,0.85
255485,0.01
255486,0.01
255487,0.03
255488,0.02
255489,0.01
255490,0.01
255491,0.0
255492,0.01
255493,0.01
255494,0.01
255495,0.03
255496,0.11
255497,0.17
255498,0.03
255499,0.0
255500,0.03
255501,0.01
255502,0.28
255503,0.01
255504,0.01
255505,0.01
255506,0.48
255507,0.01
255508,0.01
255509,0.09
255510,0.04
255511,0.01
255512,0.0
255513,0.03
255514,0.03
255515,0.12
255516,0.0
255517,0.0
255518,0.0
255519,0.01
255520,0.0
255521,0.02
255522,0.0
255523,0.63
255524,0.07
255525,0.03
255526,0.02
255527,0.01
255528,0.04
255529,0.24
255530,0.05
255531,0.03
255532,0.02
255533,0.01
255534,0.01
255535,0.04
255536,0.0
255537,0.0
255538,0.42
255539,0.03
255540,0.56
255541,0.05
255542,0.25
255543,0.03
255544,0.01
255545,0.05
255546,0.0
255547,0.04
255548,0.06
255549,0.0
255550,0.0
255551,0.01
255552,0.3
255553,0.03
255554,0.03
255555,0.21
255556,0.02
255557,0.0
255558,0.03
255559,0.01
255560,0.07
255561,0.0
255562,0.01
255563,0.02
255564,0.0
255565,0.07
255566,0.02
255567,0.09
255568,0.0
255569,0.15
255570,0.02
255571,0.0
255572,0.0
255573,0.01
255574,0.05
255575,0.01
255576,0.0
255577,0.02
255578,0.02
255579,0.0
255580,0.33
255581,0.03
255582,0.01
255583,0.03
255584,0.03
255585,0.01
255586,0.1
255587,0.0
255588,0.0
255589,0.91
255590,0.02
255591,0.83
255592,0.01
255593,0.01
255594,0.02
255595,0.01
255596,0.02
255597,0.05
255598,0.03
255599,0.01
255600,0.0
255601,0.005
255602,0.0
255603,0.04
255604,0.48
255605,0.01
255606,0.01
255607,0.01
255608,0.0
255609,0.11
255610,0.01
255611,0.0
255612,0.03
255613,0.0
255614,0.1
255615,0.0
255616,0.06
255617,0.0
255618,0.01
255619,0.01
255620,0.02
255621,0.62
255622,0.06
255623,0.0
255624,0.09
255625,0.0
255626,0.0
255627,0.0
255628,0.03
255629,0.03
255630,0.01
255631,0.02
255632,0.02
255633,0.0
255634,0.01
255635,0.085
255636,0.03
255637,0.01
255638,0.01
255639,0.02
255640,0.0
255641,0.02
255642,0.0
255643,0.0
255644,0.01
255645,0.05
255646,0.1
255647,0.35
255648,0.0
255649,0.06
255650,0.0
255651,0.04
255652,0.1
255653,0.03
255654,0.0
255655,0.08
255656,0.02
255657,0.02
255658,0.01
255659,0.07333333333333333
255660,0.0
255661,0.01
255662,0.01
255663,0.04
255664,0.74
255665,0.01
255666,0.0
255667,0.02
255668,0.0
255669,0.02
255670,0.01
255671,0.03
255672,0.0
255673,0.82
255674,0.03
255675,0.0
255676,0.0
255677,0.01
255678,0.03
255679,0.01
255680,0.03
255681,0.0
255682,0.03
255683,0.0
255684,0.05
255685,0.0
255686,0.01
255687,0.03
255688,0.0
255689,0.01
255690,0.02
255691,0.0
255692,0.01
255693,0.0
255694,0.06
255695,0.0
255696,0.07
255697,0.02
255698,0.04
255699,0.02
255700,0.0
255701,0.03
255702,0.02
255703,0.0
255704,0.0
255705,0.05
255706,0.02
255707,0.0
255708,0.0
255709,0.0
255710,0.03
255711,0.03
255712,0.04
255713,0.01
255714,0.0
255715,0.0
255716,0.0
255717,0.0
255718,0.01
255719,0.01
255720,0.02
255721,0.01
255722,0.0
255723,0.01
255724,0.01
255725,0.02
255726,0.59
255727,0.01
255728,0.76
255729,0.03
255730,0.02
255731,0.01
255732,0.02
255733,0.85
255734,0.0
255735,0.03
255736,0.84
255737,0.03
255738,0.04
255739,0.0
255740,0.02
255741,0.01
255742,0.01
255743,0.01
255744,0.0
255745,0.0
255746,0.02
255747,0.01
255748,0.0
255749,0.0
255750,0.0
255751,0.0
255752,0.0
255753,0.0
255754,0.42
255755,0.03
255756,0.03
255757,0.05
255758,0.0
255759,0.01
255760,0.04
255761,0.0
255762,0.0
255763,0.0
255764,0.03
255765,0.05
255766,0.01
255767,0.0
255768,0.04
255769,0.01
255770,0.0
255771,0.01
255772,0.17
255773,0.01
255774,0.46
255775,0.07
255776,0.03
255777,0.01
255778,0.01
255779,0.0
255780,0.01
255781,0.02
255782,0.02
255783,0.0
255784,0.01
255785,0.0
255786,0.0
255787,0.43
255788,0.0
255789,0.0
255790,0.0
255791,0.0
255792,0.54
255793,0.02
255794,0.01
255795,0.01
255796,0.0
255797,0.09
255798,0.09
255799,0.01
255800,0.0
255801,0.01
255802,0.0
255803,0.0
255804,0.0
255805,0.05
255806,0.03
255807,0.01
255808,0.02
255809,0.09
255810,0.0
255811,0.0
255812,0.0
255813,0.19
255814,0.0
255815,0.03
255816,0.04
255817,0.45
255818,0.02
255819,0.03
255820,0.0
255821,0.55
255822,0.03
255823,0.0
255824,0.26
255825,0.02
255826,0.01
255827,0.06
255828,0.0
255829,0.65
255830,0.02
255831,0.04
255832,0.75
255833,0.45
255834,0.0
255835,0.0
255836,0.03
255837,0.01
255838,0.04
255839,0.01
255840,0.0
255841,0.01
255842,0.0
255843,0.01
255844,0.03
255845,0.02
255846,0.02
255847,0.02
255848,0.0
255849,0.03
255850,0.0
255851,0.0
255852,0.01
255853,0.0
255854,0.02
255855,0.0
255856,0.08
255857,0.03
255858,0.04
255859,0.01
255860,0.09
255861,0.15
255862,0.0
255863,0.03
255864,0.09
255865,0.01
255866,0.27
255867,0.05
255868,0.03333333333333333
255869,0.01
255870,0.0
255871,0.01
255872,0.0
255873,0.01
255874,0.02
255875,0.0
255876,0.01
255877,0.03
255878,0.88
255879,0.02
255880,0.03
255881,0.32
255882,0.02
255883,0.01
255884,0.02
255885,0.06
255886,0.2
255887,0.01
255888,0.0
255889,0.01
255890,0.0
255891,0.0
255892,0.01
255893,0.04
255894,0.01
255895,0.02
255896,0.01
255897,0.02
255898,0.01
255899,0.01
255900,0.02
255901,0.11
255902,0.0
255903,0.01
255904,0.0
255905,0.03
255906,0.0
255907,0.0
255908,0.22
255909,0.3
255910,0.01
255911,0.02
255912,0.0
255913,0.02
255914,0.49
255915,0.02
255916,0.0
255917,0.58
255918,0.09
255919,0.0
255920,0.03
255921,0.01
255922,0.02
255923,0.0
255924,0.0
255925,0.01
255926,0.03
255927,0.01
255928,0.46
255929,0.01
255930,0.0
255931,0.04
255932,0.0
255933,0.01
255934,0.0
255935,0.05
255936,0.02
255937,0.01
255938,0.0
255939,0.03
255940,0.44
255941,0.0
255942,0.01
255943,0.0
255944,0.0
255945,0.35
255946,0.0
255947,0.0
255948,0.07
255949,0.01
255950,0.03
255951,0.04
255952,0.0
255953,0.26
255954,0.01
255955,0.01
255956,0.1
255957,0.01
255958,0.0
255959,0.0
255960,0.0
255961,0.02
255962,0.0
255963,0.64
255964,0.01
255965,0.01
255966,0.01
255967,0.03
255968,0.01
255969,0.01
255970,0.0
255971,0.0
255972,0.85
255973,0.45
255974,0.0
255975,0.01
255976,0.01
255977,0.02
255978,0.01
255979,0.0
255980,0.02
255981,0.0
255982,0.02
255983,0.92
255984,0.01
255985,0.03
255986,0.05
255987,0.02
255988,0.0
255989,0.02
255990,0.04
255991,0.02
255992,0.03
255993,0.01
255994,0.02
255995,0.04
255996,0.05
255997,0.01
255998,0.04
255999,0.09
256000,0.0
256001,0.02
256002,0.5
256003,0.0
256004,0.47
256005,0.03
256006,0.02
256007,0.05
256008,0.0
256009,0.11
256010,0.01
256011,0.04
256012,0.0
256013,0.2
256014,0.0
256015,0.02
256016,0.02
256017,0.11
256018,0.0
256019,0.24
256020,0.03
256021,0.09
256022,0.01
256023,0.02
256024,0.01
256025,0.0
256026,0.01
256027,0.02
256028,0.01
256029,0.02
256030,0.03
256031,0.01
256032,0.06
256033,0.04
256034,0.07
256035,0.01
256036,0.18
256037,0.03
256038,0.02
256039,0.03
256040,0.02
256041,0.01
256042,0.57
256043,0.0
256044,0.0
256045,0.03
256046,0.08
256047,0.0
256048,0.02
256049,0.01
256050,0.01
256051,0.03
256052,0.03
256053,0.07
256054,0.01
256055,0.02
256056,0.05
256057,0.95
256058,0.0
256059,0.03
256060,0.02
256061,0.0
256062,0.0
256063,0.04
256064,0.0
256065,0.0
256066,0.02
256067,0.02
256068,0.01
256069,0.02
256070,0.0
256071,0.0
256072,0.03
256073,0.0
256074,0.03
256075,0.0
256076,0.23
256077,0.82
256078,0.0
256079,0.01
256080,0.02
256081,0.0
256082,0.0
256083,0.01
256084,0.0
256085,0.66
256086,0.03
256087,0.09
256088,0.77
256089,0.0
256090,0.02
256091,0.56
256092,0.17
256093,0.0
256094,0.01
256095,0.01
256096,0.67
256097,0.0
256098,0.04
256099,0.01
256100,0.0
256101,0.63
256102,0.0
256103,0.0
256104,0.02
256105,0.02
256106,0.01
256107,0.01
256108,0.0
256109,0.0
256110,0.04
256111,0.03
256112,0.19
256113,0.16
256114,0.0
256115,0.0
256116,0.0
256117,0.0
256118,0.04
256119,0.08
256120,0.0
256121,0.05
256122,0.02
256123,0.01
256124,0.01
256125,0.07
256126,0.02
256127,0.0
256128,0.01
256129,0.0
256130,0.23
256131,0.0
256132,0.51
256133,0.0
256134,0.01
256135,0.01
256136,0.01
256137,0.06
256138,0.01
256139,0.04
256140,0.02
256141,0.0
256142,0.04
256143,0.0
256144,0.02
256145,0.0
256146,0.01
256147,0.0
256148,0.03
256149,0.02
256150,0.1
256151,0.01
256152,0.0
256153,0.0
256154,0.0
256155,0.01
256156,0.01
256157,0.0
256158,0.01
256159,0.01
256160,0.02
256161,0.0
256162,0.07
256163,0.06
256164,0.03
256165,0.03
256166,0.0
256167,0.025
256168,0.91
256169,0.7
256170,0.0
256171,0.0
256172,0.0
256173,0.21
256174,0.05
256175,0.13
256176,0.02
256177,0.04
256178,0.0
256179,0.05
256180,0.01
256181,0.0
256182,0.01
256183,0.1
256184,0.02
256185,0.0
256186,0.0
256187,0.0
256188,0.0
256189,0.04
256190,0.05
256191,0.06
256192,0.0
256193,0.02
256194,0.04
256195,0.06
256196,0.0
256197,0.0
256198,0.01
256199,0.01
256200,0.06
256201,0.04
256202,0.07
256203,0.06
256204,0.96
256205,0.07833333333333332
256206,0.02
256207,0.0
256208,0.0
256209,0.05
256210,0.0
256211,0.08
256212,0.0
256213,0.01
256214,0.48
256215,0.01
256216,0.03
256217,0.01
256218,0.01
256219,0.02
256220,0.01
256221,0.0
256222,0.02
256223,0.0
256224,0.0
256225,0.02
256226,0.04
256227,0.03
256228,0.31
256229,0.02
256230,0.01
256231,0.2
256232,0.06
256233,0.03
256234,0.03
256235,0.0
256236,0.03
256237,0.11
256238,0.01
256239,0.07
256240,0.0
256241,0.1
256242,0.0
256243,0.0
256244,0.08
256245,0.0
256246,0.07
256247,0.01
256248,0.01
256249,0.0
256250,0.03
256251,0.0
256252,0.0
256253,0.0
256254,0.0
256255,0.0
256256,0.0
256257,0.02
256258,0.0
256259,0.0
256260,0.02
256261,0.24
256262,0.06
256263,0.02
256264,0.04
256265,0.01
256266,0.0
256267,0.12
256268,0.0
256269,0.19
256270,0.25
256271,0.01
256272,0.0
256273,0.0
256274,0.01
256275,0.04
256276,0.01
256277,0.0
256278,0.0
256279,0.9
256280,0.0
256281,0.07
256282,0.02
256283,0.0
256284,0.04
256285,0.0
256286,0.0
256287,0.0
256288,0.06
256289,0.02
256290,0.0
256291,0.01
256292,0.01
256293,0.01
256294,0.03
256295,0.1
256296,0.0
256297,0.01
256298,0.03
256299,0.0
256300,0.0
256301,0.0
256302,0.01
256303,0.0
256304,0.0
256305,0.01
256306,0.01
256307,0.03
256308,0.01
256309,0.03
256310,0.06
256311,0.04
256312,0.01
256313,0.0
256314,0.04
256315,0.0
256316,0.0
256317,0.0
256318,0.04
256319,0.1
256320,0.0
256321,0.62
256322,0.02
256323,0.01
256324,0.04
256325,0.08
256326,0.02
256327,0.07
256328,0.0
256329,0.1
256330,0.0
256331,0.02
256332,0.02
256333,0.04
256334,0.01
256335,0.01
256336,0.02
256337,0.01
256338,0.01
256339,0.01
256340,0.05
256341,0.0
256342,0.04
256343,0.03
256344,0.01
256345,0.0
256346,0.01
256347,0.0
256348,0.12
256349,0.03
256350,0.01
256351,0.02
256352,0.01
256353,0.02
256354,0.0
256355,0.29
256356,0.0
256357,0.03
256358,0.04
256359,0.01
256360,0.03
256361,0.03
256362,0.05
256363,0.8466666666666667
256364,0.03
256365,0.02
256366,0.0
256367,0.01
256368,0.46
256369,0.0
256370,0.0
256371,0.02
256372,0.03
256373,0.0
256374,0.0
256375,0.12
256376,0.03
256377,0.09
256378,0.0
256379,0.01
256380,0.06
256381,0.07
256382,0.03
256383,0.04
256384,0.02
256385,0.04
256386,0.0
256387,0.0
256388,0.22
256389,0.0
256390,0.01
256391,0.01
256392,0.02
256393,0.04
256394,0.0
256395,0.03
256396,0.06
256397,0.01
256398,0.0
256399,0.0
256400,0.0
256401,0.46
256402,0.0
256403,0.03
256404,0.07
256405,0.02
256406,0.0
256407,0.0
256408,0.0
256409,0.01
256410,0.02
256411,0.02
256412,0.0
256413,0.03
256414,0.0
256415,0.01
256416,0.01
256417,0.0
256418,0.0
256419,0.01
256420,0.03
256421,0.04
256422,0.0
256423,0.04
256424,0.0
256425,0.07
256426,0.6
256427,0.03
256428,0.01
256429,0.03
256430,0.04
256431,0.0
256432,0.01
256433,0.04
256434,0.01
256435,0.0
256436,0.0
256437,0.03
256438,0.07
256439,0.02
256440,0.0
256441,0.0
256442,0.02
256443,0.0
256444,0.03
256445,0.01
256446,0.02
256447,0.0
256448,0.0
256449,0.0
256450,0.01
256451,0.01
256452,0.0
256453,0.12
256454,0.01
256455,0.05
256456,0.01
256457,0.02
256458,0.01
256459,0.78
256460,0.04
256461,0.04
256462,0.03
256463,0.0
256464,0.02
256465,0.01
256466,0.02
256467,0.04
256468,0.0
256469,0.05
256470,0.07
256471,0.01
256472,0.0
256473,0.0
256474,0.05
256475,0.24
256476,0.05
256477,0.0
256478,0.06
256479,0.01
256480,0.0
256481,0.0
256482,0.02
256483,0.03
256484,0.01
256485,0.0
256486,0.02
256487,0.02
256488,0.01
256489,0.02
256490,0.17
256491,0.01
256492,0.01
256493,0.01
256494,0.02
256495,0.02
256496,0.03
256497,0.0
256498,0.02
256499,0.39
256500,0.0
256501,0.0
256502,0.02
256503,0.01
256504,0.0
256505,0.01
256506,0.14
256507,0.095
256508,0.09
256509,0.01
256510,0.12
256511,0.13
256512,0.01
256513,0.0
256514,0.03
256515,0.0
256516,0.0
256517,0.02
256518,0.02333333333333333
256519,0.01
256520,0.16
256521,0.03
256522,0.03
256523,0.0
256524,0.02
256525,0.0
256526,0.02
256527,0.05
256528,0.0
256529,0.12
256530,0.0
256531,0.04
256532,0.01
256533,0.19
256534,0.01
256535,0.02
256536,0.0
256537,0.04
256538,0.05
256539,0.01
256540,0.02
256541,0.02
256542,0.0
256543,0.01
256544,0.01
256545,0.0
256546,0.0
256547,0.0
256548,0.0
256549,0.04
256550,0.23
256551,0.02
256552,0.02
256553,0.0
256554,0.02
256555,0.02
256556,0.01
256557,0.0
256558,0.0
256559,0.04
256560,0.0
256561,0.03
256562,0.02
256563,0.01
256564,0.0
256565,0.05
256566,0.01
256567,0.1
256568,0.19
256569,0.02
256570,0.01
256571,0.02
256572,0.13
256573,0.02
256574,0.0
256575,0.05
256576,0.01
256577,0.0
256578,0.08
256579,0.04
256580,0.09
256581,0.06
256582,0.0
256583,0.0
256584,0.07
256585,0.0
256586,0.01
256587,0.01
256588,0.02
256589,0.7
256590,0.05
256591,0.0
256592,0.01
256593,0.02
256594,0.03
256595,0.09
256596,0.07
256597,0.08
256598,0.03
256599,0.06
256600,0.02
256601,0.01
256602,0.07
256603,0.07
256604,0.12
256605,0.02
256606,0.1
256607,0.08
256608,0.08
256609,0.06
256610,0.0
256611,0.04
256612,0.38
256613,0.0
256614,0.0
256615,0.0
256616,0.04
256617,0.02
256618,0.0
256619,0.48
256620,0.04
256621,0.01
256622,0.66
256623,0.0
256624,0.04
256625,0.02
256626,0.16
256627,0.0
256628,0.06
256629,0.0
256630,0.04
256631,0.0
256632,0.0
256633,0.05
256634,0.01
256635,0.14
256636,0.11
256637,0.01
256638,0.0
256639,0.0
256640,0.01
256641,0.0
256642,0.0
256643,0.0
256644,0.11
256645,0.58
256646,0.01
256647,0.04
256648,0.68
256649,0.13
256650,0.06
256651,0.0
256652,0.02
256653,0.03
256654,0.24
256655,0.03
256656,0.05
256657,0.07
256658,0.1
256659,0.04
256660,0.0
256661,0.02
256662,0.0
256663,0.01
256664,0.0
256665,0.09
256666,0.0
256667,0.0
256668,0.0
256669,0.01
256670,0.0
256671,0.01
256672,0.0
256673,0.01
256674,0.25
256675,0.0
256676,0.06
256677,0.02
256678,0.01
256679,0.0
256680,0.0
256681,0.01
256682,0.03
256683,0.0
256684,0.02
256685,0.0
256686,0.01
256687,0.0
256688,0.0
256689,0.0
256690,0.0
256691,0.0
256692,0.01
256693,0.07
256694,0.01
256695,0.12
256696,0.01
256697,0.01
256698,0.0
256699,0.01
256700,0.02
256701,0.01
256702,0.01
256703,0.04
256704,0.02
256705,0.11
256706,0.0
256707,0.02
256708,0.02
256709,0.01
256710,0.01
256711,0.01
256712,0.13
256713,0.0
256714,0.0
256715,0.06
256716,0.06
256717,0.0
256718,0.04
256719,0.0
256720,0.04
256721,0.03
256722,0.01
256723,0.03
256724,0.11
256725,0.0
256726,0.03
256727,0.04
256728,0.0
256729,0.01
256730,0.01
256731,0.0
256732,0.02
256733,0.03
256734,0.01
256735,0.01
256736,0.03
256737,0.25
256738,0.04
256739,0.0
256740,0.0
256741,0.0
256742,0.36
256743,0.08
256744,0.0
256745,0.03
256746,0.0
256747,0.0
256748,0.0
256749,0.0
256750,0.01
256751,0.01
256752,0.19
256753,0.01
256754,0.01
256755,0.02
256756,0.0
256757,0.0
256758,0.09
256759,0.01
256760,0.07
256761,0.04
256762,0.04
256763,0.01
256764,0.32
256765,0.02
256766,0.03
256767,0.01
256768,0.09
256769,0.01
256770,0.0
256771,0.01
256772,0.04
256773,0.0
256774,0.01
256775,0.02
256776,0.05
256777,0.0
256778,0.01
256779,0.01
256780,0.02
256781,0.01
256782,0.26
256783,0.05
256784,0.03
256785,0.01
256786,0.01
256787,0.0
256788,0.01
256789,0.0
256790,0.0
256791,0.015
256792,0.99
256793,0.0
256794,0.0
256795,0.0
256796,0.02
256797,0.0
256798,0.04
256799,0.23
256800,0.01
256801,0.02
256802,0.01
256803,0.4
256804,0.03
256805,0.12
256806,0.0
256807,0.0
256808,0.06
256809,0.0
256810,0.02
256811,0.03
256812,0.04
256813,0.0
256814,0.01
256815,0.56
256816,0.01
256817,0.07
256818,0.0
256819,0.0
256820,0.01
256821,0.0
256822,0.03
256823,0.0
256824,0.8
256825,0.0
256826,0.01
256827,0.0
256828,0.04
256829,0.01
256830,0.01
256831,0.0
256832,0.0
256833,0.11
256834,0.55
256835,0.0
256836,0.01
256837,0.03
256838,0.01
256839,0.01
256840,0.03
256841,0.0
256842,0.0
256843,0.02
256844,0.0
256845,0.0
256846,0.06
256847,0.0
256848,0.07333333333333333
256849,0.01
256850,0.01
256851,0.15
256852,0.02
256853,0.19
256854,0.0
256855,0.01
256856,0.04
256857,0.0
256858,0.1
256859,0.03
256860,0.01
256861,0.0
256862,0.0
256863,0.23
256864,0.01
256865,0.0
256866,0.02
256867,0.01
256868,0.5225
256869,0.02
256870,0.0
256871,0.0
256872,0.0
256873,0.01
256874,0.03
256875,0.01
256876,0.01
256877,0.0
256878,0.04
256879,0.03
256880,0.21
256881,0.01
256882,0.06666666666666667
256883,0.01
256884,0.01
256885,0.03
256886,0.0
256887,0.01
256888,0.0
256889,0.01
256890,0.0
256891,0.01
256892,0.02
256893,0.0
256894,0.01
256895,0.05
256896,0.0
256897,0.01
256898,0.01
256899,0.3
256900,0.01
256901,0.15
256902,0.04
256903,0.0
256904,0.02
256905,0.64
256906,0.0
256907,0.07
256908,0.02
256909,0.08
256910,0.04833333333333333
256911,0.0
256912,0.01
256913,0.02
256914,0.04
256915,0.0
256916,0.01
256917,0.04
256918,0.0
256919,0.0
256920,0.02
256921,0.02
256922,0.18
256923,0.02
256924,0.01
256925,0.0
256926,0.01
256927,0.02
256928,0.0
256929,0.01
256930,0.03
256931,0.05
256932,0.0
256933,0.0
256934,0.02
256935,0.0
256936,0.0
256937,0.01
256938,0.0
256939,0.76
256940,0.0
256941,0.81
256942,0.0
256943,0.53
256944,0.0
256945,0.0
256946,0.0
256947,0.09
256948,0.05
256949,0.03
256950,0.0
256951,0.01
256952,0.01
256953,0.06
256954,0.02
256955,0.0
256956,0.0
256957,0.02
256958,0.06
256959,0.02
256960,0.008333333333333333
256961,0.02
256962,0.01
256963,0.36
256964,0.04
256965,0.07
256966,0.0
256967,0.02
256968,0.04
256969,0.03
256970,0.01
256971,0.08
256972,0.0
256973,0.06
256974,0.0
256975,0.01
256976,0.06
256977,0.0
256978,0.01
256979,0.03
256980,0.01
256981,0.0
256982,0.01
256983,0.05
256984,0.1
256985,0.0
256986,0.01
256987,0.0
256988,0.06
256989,0.09
256990,0.02
256991,0.25
256992,0.03
256993,0.09
256994,0.09
256995,0.01
256996,0.01
256997,0.0
256998,0.01
256999,0.0
257000,0.04
257001,0.02
257002,0.0
257003,0.02
257004,0.03
257005,0.0
257006,0.01
257007,0.04
257008,0.0
257009,0.04
257010,0.02
257011,0.0
257012,0.07
257013,0.01
257014,0.01
257015,0.0
257016,0.07
257017,0.0
257018,0.0
257019,0.03
257020,0.0
257021,0.02
257022,0.0
257023,0.04
257024,0.0
257025,0.0
257026,0.04
257027,0.85
257028,0.01
257029,0.0
257030,0.02
257031,0.11
257032,0.0
257033,0.0
257034,0.0
257035,0.02
257036,0.02
257037,0.0
257038,0.0
257039,0.0325
257040,0.0
257041,0.01
257042,0.0
257043,0.02
257044,0.05
257045,0.02
257046,0.05
257047,0.01
257048,0.03
257049,0.0
257050,0.0
257051,0.01
257052,0.02
257053,0.02
257054,0.7
257055,0.08
257056,0.02
257057,0.01
257058,0.01
257059,0.0
257060,0.03
257061,0.0
257062,0.1
257063,0.0
257064,0.0
257065,0.01
257066,0.0
257067,0.03
257068,0.0
257069,0.0
257070,0.01
257071,0.07
257072,0.04
257073,0.18
257074,0.12
257075,0.01
257076,0.01
257077,0.03
257078,0.02
257079,0.0
257080,0.04
257081,0.05
257082,0.0
257083,0.03
257084,0.04
257085,0.01
257086,0.0
257087,0.08
257088,0.21
257089,0.02
257090,0.0
257091,0.02
257092,0.01
257093,0.02
257094,0.02
257095,0.02
257096,0.01
257097,0.0
257098,0.33
257099,0.0
257100,0.0
257101,0.1
257102,0.05
257103,0.01
257104,0.01
257105,0.12
257106,0.02
257107,0.02
257108,0.01
257109,0.01
257110,0.03
257111,0.03
257112,0.015
257113,0.04
257114,0.02
257115,0.0
257116,0.02
257117,0.01
257118,0.01
257119,0.03
257120,0.0
257121,0.0
257122,0.0
257123,0.01
257124,0.0
257125,0.0
257126,0.0
257127,0.03
257128,0.0
257129,0.0
257130,0.0
257131,0.01
257132,0.01
257133,0.0
257134,0.01
257135,0.07
257136,0.03
257137,0.0
257138,0.92
257139,0.0
257140,0.02
257141,0.11
257142,0.03
257143,0.0
257144,0.51
257145,0.02
257146,0.72
257147,0.03
257148,0.02
257149,0.02
257150,0.01
257151,0.03
257152,0.0
257153,0.02
257154,0.38
257155,0.04
257156,0.04
257157,0.0
257158,0.01
257159,0.02
257160,0.0
257161,0.0
257162,0.02
257163,0.01
257164,0.03
257165,0.13
257166,0.02
257167,0.02
257168,0.02
257169,0.01
257170,0.0
257171,0.0
257172,0.01
257173,0.07
257174,0.02
257175,0.0
257176,0.02
257177,0.35
257178,0.0
257179,0.0
257180,0.05
257181,0.0
257182,0.06
257183,0.01
257184,0.01
257185,0.015
257186,0.09
257187,0.05
257188,0.06
257189,0.12
257190,0.0
257191,0.01
257192,0.01
257193,0.01
257194,0.07
257195,0.03
257196,0.03
257197,0.04
257198,0.99
257199,0.02
257200,0.04
257201,0.0
257202,0.39
257203,0.06
257204,0.01
257205,0.37
257206,0.01
257207,0.0
257208,0.0
257209,0.03
257210,0.01
257211,0.0
257212,0.01
257213,0.01
257214,0.0
257215,0.1
257216,0.01
257217,0.02
257218,0.0
257219,0.16
257220,0.01
257221,0.01
257222,0.01
257223,0.0
257224,0.0
257225,0.01
257226,0.35
257227,0.01
257228,0.0
257229,0.01
257230,0.01
257231,0.0
257232,0.05
257233,0.04
257234,0.03
257235,0.02
257236,0.06
257237,0.01
257238,0.0
257239,0.04
257240,0.79
257241,0.06
257242,0.01
257243,0.03
257244,0.01
257245,0.02
257246,0.0
257247,0.0
257248,0.05
257249,0.27
257250,0.0
257251,0.98
257252,0.04
257253,0.07
257254,0.0
257255,0.0
257256,0.01
257257,0.11
257258,0.0
257259,0.19
257260,0.08
257261,0.02
257262,0.06
257263,0.02
257264,0.57
257265,0.01
257266,0.03
257267,0.0
257268,0.0
257269,0.02
257270,0.02
257271,0.02
257272,0.01
257273,0.04
257274,0.01
257275,0.02
257276,0.06
257277,0.04
257278,0.0
257279,0.0
257280,0.04
257281,0.14
257282,0.03
257283,0.02
257284,0.27
257285,0.02
257286,0.15
257287,0.05
257288,0.01
257289,0.12
257290,0.02
257291,0.0
257292,0.08
257293,0.03
257294,0.1
257295,0.15
257296,0.02
257297,0.0
257298,0.0
257299,0.01
257300,0.0
257301,0.0
257302,0.01
257303,0.01
257304,0.0
257305,0.02
257306,0.02
257307,0.05
257308,0.04
257309,0.12
257310,0.03
257311,0.0
257312,0.04
257313,0.01
257314,0.0
257315,0.61
257316,0.01
257317,0.05
257318,0.03
257319,0.03
257320,0.99
257321,0.01
257322,0.01
257323,0.01
257324,0.16
257325,0.01
257326,0.02
257327,0.0
257328,0.08
257329,0.0
257330,0.0
257331,0.43
257332,0.51
257333,0.01
257334,0.0
257335,0.0
257336,0.03
257337,0.0
257338,0.31
257339,0.01
257340,0.0
257341,0.03
257342,0.0
257343,0.04
257344,0.41
257345,0.0
257346,0.01
257347,0.27
257348,0.0
257349,0.02
257350,0.0
257351,0.0
257352,0.01
257353,0.01
257354,0.01
257355,0.0
257356,0.93
257357,0.09
257358,0.0
257359,0.01
257360,0.0
257361,0.01
257362,0.02
257363,0.06
257364,0.01
257365,0.83
257366,0.02
257367,0.0
257368,0.01
257369,0.01
257370,0.0
257371,0.94
257372,0.01
257373,0.01
257374,0.0
257375,0.0
257376,0.06
257377,0.0
257378,0.06
257379,0.0
257380,0.48
257381,0.76
257382,0.0
257383,0.59
257384,0.33
257385,0.01
257386,0.73
257387,0.06
257388,0.05
257389,0.0
257390,0.02
257391,0.03
257392,0.08
257393,0.02
257394,0.01
257395,0.0
257396,0.1
257397,0.0
257398,0.18
257399,0.68
257400,0.0
257401,0.01
257402,0.01
257403,0.23
257404,0.02
257405,0.02
257406,0.02
257407,0.01
257408,0.23
257409,0.61
257410,0.33
257411,0.0
257412,0.0
257413,0.01
257414,0.03
257415,0.02
257416,0.0
257417,0.03
257418,0.0
257419,0.03
257420,0.0
257421,0.1
257422,0.0
257423,0.05
257424,0.0
257425,0.01
257426,0.06
257427,0.02
257428,0.02
257429,0.28
257430,0.03
257431,0.0
257432,0.01
257433,0.01
257434,0.05
257435,0.05
257436,0.0
257437,0.06
257438,0.99
257439,0.0
257440,0.05
257441,0.0
257442,0.13
257443,0.01
257444,0.0
257445,0.02
257446,0.0
257447,0.02
257448,0.01
257449,0.0
257450,0.83
257451,0.0
257452,0.69
257453,0.04
257454,0.0
257455,0.0
257456,0.01
257457,0.01
257458,0.0
257459,0.02
257460,0.01
257461,0.01
257462,0.17
257463,0.0
257464,0.02
257465,0.02
257466,0.026666666666666665
257467,0.01
257468,0.02
257469,0.01
257470,0.0
257471,0.0
257472,0.0
257473,0.02
257474,0.03
257475,0.13
257476,0.01
257477,0.06
257478,0.01
257479,0.11
257480,0.02
257481,0.34
257482,0.0
257483,0.0
257484,0.0
257485,0.03
257486,0.04
257487,0.01
257488,0.03
257489,0.0
257490,0.1
257491,0.06
257492,0.02
257493,0.0
257494,0.02
257495,0.01
257496,0.0
257497,0.0
257498,0.03
257499,0.0
257500,0.2
257501,0.14
257502,0.03
257503,0.09
257504,0.02
257505,0.28
257506,0.04
257507,0.0
257508,0.01
257509,0.0
257510,0.0
257511,0.07
257512,0.42
257513,0.01
257514,0.03
257515,0.05
257516,0.03
257517,0.01
257518,0.17
257519,0.03
257520,0.03
257521,0.0
257522,0.01
257523,0.0
257524,0.03
257525,0.0
257526,0.0
257527,0.01
257528,0.01
257529,0.0
257530,0.01
257531,0.01
257532,0.08
257533,0.0
257534,0.01
257535,0.79
257536,0.02
257537,0.87
257538,0.01
257539,0.205
257540,0.0
257541,0.0
257542,0.01
257543,0.06
257544,0.03
257545,0.0
257546,0.12
257547,0.002
257548,0.0
257549,0.0
257550,0.0
257551,0.01
257552,0.3
257553,0.01
257554,0.0
257555,0.0
257556,0.0
257557,0.03
257558,0.05
257559,0.0
257560,0.01
257561,0.02
257562,0.02
257563,0.01
257564,0.0
257565,0.0
257566,0.0
257567,0.0
257568,0.0
257569,0.0
257570,0.0
257571,0.17
257572,0.0
257573,0.07
257574,0.03
257575,0.0
257576,0.02
257577,0.17
257578,0.0
257579,0.11
257580,0.0
257581,0.01
257582,0.0
257583,0.05
257584,0.02
257585,0.05
257586,0.03
257587,0.73
257588,0.0
257589,0.93
257590,0.49
257591,0.0
257592,0.0
257593,0.87
257594,0.84
257595,0.01
257596,0.0
257597,0.04
257598,0.02
257599,0.02
257600,0.09
257601,0.0
257602,0.82
257603,0.03
257604,0.04
257605,0.02
257606,0.01
257607,0.01
257608,0.07
257609,0.03
257610,0.02
257611,0.0
257612,0.0
257613,0.06
257614,0.31
257615,0.07
257616,0.08
257617,0.0
257618,0.0
257619,0.02
257620,0.01
257621,0.0
257622,0.02
257623,0.0
257624,0.67
257625,0.02
257626,0.0
257627,0.01
257628,0.0
257629,0.0
257630,0.01
257631,0.01
257632,0.04
257633,0.0
257634,0.01
257635,0.01
257636,0.0
257637,0.0
257638,0.15
257639,0.0
257640,0.01
257641,0.02
257642,0.0
257643,0.07
257644,0.0
257645,0.0
257646,0.02
257647,0.0
257648,0.01
257649,0.01
257650,0.0
257651,0.02
257652,0.11
257653,0.0
257654,0.0
257655,0.03
257656,0.05
257657,0.0
257658,0.02
257659,0.0
257660,0.17
257661,0.0
257662,0.41
257663,0.0
257664,0.01
257665,0.07
257666,0.02
257667,0.0
257668,0.0
257669,0.04
257670,0.21
257671,0.01
257672,0.0
257673,0.15
257674,0.11
257675,0.03
257676,0.01
257677,0.02
257678,0.12
257679,0.0
257680,0.02
257681,0.11
257682,0.0
257683,0.11
257684,0.0
257685,0.0
257686,0.06
257687,0.0
257688,0.42
257689,0.0
257690,0.01
257691,0.01
257692,0.01
257693,0.04
257694,0.02
257695,0.0
257696,0.05
257697,0.0
257698,0.0
257699,0.02
257700,0.02
257701,0.01
257702,0.0
257703,0.01
257704,0.0
257705,0.04
257706,0.01
257707,0.45
257708,0.04
257709,0.03
257710,0.0
257711,0.02
257712,0.01
257713,0.09
257714,0.0
257715,0.0
257716,0.17
257717,0.01
257718,0.02
257719,0.0
257720,0.0
257721,0.05
257722,0.03
257723,0.0
257724,0.0
257725,0.0
257726,0.0
257727,0.0
257728,0.01
257729,0.01
257730,0.0
257731,0.06
257732,0.02
257733,0.0
257734,0.03
257735,0.0
257736,0.0
257737,0.01
257738,0.07
257739,0.03
257740,0.01
257741,0.02
257742,0.0
257743,0.0
257744,0.03
257745,0.02
257746,0.0
257747,0.05
257748,0.01
257749,0.01
257750,0.02
257751,0.04
257752,0.82
257753,0.0
257754,0.04
257755,0.05
257756,0.0
257757,0.03
257758,0.03
257759,0.0
257760,0.0
257761,0.02
257762,0.0
257763,0.02
257764,0.7
257765,0.54
257766,0.01
257767,0.0
257768,0.02
257769,0.03
257770,0.02
257771,0.0
257772,0.0
257773,0.05
257774,0.01
257775,0.0
257776,0.03
257777,0.05
257778,0.08
257779,0.18
257780,0.0
257781,0.0
257782,0.05
257783,0.0
257784,0.0
257785,0.02
257786,0.01
257787,0.0
257788,0.0
257789,0.01
257790,0.01
257791,0.05
257792,0.09
257793,0.39
257794,0.02
257795,0.0
257796,0.01
257797,0.01
257798,0.0
257799,0.0
257800,0.0
257801,0.01
257802,0.01
257803,0.0
257804,0.0
257805,0.05
257806,0.01
257807,0.0
257808,0.05
257809,0.0
257810,0.0
257811,0.01
257812,0.0
257813,1.0
257814,0.0
257815,0.15
257816,0.01
257817,0.08
257818,0.0
257819,0.0
257820,0.02
257821,0.01
257822,0.04
257823,0.13
257824,0.07
257825,0.22
257826,0.0
257827,0.0
257828,0.01
257829,0.04
257830,0.04
257831,0.0
257832,0.0
257833,0.0
257834,0.02
257835,0.03
257836,0.01
257837,0.01
257838,0.02
257839,0.12
257840,0.02
257841,0.0
257842,0.0
257843,0.24
257844,0.0
257845,0.0
257846,0.05
257847,0.01
257848,0.04
257849,0.02
257850,0.62
257851,0.01
257852,0.0
257853,0.03
257854,0.0
257855,0.02
257856,0.01
257857,0.01
257858,0.0
257859,0.03
257860,0.01
257861,0.01
257862,0.04
257863,0.05
257864,0.01
257865,0.03
257866,0.01
257867,0.52
257868,0.01
257869,0.0
257870,0.01
257871,0.03
257872,0.01
257873,0.01
257874,0.0
257875,0.0
257876,0.01
257877,0.01
257878,0.03
257879,0.0
257880,0.0
257881,0.13
257882,0.03
257883,0.01
257884,0.0
257885,0.0
257886,0.0
257887,0.02
257888,0.12
257889,0.01
257890,0.0
257891,0.0
257892,0.06
257893,0.03
257894,0.92
257895,0.12
257896,0.05
257897,0.01
257898,0.0
257899,0.03
257900,0.01
257901,0.01
257902,0.03
257903,0.0
257904,0.0
257905,0.11
257906,0.08
257907,0.02
257908,0.02
257909,0.0
257910,0.0
257911,0.0
257912,0.01
257913,0.05
257914,0.06
257915,0.0
257916,0.02
257917,0.02
257918,0.07
257919,0.05
257920,0.06
257921,0.04
257922,0.01
257923,0.02
257924,0.0
257925,0.02
257926,0.03
257927,0.12
257928,0.01
257929,0.01
257930,0.05
257931,0.0
257932,0.03
257933,0.0
257934,0.0
257935,0.09
257936,0.04
257937,0.73
257938,0.03
257939,0.56
257940,0.02
257941,0.06
257942,0.02
257943,0.02
257944,0.0
257945,0.0
257946,0.0
257947,0.05
257948,0.01
257949,0.02
257950,0.0
257951,0.01
257952,0.0
257953,0.0
257954,0.01
257955,0.0
257956,0.01
257957,0.04
257958,0.0
257959,0.05
257960,0.02
257961,0.0
257962,0.0
257963,0.05
257964,0.01
257965,0.02
257966,0.59
257967,0.01
257968,0.09
257969,0.01
257970,0.0
257971,0.01
257972,0.02
257973,0.02
257974,0.07
257975,0.02
257976,0.0
257977,0.07
257978,0.01
257979,0.0
257980,0.03
257981,0.0
257982,0.0
257983,0.02
257984,0.0
257985,0.0
257986,0.01
257987,0.03
257988,0.01
257989,0.02
257990,0.01
257991,0.01
257992,0.02
257993,0.08
257994,0.06
257995,0.05
257996,0.0
257997,0.01
257998,0.0
257999,0.72
258000,0.06
258001,0.59
258002,0.13
258003,0.0
258004,0.05
258005,0.0
258006,0.82
258007,0.02
258008,0.01
258009,0.01
258010,0.01
258011,0.0
258012,0.03
258013,0.41
258014,0.03
258015,0.0
258016,0.0
258017,0.01
258018,0.19
258019,0.0
258020,0.0
258021,0.0
258022,0.04
258023,0.02
258024,0.03
258025,0.0
258026,0.0
258027,0.0
258028,0.06
258029,0.0
258030,0.05
258031,0.0
258032,0.0
258033,0.01
258034,0.0
258035,0.0
258036,0.03
258037,0.05
258038,0.0
258039,0.0
258040,0.0
258041,0.04
258042,0.01
258043,0.02
258044,0.0
258045,0.0
258046,0.0
258047,0.0
258048,0.01
258049,0.06
258050,0.0
258051,0.1
258052,0.01
258053,0.04
258054,0.01
258055,0.01
258056,0.0
258057,0.41
258058,0.04
258059,0.01
258060,0.0
258061,0.0
258062,0.0
258063,0.39
258064,0.0
258065,0.0
258066,0.02
258067,0.2
258068,0.02
258069,0.06
258070,0.0
258071,0.01
258072,0.02
258073,0.0
258074,0.0
258075,0.01
258076,0.02
258077,0.0
258078,0.02
258079,0.0
258080,0.02
258081,0.04
258082,0.0
258083,0.03
258084,0.03
258085,0.01
258086,0.02
258087,0.0
258088,0.07
258089,0.02
258090,0.0
258091,0.03
258092,0.76
258093,0.02
258094,0.01
258095,0.02
258096,0.02
258097,0.02
258098,0.04
258099,0.01
258100,0.01
258101,0.49
258102,0.01
258103,0.01
258104,0.02
258105,0.02
258106,0.05
258107,0.23
258108,0.0
258109,0.0
258110,0.01
258111,0.0
258112,0.01
258113,0.01
258114,0.01
258115,0.01
258116,0.01
258117,0.02
258118,0.03
258119,0.0
258120,0.26
258121,0.04
258122,0.03
258123,0.21
258124,0.01
258125,0.01
258126,0.01
258127,0.0
258128,0.02
258129,0.0
258130,0.09
258131,0.0
258132,0.0
258133,0.13
258134,0.01
258135,0.0
258136,0.0
258137,0.01
258138,0.01
258139,0.0
258140,0.02
258141,0.003333333333333333
258142,0.04
258143,0.01
258144,0.05
258145,0.0
258146,0.0
258147,0.0
258148,0.02
258149,0.02
258150,0.0
258151,0.0
258152,0.0
258153,0.0
258154,0.04
258155,0.01
258156,0.06
258157,0.02
258158,0.0
258159,0.0
258160,0.02
258161,0.03
258162,0.01
258163,0.04
258164,0.23
258165,0.0
258166,0.0
258167,0.01
258168,0.06
258169,0.0
258170,0.01
258171,0.02
258172,0.06
258173,0.0
258174,0.04
258175,0.01
258176,0.84
258177,0.81
258178,0.92
258179,0.15
258180,0.01
258181,0.11
258182,0.0
258183,0.0
258184,0.02
258185,0.0
258186,0.07
258187,0.0
258188,0.14
258189,0.0
258190,0.15
258191,0.01
258192,0.02
258193,0.02
258194,0.01
258195,0.01
258196,0.01
258197,0.85
258198,0.0
258199,0.39
258200,0.02
258201,0.17
258202,0.02
258203,0.0
258204,0.01
258205,0.0
258206,0.0
258207,0.04
258208,0.28
258209,0.02
258210,0.0
258211,0.27
258212,0.01
258213,0.0
258214,0.0
258215,0.0
258216,0.0
258217,0.01
258218,0.02
258219,0.01
258220,0.0
258221,0.0
258222,0.06
258223,0.02
258224,0.0
258225,0.02
258226,0.16
258227,0.0
258228,0.02
258229,0.0
258230,0.0
258231,0.03
258232,0.0
258233,0.01
258234,0.0
258235,0.0
258236,0.0
258237,0.16
258238,0.0
258239,0.03
258240,0.01
258241,0.03
258242,0.04
258243,0.0
258244,0.0
258245,0.02
258246,0.13
258247,0.0
258248,0.01
258249,0.02
258250,0.01
258251,0.02
258252,0.11
258253,0.02
258254,0.01
258255,0.0
258256,0.16
258257,0.02
258258,0.1
258259,0.02
258260,0.0
258261,0.06
258262,0.03
258263,0.0
258264,0.72
258265,0.91
258266,0.06
258267,0.26
258268,0.0
258269,0.0
258270,0.07
258271,0.0
258272,0.34
258273,0.01
258274,0.07
258275,0.0
258276,0.01
258277,0.02
258278,0.0
258279,0.01
258280,0.01
258281,0.0
258282,0.01
258283,0.02
258284,0.0
258285,0.0
258286,0.06
258287,0.02
258288,0.78
258289,0.0
258290,0.01
258291,0.03
258292,0.02
258293,0.23
258294,0.83
258295,0.01
258296,0.0
258297,0.02
258298,0.0
258299,0.0
258300,0.01
258301,0.03
258302,0.0
258303,0.0
258304,0.6
258305,0.13
258306,0.02
258307,0.0
258308,0.0
258309,0.04
258310,0.01
258311,0.01
258312,0.02
258313,0.01
258314,0.25
258315,0.01
258316,0.0
258317,0.01
258318,0.13
258319,0.1
258320,0.01
258321,0.29
258322,0.01
258323,0.05
258324,0.01
258325,0.01
258326,0.01
258327,0.02
258328,0.01
258329,0.02
258330,0.03
258331,0.02
258332,0.0
258333,0.08
258334,0.0
258335,0.0
258336,0.0
258337,0.01
258338,0.33
258339,0.04
258340,0.0
258341,0.02
258342,0.0
258343,0.01
258344,0.03
258345,0.01
258346,0.01
258347,0.0
258348,0.0
258349,0.83
258350,0.04
258351,0.0
258352,0.0
258353,0.07
258354,0.05
258355,0.06
258356,0.01
258357,0.12
258358,0.04
258359,0.04
258360,0.0
258361,0.0
258362,0.0
258363,0.1
258364,0.01
258365,0.01
258366,0.0
258367,0.0
258368,0.0
258369,0.04
258370,0.0
258371,0.01
258372,0.01
258373,0.0
258374,0.03
258375,0.02
258376,0.02
258377,0.0
258378,0.02
258379,0.01
258380,0.01
258381,0.5
258382,0.12
258383,0.13
258384,0.01
258385,0.07
258386,0.03
258387,0.08
258388,0.0
258389,0.02
258390,0.02
258391,0.0
258392,0.01
258393,0.0
258394,0.02
258395,0.01
258396,0.0
258397,0.11
258398,0.003333333333333333
258399,0.02
258400,0.01
258401,0.0
258402,0.0
258403,0.01
258404,0.16
258405,0.02
258406,0.02
258407,0.0
258408,0.13
258409,0.0
258410,0.0
258411,0.01
258412,0.0
258413,0.05
258414,0.01
258415,0.01
258416,0.0
258417,0.01
258418,0.01
258419,0.0
258420,0.12
258421,0.01
258422,0.19
258423,0.0
258424,0.0
258425,0.01
258426,0.013333333333333332
258427,0.09
258428,0.01
258429,0.03
258430,0.02
258431,0.01
258432,0.01
258433,0.04
258434,0.08
258435,0.01
258436,0.0
258437,0.06
258438,0.28
258439,0.01
258440,0.02
258441,0.02
258442,0.0
258443,0.05
258444,0.0
258445,0.01
258446,0.02
258447,0.76
258448,0.03
258449,0.01
258450,0.01
258451,0.01
258452,0.01
258453,0.02
258454,0.18
258455,1.0
258456,0.01
258457,0.0
258458,0.0
258459,0.0
258460,0.01
258461,0.03
258462,0.0
258463,0.01
258464,0.02
258465,0.0
258466,0.02
258467,0.05
258468,0.05
258469,0.01
258470,0.26
258471,0.01
258472,0.0
258473,0.07
258474,0.01
258475,0.27
258476,0.03
258477,0.1
258478,0.01
258479,0.03
258480,0.0
258481,0.04
258482,0.01
258483,0.02
258484,0.03
258485,0.01
258486,0.0
258487,0.0
258488,0.0
258489,0.0
258490,0.03
258491,0.04
258492,0.19
258493,0.0
258494,0.03
258495,0.09
258496,0.0
258497,0.0
258498,0.36
258499,0.0
258500,0.0
258501,0.0
258502,0.05
258503,0.0
258504,0.11
258505,0.05
258506,0.01
258507,0.04
258508,0.0
258509,0.02
258510,0.83
258511,0.01
258512,0.0
258513,0.02
258514,0.04
258515,0.0
258516,0.0
258517,0.01
258518,0.0
258519,0.16
258520,0.01
258521,0.01
258522,0.05
258523,0.0
258524,0.0
258525,0.0
258526,0.01
258527,0.01
258528,0.35
258529,0.06
258530,0.0
258531,0.0
258532,0.0
258533,0.0
258534,0.12
258535,0.81
258536,0.02
258537,0.78
258538,0.0
258539,0.0
258540,0.02
258541,0.01
258542,0.0
258543,0.03
258544,0.0
258545,0.0
258546,0.0
258547,0.01
258548,0.49
258549,0.01
258550,0.5
258551,0.0
258552,0.0
258553,0.09
258554,0.04
258555,0.14
258556,0.01
258557,0.0
258558,0.05
258559,0.02
258560,0.0
258561,0.02
258562,0.0
258563,0.03
258564,0.0
258565,0.05
258566,0.1
258567,0.02
258568,0.0
258569,0.02
258570,0.01
258571,0.04
258572,0.04
258573,0.0
258574,0.01
258575,0.0
258576,0.01
258577,0.01
258578,0.38
258579,0.06
258580,0.02
258581,0.26
258582,0.0
258583,0.0
258584,0.04
258585,0.1
258586,0.0
258587,0.0
258588,0.0
258589,0.0
258590,0.0
258591,0.05
258592,0.01
258593,0.0
258594,0.04
258595,0.09
258596,0.01
258597,0.03
258598,0.01
258599,0.0
258600,0.0
258601,0.02
258602,0.0
258603,0.0
258604,0.05
258605,0.04
258606,0.54
258607,0.02
258608,0.01
258609,0.2
258610,0.0
258611,0.02
258612,0.01
258613,0.2
258614,0.0
258615,0.0
258616,0.22
258617,0.07
258618,0.02
258619,0.14
258620,0.01
258621,0.24
258622,0.01
258623,0.8205
258624,0.14
258625,0.0
258626,0.0
258627,0.02
258628,0.0
258629,0.35
258630,0.0
258631,0.52
258632,0.0
258633,0.0
258634,0.06
258635,0.0
258636,0.02
258637,0.26
258638,0.75
258639,0.03
258640,0.0
258641,0.05
258642,0.0
258643,0.01
258644,0.18
258645,0.02
258646,0.04
258647,0.01
258648,0.0
258649,0.0
258650,0.07
258651,0.01
258652,0.0
258653,0.04
258654,0.08
258655,0.02
258656,0.0
258657,0.0
258658,0.01
258659,0.04
258660,0.01
258661,0.01
258662,0.18
258663,0.01
258664,0.0
258665,0.26
258666,0.01
258667,0.3
258668,0.0325
258669,0.01
258670,0.03
258671,0.01
258672,0.01
258673,0.03
258674,0.02
258675,0.0
258676,0.0
258677,0.49
258678,0.0
258679,0.02
258680,0.02
258681,0.31
258682,0.04
258683,0.02
258684,0.0
258685,0.65
258686,0.0
258687,0.02
258688,0.02
258689,0.0
258690,0.0
258691,0.25
258692,0.0
258693,0.04
258694,0.01
258695,0.02
258696,0.19
258697,0.08
258698,0.0
258699,0.27
258700,0.01
258701,0.42
258702,0.0
258703,0.03
258704,0.01
258705,0.01
258706,0.01
258707,0.01
258708,0.01
258709,0.05
258710,0.01
258711,0.01
258712,0.0
258713,0.0
258714,0.0
258715,0.01
258716,0.08
258717,0.29
258718,0.0
258719,0.01
258720,0.0
258721,0.0
258722,0.01
258723,0.0
258724,0.0
258725,0.9
258726,0.05
258727,0.0
258728,0.02
258729,0.03
258730,0.07
258731,0.01
258732,0.01
258733,0.0
258734,0.03
258735,0.01
258736,0.0
258737,0.03
258738,0.01
258739,0.11
258740,0.0
258741,0.0
258742,0.02
258743,0.0
258744,0.04
258745,0.04
258746,0.02
258747,0.07
258748,0.0
258749,0.02
258750,0.02
258751,0.0
258752,0.12
258753,0.02
258754,0.11
258755,0.12
258756,0.02
258757,0.03
258758,0.01
258759,0.01
258760,0.0
258761,0.1
258762,0.0
258763,0.02
258764,0.03
258765,0.0
258766,0.04
258767,0.0
258768,0.03
258769,0.02
258770,0.06
258771,0.13
258772,0.0
258773,0.01
258774,0.03
258775,0.0
258776,0.02
258777,0.01
258778,0.3
258779,0.23
258780,0.0
258781,0.08
258782,0.38
258783,0.0
258784,0.01
258785,0.03
258786,0.04
258787,0.0
258788,0.02
258789,0.0
258790,0.02
258791,0.02
258792,0.0
258793,0.06
258794,0.36
258795,0.01
258796,0.01
258797,0.95
258798,0.04
258799,0.0
258800,0.0
258801,0.69
258802,0.02
258803,0.02
258804,0.0
258805,0.03
258806,0.03
258807,0.0
258808,0.04
258809,0.0
258810,0.0
258811,0.0
258812,0.02
258813,0.02
258814,0.01
258815,0.03
258816,0.0
258817,0.02
258818,0.06
258819,0.02
258820,0.03
258821,0.03
258822,0.02
258823,0.05
258824,0.0
258825,0.01
258826,0.0
258827,0.02
258828,0.03
258829,0.0
258830,0.02
258831,0.05
258832,0.01
258833,0.0
258834,0.03
258835,0.0
258836,0.0
258837,0.08
258838,0.0
258839,0.01
258840,0.01
258841,0.02
258842,0.01
258843,0.01
258844,0.04
258845,0.02
258846,0.01
258847,0.97
258848,0.0
258849,0.02
258850,0.01
258851,0.03
258852,0.02
258853,0.01
258854,0.03
258855,0.0
258856,0.06
258857,0.0
258858,0.15
258859,0.05
258860,0.08
258861,0.0
258862,0.0
258863,0.01
258864,0.01
258865,0.0
258866,0.43
258867,0.04
258868,0.0
258869,0.01
258870,0.0
258871,0.02
258872,0.04
258873,0.04
258874,0.03
258875,0.0
258876,0.14
258877,0.0
258878,0.0
258879,0.02
258880,0.01
258881,0.05
258882,0.02
258883,0.0
258884,0.0
258885,0.0
258886,0.0
258887,0.05
258888,0.02
258889,0.03
258890,0.0
258891,0.78
258892,0.0
258893,0.42
258894,0.0
258895,0.02
258896,0.0
258897,0.0
258898,0.01
258899,0.06
258900,0.0
258901,0.0
258902,0.0
258903,0.02
258904,0.0
258905,0.0
258906,0.09
258907,0.01
258908,0.0
258909,0.02
258910,0.01
258911,0.08
258912,0.86
258913,0.58
258914,0.01
258915,0.02
258916,0.01
258917,0.01
258918,0.02
258919,0.01
258920,0.01
258921,0.01
258922,0.01
258923,0.0
258924,0.04
258925,0.0
258926,0.02
258927,0.01
258928,0.06
258929,0.04
258930,0.06
258931,0.0
258932,0.02
258933,0.01
258934,0.04
258935,0.01
258936,0.31
258937,0.0
258938,0.05
258939,0.01
258940,0.0
258941,0.57
258942,0.01
258943,0.03
258944,0.0
258945,0.0
258946,0.0
258947,0.0775
258948,0.0
258949,0.0
258950,0.54
258951,0.17
258952,0.0
258953,0.01
258954,0.01
258955,0.08
258956,0.0
258957,0.02
258958,0.0
258959,0.0
258960,0.01
258961,0.07
258962,0.01
258963,0.08
258964,0.01
258965,0.06
258966,0.02
258967,0.0
258968,0.0
258969,0.0
258970,0.0
258971,0.73
258972,0.01
258973,0.03
258974,0.1
258975,0.0
258976,0.0
258977,0.02
258978,0.0
258979,0.8
258980,0.0
258981,0.0
258982,0.011666666666666665
258983,0.0
258984,0.03
258985,0.04
258986,0.0
258987,0.06
258988,0.02
258989,0.05
258990,0.02
258991,0.18
258992,0.03
258993,0.01
258994,0.02
258995,0.0
258996,0.01
258997,0.09
258998,0.0
258999,0.01
259000,0.01
259001,0.0
259002,0.01
259003,0.55
259004,0.0
259005,0.0
259006,0.01
259007,0.04
259008,0.01
259009,0.12
259010,0.02
259011,0.04
259012,0.01
259013,0.0
259014,0.01
259015,0.01
259016,0.0
259017,0.01
259018,0.0
259019,0.0
259020,0.01
259021,0.03
259022,0.01
259023,0.0
259024,0.12
259025,0.02
259026,0.02
259027,0.0
259028,0.02
259029,0.05
259030,0.0
259031,0.03
259032,0.01
259033,0.02
259034,0.01
259035,0.02
259036,0.1
259037,0.0
259038,0.02
259039,0.02
259040,0.02
259041,0.0
259042,0.01
259043,0.0
259044,0.05
259045,0.02
259046,0.02
259047,0.14
259048,0.0
259049,0.02
259050,0.46
259051,0.01
259052,0.11
259053,0.0
259054,0.0
259055,0.02
259056,0.02
259057,0.0
259058,0.1
259059,0.0
259060,0.01
259061,0.025
259062,0.03
259063,0.02
259064,0.01
259065,0.0
259066,0.09
259067,0.04
259068,0.03
259069,0.0
259070,0.02
259071,0.0
259072,0.02
259073,0.01
259074,0.0
259075,0.0
259076,0.04
259077,0.01
259078,0.01
259079,0.0
259080,0.03
259081,0.01
259082,0.0
259083,0.01
259084,0.03
259085,0.0
259086,0.0
259087,0.0
259088,0.0
259089,0.0
259090,0.01
259091,0.03
259092,0.0
259093,0.13
259094,0.01
259095,0.0
259096,0.0
259097,0.0
259098,0.02
259099,0.01
259100,0.026666666666666665
259101,0.0
259102,0.37
259103,0.0
259104,0.0
259105,0.0
259106,0.0
259107,0.0
259108,0.04
259109,0.18
259110,0.05
259111,0.01
259112,0.0
259113,0.01
259114,0.02
259115,0.01
259116,0.02
259117,0.01
259118,0.01
259119,0.86
259120,0.0
259121,0.0
259122,0.0
259123,0.02
259124,0.01
259125,0.06
259126,0.0
259127,0.01
259128,0.01
259129,0.04
259130,0.02
259131,0.01
259132,0.16
259133,0.01
259134,0.06
259135,0.0
259136,0.01
259137,0.02
259138,0.11
259139,0.0
259140,0.01
259141,0.02
259142,0.02
259143,0.02
259144,0.01
259145,0.04
259146,0.06
259147,0.0
259148,0.01
259149,0.06
259150,0.01
259151,0.0
259152,0.02
259153,0.18
259154,0.01
259155,0.03
259156,0.4
259157,0.01
259158,0.01
259159,0.05
259160,0.0
259161,0.03
259162,0.0
259163,0.01
259164,0.0
259165,0.06
259166,0.0
259167,0.0
259168,0.49
259169,0.01
259170,0.07
259171,0.0
259172,0.0
259173,0.05
259174,0.0
259175,0.02
259176,0.0
259177,0.0
259178,0.02
259179,0.0
259180,0.0
259181,0.02
259182,0.15
259183,0.02
259184,0.01
259185,0.02
259186,0.01
259187,0.06
259188,0.0
259189,0.02
259190,0.05
259191,0.72
259192,0.01
259193,0.01
259194,0.83
259195,0.02
259196,0.01
259197,0.07
259198,0.0
259199,0.0
259200,0.0
259201,0.04
259202,0.0
259203,0.0
259204,0.01
259205,0.0
259206,0.08
259207,0.01
259208,0.01
259209,0.01
259210,0.24
259211,0.06
259212,0.65
259213,0.07
259214,0.02
259215,0.03
259216,0.01
259217,0.01
259218,0.01
259219,0.01
259220,0.01
259221,0.02
259222,0.0
259223,0.2
259224,0.05
259225,0.01
259226,0.0
259227,0.01
259228,0.03
259229,0.02
259230,0.02
259231,0.01
259232,0.0
259233,0.01
259234,0.01
259235,0.0
259236,0.0
259237,0.0
259238,0.02
259239,0.01
259240,0.1
259241,0.03
259242,0.02
259243,0.08
259244,0.04
259245,0.0
259246,0.01
259247,0.03
259248,0.0
259249,0.01
259250,0.01
259251,0.02
259252,0.0
259253,0.0
259254,0.01
259255,0.0
259256,0.01
259257,0.0
259258,0.01
259259,0.0
259260,0.37
259261,0.02
259262,0.086
259263,0.01
259264,0.0
259265,0.02
259266,0.0
259267,0.0
259268,0.0
259269,0.0
259270,0.0
259271,0.04
259272,0.0
259273,0.02
259274,0.63
259275,0.01
259276,0.02
259277,0.16
259278,0.01
259279,0.0
259280,0.02
259281,0.01
259282,0.01
259283,0.22
259284,0.01
259285,0.04
259286,0.02
259287,0.01
259288,0.02
259289,0.0
259290,0.0
259291,0.03
259292,0.04
259293,0.01
259294,0.81
259295,0.01
259296,0.17
259297,0.01
259298,0.05
259299,0.18
259300,0.16
259301,0.0
259302,0.05
259303,0.13
259304,0.84
259305,0.5
259306,0.0
259307,0.0
259308,0.04
259309,0.0
259310,0.13
259311,0.08
259312,0.0
259313,0.0
259314,0.2
259315,0.05
259316,0.01
259317,0.0
259318,0.36
259319,0.01
259320,0.01
259321,0.0
259322,0.02
259323,0.01
259324,0.04
259325,0.02
259326,0.0
259327,0.05
259328,0.02
259329,0.01
259330,0.08
259331,0.02
259332,0.02
259333,0.03
259334,0.01
259335,0.71
259336,0.03
259337,0.02
259338,0.02
259339,0.03
259340,0.04
259341,0.0
259342,0.03
259343,0.04
259344,0.03
259345,0.02
259346,0.01
259347,0.01
259348,0.81
259349,0.02
259350,0.02
259351,0.07
259352,0.01
259353,0.03
259354,0.0
259355,0.02
259356,0.0
259357,0.38
259358,0.0
259359,0.0
259360,0.01
259361,0.1
259362,0.02
259363,0.01
259364,0.0
259365,0.12
259366,0.0
259367,0.0
259368,0.01
259369,0.0
259370,0.0
259371,0.04
259372,0.0
259373,0.0
259374,0.11
259375,0.15
259376,0.02
259377,0.01
259378,0.0
259379,0.94
259380,0.03
259381,0.11
259382,0.01
259383,0.71
259384,0.02
259385,0.05
259386,0.01
259387,0.89
259388,0.03
259389,0.01
259390,0.03
259391,0.02
259392,0.0
259393,0.01
259394,0.01
259395,0.01
259396,0.01
259397,0.19
259398,0.03
259399,0.02
259400,0.02
259401,0.025
259402,0.01
259403,0.04
259404,0.0
259405,0.0
259406,0.01
259407,0.0
259408,0.11
259409,0.0
259410,0.02
259411,0.11
259412,0.12
259413,0.01
259414,0.02
259415,0.03
259416,0.01
259417,0.0
259418,0.02
259419,0.08
259420,0.07
259421,0.03
259422,0.01
259423,0.04
259424,0.14
259425,0.07
259426,0.06
259427,0.55
259428,0.0
259429,0.04
259430,0.0
259431,0.01
259432,0.03
259433,0.03
259434,0.03
259435,0.0
259436,0.01
259437,0.05
259438,0.83
259439,0.0
259440,0.0
259441,0.03
259442,0.02
259443,0.02
259444,0.01
259445,0.01
259446,0.01
259447,0.01
259448,0.0
259449,0.01
259450,0.79
259451,0.0
259452,0.0
259453,0.34
259454,0.02
259455,0.06
259456,0.0
259457,0.01
259458,0.0
259459,0.0
259460,0.01
259461,0.03
259462,0.03
259463,0.04
259464,0.0
259465,0.0
259466,0.0
259467,0.0
259468,0.07
259469,0.0
259470,0.54
259471,0.0
259472,0.0
259473,0.05
259474,0.01
259475,0.01
259476,0.02
259477,0.0
259478,0.03
259479,0.05
259480,0.0
259481,0.0
259482,0.0
259483,0.13
259484,0.01
259485,0.0
259486,0.05
259487,0.0
259488,0.04
259489,0.04
259490,0.01
259491,0.02
259492,0.0
259493,0.02
259494,0.0
259495,0.01
259496,0.0
259497,0.01
259498,0.03
259499,0.02
259500,0.01
259501,0.04
259502,0.03
259503,0.0
259504,0.0
259505,0.01
259506,0.02
259507,0.0
259508,0.01
259509,0.02
259510,0.08
259511,0.02
259512,0.0
259513,0.0
259514,0.01
259515,0.0
259516,0.0
259517,0.0
259518,0.01
259519,0.0
259520,0.0
259521,0.03
259522,0.07
259523,0.02
259524,0.0
259525,0.0
259526,0.0
259527,0.34
259528,0.04
259529,0.03
259530,0.02
259531,0.0
259532,0.02
259533,0.0
259534,0.45
259535,0.02
259536,0.01
259537,0.01
259538,0.01
259539,0.02
259540,0.01
259541,0.2
259542,0.04
259543,0.0
259544,0.01
259545,0.04
259546,0.0
259547,0.02
259548,0.01
259549,0.03
259550,0.05
259551,0.01
259552,0.01
259553,0.0
259554,0.03
259555,0.01
259556,0.09
259557,0.0
259558,0.02
259559,0.06
259560,0.01
259561,0.01
259562,0.01
259563,0.03
259564,0.01
259565,0.0
259566,0.03
259567,0.03
259568,0.0
259569,0.0
259570,0.04
259571,0.04
259572,0.04
259573,0.0
259574,0.0
259575,0.0
259576,0.0
259577,0.0
259578,0.0
259579,0.0
259580,0.0
259581,0.02
259582,0.0
259583,0.0
259584,0.01
259585,0.01
259586,0.01
259587,0.0
259588,0.04
259589,0.0
259590,0.02
259591,0.0
259592,0.0
259593,0.0
259594,0.03
259595,0.05
259596,0.0
259597,0.09
259598,0.01
259599,0.06
259600,0.01
259601,0.04
259602,0.0
259603,0.0
259604,0.0
259605,0.02
259606,0.03
259607,0.03
259608,0.27
259609,0.0
259610,0.01
259611,0.01
259612,0.0
259613,0.0
259614,0.05
259615,0.0
259616,0.0
259617,0.02
259618,0.0
259619,0.01
259620,0.01
259621,0.05
259622,0.0
259623,0.0
259624,0.01
259625,0.03
259626,0.0
259627,0.05
259628,0.02
259629,0.0
259630,0.02
259631,0.03
259632,0.05
259633,0.0
259634,0.26
259635,0.0
259636,0.01
259637,0.01
259638,0.0
259639,0.0
259640,0.11
259641,0.02
259642,0.0
259643,0.04
259644,0.01
259645,0.0
259646,0.02
259647,0.32
259648,0.0
259649,0.02
259650,0.0
259651,0.03
259652,0.01
259653,0.02
259654,0.05
259655,0.02
259656,0.01
259657,0.0
259658,0.0
259659,0.0
259660,0.01
259661,0.0
259662,0.02
259663,0.01
259664,0.0
259665,0.0
259666,0.02
259667,0.0
259668,0.01
259669,0.05
259670,0.01
259671,0.01
259672,0.04
259673,0.0
259674,0.29
259675,0.0
259676,0.21
259677,0.01
259678,0.01
259679,0.14
259680,0.02
259681,0.0
259682,0.02
259683,0.0
259684,0.01
259685,0.05
259686,0.29
259687,0.0
259688,0.1
259689,0.03
259690,0.0
259691,0.01
259692,0.03
259693,0.0
259694,0.03
259695,0.0
259696,0.0
259697,0.0
259698,0.0
259699,0.83
259700,0.02
259701,0.07
259702,0.21
259703,0.04
259704,0.0
259705,0.75
259706,0.02
259707,0.01
259708,0.0
259709,0.02
259710,0.38
259711,0.04
259712,0.01
259713,0.0
259714,0.03
259715,0.03
259716,0.02
259717,0.09
259718,0.55
259719,0.0
259720,0.0
259721,0.01
259722,0.0
259723,0.01
259724,0.02
259725,0.0
259726,0.0
259727,0.08
259728,0.0
259729,0.0
259730,0.04
259731,0.09
259732,0.15
259733,0.75
259734,0.04
259735,0.04
259736,0.0
259737,0.0
259738,0.03
259739,0.01
259740,0.06
259741,0.05
259742,0.01
259743,0.0
259744,0.07
259745,0.01
259746,0.01
259747,0.06
259748,0.02
259749,0.05
259750,0.0
259751,0.05
259752,0.01
259753,0.0
259754,0.0
259755,0.0
259756,0.0
259757,0.0
259758,0.01
259759,0.0
259760,0.05
259761,0.05
259762,0.01
259763,0.06
259764,0.08
259765,0.02
259766,0.08
259767,0.27
259768,0.02
259769,0.0
259770,0.03
259771,0.02
259772,0.02
259773,0.01
259774,0.0
259775,0.02
259776,0.19
259777,0.01
259778,0.01
259779,0.0
259780,0.0
259781,0.03
259782,0.0
259783,0.02
259784,0.07
259785,0.0
259786,0.01
259787,0.81
259788,0.0
259789,0.0
259790,0.0
259791,0.01
259792,0.05
259793,0.02
259794,0.01
259795,0.0
259796,0.09
259797,0.04
259798,0.02
259799,0.0
259800,0.0
259801,0.14
259802,0.06
259803,0.83
259804,0.02
259805,0.01
259806,0.01
259807,0.06
259808,0.03
259809,0.02
259810,0.04
259811,0.08
259812,0.03
259813,0.02
259814,0.0
259815,0.02
259816,0.02
259817,0.01
259818,0.02
259819,0.02
259820,0.0
259821,0.0
259822,0.04
259823,0.03
259824,0.065
259825,0.11
259826,0.01
259827,0.14
259828,0.25
259829,0.02
259830,0.01
259831,0.08
259832,0.01
259833,0.01
259834,0.2
259835,0.0
259836,0.02
259837,0.0
259838,0.24
259839,0.0
259840,0.03
259841,0.11
259842,0.07
259843,0.01
259844,0.0
259845,0.0
259846,0.05
259847,0.0
259848,0.0
259849,0.0
259850,0.05
259851,0.01
259852,0.0
259853,0.0
259854,0.0
259855,0.08
259856,0.04
259857,0.06
259858,0.07
259859,0.03
259860,0.05
259861,0.63
259862,0.02
259863,0.0
259864,0.74
259865,0.0
259866,0.0
259867,0.0
259868,0.0
259869,0.01
259870,0.01
259871,0.04
259872,0.02
259873,0.05
259874,0.0
259875,0.0
259876,0.03
259877,0.06
259878,0.09
259879,0.01
259880,0.01
259881,0.13
259882,0.1
259883,0.0
259884,0.0
259885,0.04
259886,0.01
259887,0.03
259888,0.05
259889,0.03
259890,0.0
259891,0.14
259892,0.03
259893,0.03
259894,0.0
259895,0.03
259896,0.01
259897,0.45
259898,0.02
259899,0.01
259900,0.0
259901,0.02
259902,0.1
259903,0.14
259904,0.0
259905,0.02
259906,0.0
259907,0.45
259908,0.0
259909,0.0
259910,0.0
259911,0.0
259912,0.01
259913,0.02
259914,0.0
259915,0.0
259916,0.02
259917,0.01
259918,0.05
259919,0.04
259920,0.02
259921,0.0
259922,0.0
259923,0.0
259924,0.02
259925,0.05
259926,0.33
259927,0.0
259928,0.02
259929,0.07
259930,0.0
259931,0.05
259932,0.0
259933,0.0
259934,0.01
259935,0.09
259936,0.0
259937,0.09
259938,0.0
259939,0.03
259940,0.0
259941,0.0
259942,0.0
259943,0.02
259944,0.0
259945,0.04
259946,0.03
259947,0.7
259948,0.0
259949,0.0
259950,0.29
259951,0.03
259952,0.01
259953,0.0
259954,0.01
259955,0.02
259956,0.01
259957,0.27
259958,0.02
259959,0.04
259960,0.05
259961,0.04
259962,0.0
259963,0.0
259964,0.07
259965,0.0
259966,0.03
259967,0.01
259968,0.0
259969,0.13
259970,0.02
259971,0.01
259972,0.0
259973,0.0
259974,0.01
259975,0.0
259976,0.0
259977,0.25
259978,0.06
259979,0.0
259980,0.01
259981,0.01
259982,0.03
259983,0.0
259984,0.14
259985,0.0
259986,0.01
259987,0.96
259988,0.01
259989,0.03
259990,0.0
259991,0.0
259992,0.04
259993,0.79
259994,0.09
259995,0.03
259996,0.0
259997,0.36
259998,0.0
259999,0.02
260000,0.02
260001,0.03
260002,0.0
260003,0.07
260004,0.01
260005,0.0
260006,0.01
260007,0.03
260008,0.0
260009,0.0
260010,0.0
260011,0.01
260012,0.01
260013,0.0
260014,0.02
260015,0.02
260016,0.33
260017,0.0
260018,0.07
260019,0.01
260020,0.01
260021,0.0
260022,0.01
260023,0.0
260024,0.03
260025,0.01
260026,0.02
260027,0.01
260028,0.22
260029,0.02
260030,0.02
260031,0.81
260032,0.03
260033,0.56
260034,0.04
260035,0.01
260036,0.01
260037,0.0
260038,0.1
260039,0.22
260040,0.02
260041,0.07
260042,0.0
260043,0.03
260044,0.08
260045,0.03
260046,0.0
260047,0.01
260048,0.03
260049,0.0
260050,0.04
260051,0.01
260052,0.01
260053,0.7
260054,0.01
260055,0.0
260056,0.12
260057,0.01
260058,0.0
260059,0.03
260060,0.03
260061,0.29
260062,0.02
260063,0.0
260064,0.04
260065,0.01
260066,0.03
260067,0.03
260068,0.0
260069,0.01
260070,0.0
260071,0.08
260072,0.01
260073,0.0
260074,0.05
260075,0.02
260076,0.01
260077,0.0
260078,0.0
260079,0.06
260080,0.01
260081,0.01
260082,0.01
260083,0.0
260084,0.01
260085,0.0
260086,0.0
260087,0.01
260088,0.0
260089,0.0
260090,0.75
260091,0.06
260092,0.0
260093,0.0
260094,0.0
260095,0.02
260096,0.01
260097,0.06
260098,0.03
260099,0.03
260100,0.0
260101,0.0
260102,0.01
260103,0.0
260104,0.01
260105,0.01
260106,0.0
260107,0.27
260108,0.07
260109,0.02
260110,0.0
260111,0.01
260112,0.0
260113,0.02
260114,0.03
260115,0.01
260116,0.04
260117,0.03
260118,0.0
260119,0.05
260120,0.03
260121,0.0
260122,0.0
260123,0.02
260124,0.0
260125,0.0014285714285714286
260126,0.0
260127,0.03
260128,0.04
260129,0.05
260130,0.03
260131,0.09
260132,0.04
260133,0.02
260134,0.01
260135,0.01
260136,0.02
260137,0.0
260138,0.02
260139,0.0
260140,0.02
260141,0.0
260142,0.0
260143,0.0
260144,0.29
260145,0.97
260146,0.0
260147,0.78
260148,0.0
260149,0.0
260150,0.0
260151,0.15
260152,0.13
260153,0.0
260154,0.06
260155,0.01
260156,0.02
260157,0.0
260158,0.03
260159,0.01
260160,0.07
260161,0.01
260162,0.02
260163,0.15
260164,0.01
260165,0.01
260166,0.0
260167,0.01
260168,0.0
260169,0.0
260170,0.01
260171,0.0
260172,0.07
260173,0.03
260174,0.01
260175,0.02
260176,0.01
260177,0.01
260178,0.02
260179,0.29
260180,0.42
260181,0.0
260182,0.05
260183,0.01
260184,0.0
260185,0.01
260186,0.05
260187,0.01
260188,0.0
260189,0.0
260190,0.0
260191,0.08
260192,0.0
260193,0.09
260194,0.05
260195,0.0
260196,0.0
260197,0.0
260198,0.04
260199,0.02
260200,0.0
260201,0.0
260202,0.02
260203,0.11
260204,0.07
260205,0.0
260206,0.03
260207,0.0
260208,0.0
260209,0.285
260210,0.0
260211,0.02
260212,0.02
260213,0.0
260214,0.01
260215,0.0
260216,0.0
260217,0.03
260218,0.03
260219,0.0
260220,0.01
260221,0.0
260222,0.04
260223,0.09
260224,0.0
260225,0.0
260226,0.02
260227,0.01
260228,0.01
260229,0.0
260230,0.01
260231,0.0
260232,0.02
260233,0.13
260234,0.06
260235,0.0
260236,0.01
260237,0.27
260238,0.54
260239,0.86
260240,0.0
260241,0.0
260242,0.0
260243,0.02
260244,0.05
260245,0.01
260246,0.09
260247,0.03
260248,0.03
260249,0.0
260250,0.0
260251,0.31
260252,0.02
260253,0.0
260254,0.0
260255,0.01
260256,0.0
260257,0.04
260258,0.02
260259,0.12
260260,0.0
260261,0.04
260262,0.01
260263,0.03
260264,0.02
260265,0.01
260266,0.14
260267,0.0
260268,0.0
260269,0.02
260270,0.04
260271,0.03
260272,0.39
260273,0.0
260274,0.01
260275,0.0
260276,0.61
260277,0.05
260278,0.0
260279,0.01
260280,0.01
260281,0.01
260282,0.0
260283,0.01
260284,0.23
260285,0.43
260286,0.0
260287,0.0475
260288,0.0
260289,0.0
260290,0.0
260291,0.04
260292,0.0
260293,0.0
260294,0.0
260295,0.01
260296,0.58
260297,0.05
260298,0.03
260299,0.03
260300,0.05
260301,0.0
260302,0.01
260303,0.05
260304,0.12
260305,0.0
260306,0.0
260307,0.01
260308,0.01
260309,0.0
260310,0.0
260311,0.0
260312,0.04
260313,0.02
260314,0.0
260315,0.04
260316,0.02
260317,0.04
260318,0.0
260319,0.03
260320,0.01
260321,0.0
260322,0.02
260323,0.05
260324,0.04
260325,0.04
260326,0.35
260327,0.02
260328,0.04
260329,0.0
260330,0.0
260331,0.05
260332,0.0
260333,0.76
260334,0.01
260335,0.0
260336,0.0
260337,0.02
260338,0.0
260339,0.0
260340,0.05
260341,0.1
260342,0.0
260343,0.01
260344,0.04
260345,0.28
260346,0.06
260347,0.0
260348,0.02
260349,0.01
260350,0.0
260351,0.03
260352,0.01
260353,0.0
260354,0.02
260355,0.98
260356,0.01
260357,0.0
260358,0.0
260359,0.01
260360,0.03
260361,0.0
260362,0.01
260363,0.01
260364,0.01
260365,0.0
260366,0.01
260367,0.0
260368,0.0
260369,0.02
260370,0.0
260371,0.0
260372,0.0
260373,0.37
260374,0.01
260375,0.16
260376,0.01
260377,0.09
260378,0.02
260379,0.01
260380,0.37
260381,0.01
260382,0.01
260383,0.04
260384,0.02
260385,0.01
260386,0.0
260387,0.04
260388,0.0
260389,0.03
260390,0.01
260391,0.2
260392,0.0
260393,0.04
260394,0.0
260395,0.05
260396,0.01
260397,0.02
260398,0.05
260399,0.0
260400,0.02
260401,0.31
260402,0.01
260403,0.0
260404,0.27
260405,0.01
260406,0.01
260407,0.12
260408,0.0
260409,0.16
260410,0.025
260411,0.01
260412,0.0
260413,0.01
260414,0.03
260415,0.11
260416,0.09
260417,0.01
260418,0.09
260419,0.015
260420,0.0
260421,0.05
260422,0.51
260423,0.16
260424,0.0
260425,0.1
260426,0.0
260427,0.09
260428,0.0
260429,0.01
260430,0.07
260431,0.0
260432,0.02
260433,0.0
260434,0.0
260435,0.0
260436,0.0
260437,0.01
260438,0.02
260439,0.01
260440,0.04
260441,0.0
260442,0.0
260443,0.07
260444,0.01
260445,0.0
260446,0.02
260447,0.05
260448,0.01
260449,0.01
260450,0.04
260451,0.08
260452,0.0
260453,0.01
260454,0.03
260455,0.0
260456,0.11
260457,0.02
260458,0.0
260459,0.0
260460,0.0
260461,0.0
260462,0.07
260463,0.04
260464,0.01
260465,0.0
260466,0.01
260467,0.02
260468,0.01
260469,0.02
260470,0.0
260471,0.0
260472,0.02
260473,0.03
260474,0.0
260475,0.78
260476,0.04
260477,0.29
260478,0.02
260479,0.02
260480,0.89
260481,0.0
260482,0.05
260483,0.05
260484,0.05
260485,0.03
260486,0.02
260487,0.82
260488,0.0
260489,0.04
260490,0.01
260491,0.0
260492,0.06
260493,0.09
260494,0.02
260495,0.02
260496,0.0
260497,0.0
260498,0.38
260499,0.02
260500,0.02
260501,0.03
260502,0.03
260503,0.0
260504,0.01
260505,0.05
260506,0.16
260507,0.0
260508,0.0
260509,0.01
260510,0.03
260511,0.0
260512,0.05
260513,0.04
260514,0.02
260515,0.0
260516,0.01
260517,0.0
260518,0.0
260519,0.02
260520,0.05
260521,0.04
260522,0.02
260523,0.16
260524,0.01
260525,0.07
260526,0.01
260527,0.14
260528,0.04
260529,0.0
260530,0.0
260531,0.02
260532,0.07
260533,0.0
260534,0.0
260535,0.0
260536,0.01
260537,0.03
260538,0.02
260539,0.16
260540,0.0
260541,0.03
260542,0.0
260543,0.0
260544,0.01
260545,0.07
260546,0.01
260547,0.11
260548,0.03
260549,0.0
260550,0.0
260551,0.0
260552,0.0
260553,0.19
260554,0.0
260555,0.0
260556,0.0
260557,0.03
260558,0.01
260559,0.0
260560,0.01
260561,0.01
260562,0.73
260563,0.02
260564,0.0
260565,0.01
260566,0.01
260567,0.02
260568,0.0
260569,0.0
260570,0.02
260571,0.01
260572,0.0
260573,0.08
260574,0.01
260575,0.0
260576,0.29
260577,0.01
260578,0.0
260579,0.16
260580,0.05
260581,0.0
260582,0.04
260583,0.01
260584,0.01
260585,0.02
260586,0.02
260587,0.0
260588,0.05
260589,0.01
260590,0.01
260591,0.0
260592,0.02
260593,0.01
260594,0.0
260595,0.04
260596,0.02
260597,0.03
260598,0.08
260599,0.01
260600,0.09
260601,0.01
260602,0.03
260603,0.0
260604,0.02
260605,0.07
260606,0.0
260607,0.06
260608,0.0
260609,0.03
260610,0.62
260611,0.0
260612,0.04
260613,0.04
260614,0.0
260615,0.08
260616,0.1
260617,0.09
260618,0.02
260619,0.0
260620,0.02
260621,0.02
260622,0.0
260623,0.0
260624,0.03
260625,0.02
260626,0.03
260627,0.0
260628,0.03
260629,0.02
260630,0.0
260631,0.08
260632,0.04
260633,0.04
260634,0.02
260635,0.95
260636,0.0
260637,0.01
260638,0.02
260639,0.02
260640,0.0
260641,0.01
260642,0.07
260643,0.0
260644,0.0
260645,0.01
260646,0.0
260647,0.01
260648,0.13
260649,0.01
260650,0.03
260651,0.02
260652,0.07
260653,0.0
260654,0.05
260655,0.04
260656,0.18
260657,0.01
260658,0.01
260659,0.16
260660,0.02
260661,0.01
260662,0.07
260663,0.0
260664,0.0
260665,0.01
260666,0.04
260667,0.08
260668,0.02
260669,0.03
260670,0.0
260671,0.11
260672,0.01
260673,0.0
260674,0.01
260675,0.02
260676,0.02
260677,0.01
260678,0.03
260679,0.07
260680,0.01
260681,0.0
260682,0.0
260683,0.0
260684,0.62
260685,0.0
260686,0.03
260687,0.0
260688,0.0
260689,0.0
260690,0.0
260691,0.03
260692,0.0
260693,0.0
260694,0.0
260695,0.01
260696,0.01
260697,0.0
260698,0.0
260699,0.02
260700,0.06
260701,0.09
260702,0.01
260703,0.0
260704,0.03
260705,0.0
260706,0.06
260707,0.01
260708,0.02
260709,0.0
260710,0.09
260711,0.10333333333333332
260712,0.03
260713,0.04
260714,0.1
260715,0.0
260716,0.05
260717,0.01
260718,0.67
260719,0.01
260720,0.0
260721,0.05
260722,0.7
260723,0.01
260724,0.0
260725,0.02
260726,0.01
260727,0.0
260728,0.0
260729,0.0
260730,0.14
260731,0.03
260732,0.0
260733,0.12
260734,0.01
260735,0.0
260736,0.0
260737,0.0
260738,0.09
260739,0.02
260740,0.06
260741,0.02
260742,0.03
260743,0.01
260744,0.0
260745,0.02
260746,0.0
260747,0.0
260748,0.01
260749,0.38
260750,0.07
260751,0.06
260752,0.0
260753,0.0
260754,0.08
260755,0.06
260756,0.01
260757,0.04
260758,0.0
260759,0.09
260760,0.01
260761,0.01
260762,0.02
260763,0.02
260764,0.06
260765,0.01
260766,0.04
260767,0.01
260768,0.01
260769,0.1
260770,0.0
260771,0.18
260772,0.39
260773,0.0
260774,0.07
260775,0.05
260776,0.04
260777,0.3
260778,0.03
260779,0.0
260780,0.22
260781,0.01
260782,0.0
260783,0.0
260784,0.0
260785,0.04
260786,0.0
260787,0.38
260788,0.01
260789,0.0
260790,0.02
260791,0.01
260792,0.11
260793,0.03
260794,0.0
260795,0.0
260796,0.06
260797,0.0
260798,0.0
260799,0.02
260800,0.01
260801,0.0
260802,0.0
260803,0.13
260804,0.0
260805,0.03
260806,0.0
260807,0.07
260808,0.01
260809,0.01
260810,0.03
260811,0.01
260812,0.01
260813,0.02
260814,0.01
260815,0.02
260816,0.0
260817,0.0
260818,0.05
260819,0.01
260820,0.03
260821,0.03
260822,0.03
260823,0.0
260824,0.16
260825,0.0
260826,0.0
260827,0.68
260828,0.0
260829,0.0
260830,0.01
260831,0.06
260832,0.1
260833,0.02
260834,0.01
260835,0.0
260836,0.0
260837,0.06
260838,0.35
260839,0.03
260840,0.01
260841,0.01
260842,0.13
260843,0.0
260844,0.0
260845,0.01
260846,0.0
260847,0.08
260848,0.01
260849,0.82
260850,0.01
260851,0.03
260852,0.02
260853,0.04
260854,0.03
260855,0.0
260856,0.0
260857,0.0
260858,0.04
260859,0.0
260860,0.0
260861,0.01
260862,0.0
260863,0.13
260864,0.01
260865,0.0
260866,0.0
260867,0.0
260868,0.01
260869,0.12
260870,0.12
260871,0.01
260872,0.02
260873,0.0
260874,0.04
260875,0.0
260876,0.02
260877,0.02
260878,0.02
260879,0.26
260880,0.18
260881,0.01
260882,0.0
260883,0.05
260884,0.01
260885,0.01
260886,0.0
260887,0.0
260888,0.58
260889,0.0
260890,0.0
260891,0.0
260892,0.01
260893,0.04
260894,0.0
260895,0.0
260896,0.0
260897,0.0
260898,0.01
260899,0.0
260900,0.11
260901,0.0
260902,0.01
260903,0.01
260904,0.05
260905,0.0
260906,0.05
260907,0.02
260908,0.0
260909,0.04
260910,0.0
260911,0.06
260912,0.07
260913,0.06
260914,0.1
260915,0.01
260916,0.0
260917,0.03
260918,0.01
260919,0.0
260920,0.15666666666666665
260921,0.01
260922,0.0
260923,0.03
260924,0.04
260925,0.42
260926,0.07
260927,0.0
260928,0.01
260929,0.04
260930,0.0
260931,0.06
260932,0.17
260933,0.0
260934,0.02
260935,0.0
260936,0.01
260937,0.04
260938,0.03
260939,0.02
260940,0.11
260941,0.69
260942,0.0
260943,0.02
260944,0.0
260945,0.0
260946,0.01
260947,0.0
260948,0.05
260949,0.02
260950,0.39
260951,0.0
260952,0.01
260953,0.01
260954,0.0
260955,0.9
260956,0.01
260957,0.01
260958,0.0
260959,0.09
260960,0.0
260961,0.0
260962,0.0
260963,0.0
260964,0.02
260965,0.02
260966,0.0
260967,0.0
260968,0.01
260969,0.0
260970,0.0
260971,0.07
260972,0.25
260973,0.0
260974,0.0425
260975,0.01
260976,0.05
260977,0.0
260978,0.01
260979,0.06
260980,0.0
260981,0.02
260982,0.04
260983,0.01
260984,0.04
260985,0.0
260986,0.02
260987,0.0
260988,0.2
260989,0.1
260990,0.0
260991,0.03
260992,0.03
260993,0.08
260994,0.02
260995,0.11
260996,0.0
260997,0.01
260998,0.61
260999,0.0
261000,0.16
261001,0.03
261002,0.01
261003,0.01
261004,0.32
261005,0.0
261006,0.73
261007,0.0
261008,0.0
261009,0.02
261010,0.02
261011,0.0
261012,0.03
261013,0.0
261014,0.03
261015,0.0
261016,0.02
261017,0.0
261018,0.02
261019,0.01
261020,0.0
261021,0.01
261022,0.01
261023,0.0
261024,0.0
261025,0.0
261026,0.03
261027,0.13
261028,0.0
261029,0.02
261030,0.04
261031,0.0
261032,0.03
261033,0.0
261034,0.0
261035,0.0
261036,0.02
261037,0.02
261038,0.0
261039,0.45
261040,0.03
261041,0.01
261042,0.02
261043,0.02
261044,0.03
261045,0.12
261046,0.0
261047,0.0
261048,0.0
261049,0.02
261050,0.01
261051,0.0
261052,0.01
261053,0.0
261054,0.02
261055,0.07
261056,0.03
261057,0.02
261058,0.26
261059,0.01
261060,0.0
261061,0.01
261062,0.0
261063,0.05
261064,0.0
261065,0.0
261066,0.02
261067,0.05
261068,0.0
261069,0.01
261070,0.06
261071,0.0
261072,0.0
261073,0.0
261074,0.04
261075,0.01
261076,0.0
261077,0.02
261078,0.02
261079,0.01
261080,0.71
261081,0.0
261082,0.02
261083,0.03
261084,0.02
261085,0.06
261086,0.02
261087,0.01
261088,0.98
261089,0.016666666666666666
261090,0.0
261091,0.0
261092,0.0
261093,0.02
261094,0.0
261095,0.71
261096,0.07
261097,0.03
261098,0.22
261099,0.02
261100,0.01
261101,0.01
261102,0.02
261103,0.01
261104,0.05
261105,0.04
261106,0.01
261107,0.04
261108,0.05
261109,0.02
261110,0.08
261111,0.02
261112,0.0
261113,0.01
261114,0.05
261115,0.01
261116,0.02
261117,0.07
261118,0.03
261119,0.0
261120,0.01
261121,0.0
261122,0.0
261123,0.0
261124,0.05
261125,0.08
261126,0.0
261127,0.01
261128,0.05
261129,0.01
261130,0.0
261131,0.0
261132,0.01
261133,0.01
261134,0.0
261135,0.25
261136,0.08
261137,0.0
261138,0.0
261139,0.04
261140,0.0
261141,0.01
261142,0.05
261143,0.0
261144,0.01
261145,0.03
261146,0.01
261147,0.01
261148,0.01
261149,0.02
261150,0.0
261151,0.0
261152,0.0
261153,0.13
261154,0.13
261155,0.01
261156,0.03
261157,0.83
261158,0.01
261159,0.0
261160,0.0
261161,0.08
261162,0.0
261163,0.63
261164,0.01
261165,0.0
261166,0.02
261167,0.0
261168,0.02
261169,0.01
261170,0.01
261171,0.01
261172,0.03
261173,0.83
261174,0.0
261175,0.49
261176,0.05
261177,0.0
261178,0.03
261179,0.07
261180,0.01
261181,0.07
261182,0.04
261183,0.01
261184,0.51
261185,0.0
261186,0.03
261187,0.01
261188,0.01
261189,0.01
261190,0.03
261191,0.0
261192,0.01
261193,0.17
261194,0.0
261195,0.03
261196,0.01
261197,0.58
261198,0.0
261199,0.0
261200,0.01
261201,0.0
261202,0.02
261203,0.0
261204,0.14
261205,0.01
261206,0.02
261207,0.06
261208,0.01
261209,0.07
261210,0.01
261211,0.04
261212,0.01
261213,0.02
261214,0.0
261215,0.06
261216,0.04
261217,0.01
261218,0.0
261219,0.0
261220,0.01
261221,0.0
261222,0.03
261223,0.02
261224,0.0
261225,0.03
261226,0.01
261227,0.01
261228,0.05
261229,0.01
261230,0.02
261231,0.03
261232,0.05
261233,0.0
261234,0.03
261235,0.01
261236,0.21
261237,0.0
261238,0.0
261239,0.04
261240,0.0
261241,0.0
261242,0.04
261243,0.11
261244,0.0
261245,0.05
261246,0.02
261247,0.01
261248,0.0
261249,0.0
261250,0.17
261251,0.0
261252,0.05
261253,0.0
261254,0.0
261255,0.01
261256,0.01
261257,0.01
261258,0.01
261259,0.0
261260,0.0
261261,0.0
261262,0.04
261263,0.04
261264,0.0
261265,0.0
261266,0.02
261267,0.01
261268,0.01
261269,0.01
261270,0.02
261271,0.01
261272,0.04
261273,0.0
261274,0.01
261275,0.705
261276,0.0
261277,0.05
261278,0.01
261279,0.01
261280,0.0
261281,0.0
261282,0.05
261283,0.71
261284,0.02
261285,0.03
261286,0.03
261287,0.04
261288,0.0
261289,0.01
261290,0.02
261291,0.1
261292,0.0
261293,0.0
261294,0.08
261295,0.07
261296,0.0
261297,0.0
261298,0.01
261299,0.02
261300,0.06
261301,0.29
261302,0.01
261303,0.15
261304,0.02
261305,0.01
261306,0.0
261307,0.02
261308,0.03
261309,0.0
261310,0.0
261311,0.01
261312,0.44
261313,0.02
261314,0.0
261315,0.0
261316,0.0
261317,0.16
261318,0.02
261319,0.96
261320,0.06
261321,0.43
261322,0.0
261323,0.0
261324,0.0
261325,0.02
261326,0.43
261327,0.02
261328,0.0
261329,0.0
261330,0.06
261331,0.01
261332,0.17
261333,0.0
261334,0.01
261335,0.05
261336,0.01
261337,0.01
261338,0.01
261339,0.06
261340,0.0
261341,0.01
261342,0.0
261343,0.0
261344,0.0
261345,0.05
261346,0.03
261347,0.0
261348,0.34
261349,0.14
261350,0.01
261351,0.09
261352,0.04
261353,0.28
261354,0.0
261355,0.0
261356,0.0
261357,0.03
261358,0.0
261359,0.01
261360,0.0
261361,0.0
261362,0.0
261363,0.01
261364,0.0
261365,0.03
261366,0.0
261367,0.03
261368,0.14
261369,0.0
261370,0.02
261371,0.01
261372,0.97
261373,0.01
261374,0.17
261375,0.04
261376,0.06
261377,0.04
261378,0.01
261379,0.01
261380,0.02
261381,0.02
261382,0.07
261383,0.57
261384,0.0
261385,0.0
261386,0.02
261387,0.0
261388,0.0
261389,0.0
261390,0.0
261391,0.12
261392,0.0
261393,0.0
261394,0.05
261395,0.02
261396,0.0
261397,0.8848333333333332
261398,0.03
261399,0.02
261400,0.0
261401,0.0
261402,0.0
261403,0.34
261404,0.0
261405,0.05
261406,0.01
261407,0.02
261408,0.05
261409,0.0
261410,0.0
261411,0.08
261412,0.69
261413,0.02
261414,0.03
261415,0.0
261416,0.0
261417,0.0
261418,0.01
261419,0.0
261420,0.02
261421,0.01
261422,0.01
261423,0.06
261424,0.01
261425,0.01
261426,0.02
261427,0.0
261428,0.01
261429,0.0
261430,0.04
261431,0.01
261432,0.0
261433,0.08
261434,0.45
261435,0.0
261436,0.0
261437,0.0
261438,0.0
261439,0.08
261440,0.11
261441,0.01
261442,0.05
261443,0.02
261444,0.81
261445,0.1
261446,0.02
261447,0.0
261448,0.0
261449,0.07
261450,0.0
261451,0.03
261452,0.44
261453,0.02
261454,0.04
261455,0.13
261456,0.0
261457,0.02
261458,0.0
261459,0.07
261460,0.01
261461,0.01
261462,0.0
261463,0.0
261464,0.05
261465,0.04
261466,0.07
261467,0.04
261468,0.03
261469,0.14
261470,0.01
261471,0.06
261472,0.0
261473,0.04
261474,0.01
261475,0.0
261476,0.0
261477,0.02
261478,0.0
261479,0.02
261480,0.06
261481,0.03
261482,0.1
261483,0.0
261484,0.02
261485,0.0
261486,0.0
261487,0.04
261488,0.04
261489,0.02
261490,0.03
261491,0.34
261492,0.01
261493,0.01
261494,0.0
261495,0.0
261496,0.04
261497,0.55
261498,0.01
261499,0.01
261500,0.0
261501,0.19
261502,0.0
261503,0.01
261504,0.0
261505,0.0
261506,0.04
261507,0.0
261508,0.02
261509,0.68
261510,0.02
261511,0.0
261512,0.0
261513,0.01
261514,0.03
261515,0.03
261516,0.02
261517,0.09
261518,0.03
261519,0.84
261520,0.54
261521,0.01
261522,0.0
261523,0.02
261524,0.0
261525,0.02
261526,0.02
261527,0.05
261528,0.02
261529,0.32
261530,0.0
261531,0.0
261532,0.01
261533,0.02
261534,0.01
261535,0.16
261536,0.0
261537,0.43
261538,0.03
261539,0.01
261540,0.01
261541,0.03
261542,0.03
261543,0.0
261544,0.0
261545,0.01
261546,0.03
261547,0.03
261548,0.0
261549,0.0
261550,0.01
261551,0.01
261552,0.75
261553,0.05
261554,0.04
261555,0.02
261556,0.06
261557,0.02
261558,0.01
261559,0.0
261560,0.63
261561,0.0
261562,0.0
261563,0.09
261564,0.52
261565,0.0
261566,0.0
261567,0.01
261568,0.0
261569,0.0
261570,0.0
261571,0.03
261572,0.0
261573,0.12
261574,0.02
261575,0.0
261576,0.0
261577,0.0
261578,0.09
261579,0.0
261580,0.01
261581,0.02
261582,0.06
261583,0.02
261584,0.02
261585,0.01
261586,0.01
261587,0.04
261588,0.01
261589,0.03
261590,0.01
261591,0.03
261592,0.31
261593,0.0
261594,0.02
261595,0.0
261596,0.01
261597,0.01
261598,0.07
261599,0.03
261600,0.0
261601,0.03
261602,0.01
261603,0.01
261604,0.01
261605,0.0
261606,0.02
261607,0.1
261608,0.0
261609,0.06
261610,0.01
261611,0.01
261612,0.03
261613,0.04
261614,0.0
261615,0.0
261616,0.0
261617,0.01
261618,0.0
261619,0.0
261620,0.03
261621,0.0
261622,0.03
261623,0.06
261624,0.02
261625,0.0
261626,0.0
261627,0.01
261628,0.0
261629,0.01
261630,0.01
261631,0.01
261632,0.03
261633,0.23
261634,0.11
261635,0.0
261636,0.14
261637,0.17
261638,0.01
261639,0.03
261640,0.01
261641,0.67
261642,0.02
261643,0.03
261644,0.01
261645,0.0
261646,0.03
261647,0.01
261648,0.0
261649,0.0
261650,0.0
261651,0.0
261652,0.05
261653,0.0
261654,0.04
261655,0.01
261656,0.04
261657,0.0
261658,0.02
261659,0.68
261660,0.04
261661,0.0
261662,0.08
261663,0.27
261664,0.04
261665,0.12
261666,0.03
261667,0.0
261668,0.05
261669,0.13
261670,0.07
261671,0.0
261672,0.0
261673,0.0
261674,0.02
261675,0.02
261676,0.03
261677,0.04
261678,0.01
261679,0.04
261680,0.02
261681,0.03
261682,0.02
261683,0.01
261684,0.02
261685,0.0
261686,0.01
261687,0.01
261688,0.01
261689,0.01
261690,0.96
261691,0.0
261692,0.0
261693,0.08
261694,0.01
261695,0.01
261696,0.01
261697,0.04
261698,0.0
261699,0.0
261700,0.0
261701,0.01
261702,0.01
261703,0.0
261704,0.01
261705,0.0
261706,0.0
261707,0.07
261708,0.0
261709,0.0
261710,0.01
261711,0.01
261712,0.03
261713,0.0
261714,0.03
261715,0.0
261716,0.02
261717,0.0
261718,0.01
261719,0.01
261720,0.03
261721,0.03
261722,0.0
261723,0.04
261724,0.0
261725,0.07
261726,0.0
261727,0.0
261728,0.03
261729,0.03
261730,0.0
261731,0.01
261732,0.0
261733,0.04
261734,0.0
261735,0.05
261736,0.02
261737,0.03
261738,0.01
261739,0.01
261740,0.02
261741,0.0
261742,0.03
261743,0.01
261744,0.05
261745,0.01
261746,0.0
261747,0.54
261748,0.21
261749,0.01
261750,0.01
261751,0.34
261752,0.0
261753,0.02
261754,0.04
261755,0.56
261756,0.03
261757,0.01
261758,0.0
261759,0.11
261760,0.14
261761,0.03
261762,0.03
261763,0.01
261764,0.02
261765,0.0
261766,0.05
261767,0.0
261768,0.0
261769,0.15
261770,0.02
261771,0.0
261772,0.01
261773,0.01
261774,0.06
261775,0.08
261776,0.87
261777,0.0
261778,0.03
261779,0.01
261780,0.0
261781,0.05
261782,0.01
261783,0.04
261784,0.0
261785,0.03
261786,0.01
261787,0.08
261788,0.84
261789,0.05
261790,0.0
261791,0.05
261792,0.01
261793,0.0
261794,0.01
261795,0.06
261796,0.01
261797,0.01
261798,0.07
261799,0.0
261800,0.01
261801,0.01
261802,0.0
261803,0.02
261804,0.0
261805,0.04
261806,0.0
261807,0.12
261808,0.02
261809,0.03
261810,0.01
261811,0.0
261812,0.01
261813,0.0
261814,0.01
261815,0.01
261816,0.28
261817,0.01
261818,0.0
261819,0.01
261820,0.02
261821,0.03
261822,0.04
261823,0.05
261824,0.0
261825,0.0
261826,0.33
261827,0.0
261828,0.0
261829,0.03
261830,0.07
261831,0.04
261832,0.02
261833,0.0
261834,0.0
261835,0.04
261836,0.0
261837,0.0
261838,0.03
261839,0.02
261840,0.02
261841,0.0
261842,0.0
261843,0.24
261844,0.04
261845,0.01
261846,0.0
261847,0.07
261848,0.18
261849,0.0
261850,0.0
261851,0.0
261852,0.0
261853,0.02
261854,0.0
261855,0.0
261856,0.04
261857,0.01
261858,0.0
261859,0.04
261860,0.03
261861,0.02
261862,0.03
261863,0.0
261864,0.19
261865,0.01
261866,0.01
261867,0.0
261868,0.03
261869,0.02
261870,0.0
261871,0.01
261872,0.01
261873,0.0
261874,0.07
261875,0.03
261876,0.04
261877,0.02
261878,0.0
261879,0.0
261880,0.03
261881,0.04
261882,0.01
261883,0.1
261884,0.01
261885,0.02
261886,0.06
261887,0.01
261888,0.03
261889,0.02
261890,0.01
261891,0.03
261892,0.02
261893,0.0
261894,0.0
261895,0.0
261896,0.0
261897,0.01
261898,0.02
261899,0.01
261900,0.01
261901,0.01
261902,0.0
261903,0.04
261904,0.01
261905,0.0
261906,0.0
261907,0.02
261908,0.01
261909,0.0
261910,0.0
261911,0.04
261912,0.01
261913,0.0
261914,0.0
261915,0.03
261916,0.05
261917,0.0725
261918,0.02
261919,0.07
261920,0.01
261921,0.0
261922,0.0
261923,0.01
261924,0.03
261925,0.21
261926,0.03
261927,0.03
261928,0.03
261929,0.25
261930,0.0
261931,0.01
261932,0.06
261933,0.0
261934,0.04
261935,0.0
261936,0.08
261937,0.03
261938,0.0
261939,0.07
261940,0.02
261941,0.01
261942,0.0
261943,0.07
261944,0.02
261945,0.0
261946,0.0
261947,0.0
261948,0.05
261949,0.065
261950,0.0
261951,0.0
261952,0.01
261953,0.0
261954,0.01
261955,0.03
261956,0.0
261957,0.02
261958,0.05
261959,0.01
261960,0.04
261961,0.06
261962,0.01
261963,0.0
261964,0.65
261965,0.01
261966,0.01
261967,0.11
261968,0.0
261969,0.46
261970,0.0
261971,0.01
261972,0.04
261973,0.0
261974,0.02
261975,0.04
261976,0.72
261977,0.0
261978,0.05
261979,0.0
261980,0.01
261981,0.01
261982,0.19
261983,0.0
261984,0.0
261985,0.9
261986,0.01
261987,0.01
261988,0.01
261989,0.035
261990,0.0
261991,0.03
261992,0.08
261993,0.01
261994,0.01
261995,0.03
261996,0.06
261997,0.09
261998,0.03
261999,0.0
262000,0.27
262001,0.0
262002,0.04
262003,0.0
262004,0.03
262005,0.0
262006,0.0
262007,0.0
262008,0.01
262009,0.0
262010,0.0
262011,0.15
262012,0.0
262013,0.01
262014,0.0
262015,0.01
262016,0.0
262017,0.045
262018,0.02
262019,0.02
262020,0.02
262021,0.0
262022,0.02
262023,0.0
262024,0.53
262025,0.03
262026,0.06
262027,0.03
262028,0.01
262029,0.03
262030,0.27
262031,0.19
262032,0.31
262033,0.01
262034,0.0
262035,0.02
262036,0.02
262037,0.07
262038,0.04
262039,0.02
262040,0.11
262041,0.05
262042,0.04
262043,0.0
262044,0.08
262045,0.01
262046,0.11
262047,0.01
262048,0.0
262049,0.0
262050,0.04
262051,0.01
262052,0.0
262053,0.03
262054,0.03
262055,0.0
262056,0.0
262057,0.01
262058,0.01
262059,0.0
262060,0.01
262061,0.0
262062,0.09
262063,0.0
262064,0.02
262065,0.04
262066,0.0
262067,0.02
262068,0.02
262069,0.02
262070,0.02
262071,0.12
262072,0.18
262073,0.05
262074,0.07
262075,0.0
262076,0.02
262077,0.01
262078,0.02
262079,0.0
262080,0.01
262081,0.04
262082,0.02
262083,0.05
262084,0.02
262085,0.05
262086,0.01
262087,0.01
262088,0.03
262089,0.04
262090,0.0
262091,0.06
262092,0.1
262093,0.13
262094,0.0
262095,0.01
262096,0.05
262097,0.0
262098,0.01
262099,0.85
262100,0.0
262101,0.0
262102,0.0
262103,0.03
262104,0.0
262105,0.03
262106,0.04
262107,0.01
262108,0.01
262109,0.02
262110,0.02
262111,0.06
262112,0.0
262113,0.04
262114,0.0
262115,0.0
262116,0.0
262117,0.1
262118,0.01
262119,0.11
262120,0.0
262121,0.0
262122,0.02
262123,0.03
262124,0.01
262125,0.38
262126,0.04
262127,0.03
262128,0.06
262129,0.01
262130,0.0
262131,0.04
262132,0.0
262133,0.0
262134,0.06
262135,0.03
262136,0.16
262137,0.03
262138,0.0
262139,0.01
262140,0.01
262141,0.0
262142,0.0
262143,0.01
262144,0.29
262145,0.11
262146,0.0
262147,0.0
262148,0.0
262149,0.05
262150,0.0
262151,0.75
262152,0.03
262153,0.01
262154,0.01
262155,0.02
262156,0.01
262157,0.0
262158,0.01
262159,0.02
262160,0.0
262161,0.0
262162,0.0
262163,0.01
262164,0.01
262165,0.01
262166,0.02
262167,0.02
262168,0.0
262169,0.03
262170,0.0
262171,0.01
262172,0.0
262173,0.03
262174,0.0
262175,0.05
262176,0.0
262177,0.04
262178,0.01
262179,0.02
262180,0.3
262181,0.0
262182,0.01
262183,0.0
262184,0.0
262185,0.02
262186,0.01
262187,0.01
262188,0.0
262189,0.0
262190,0.02
262191,0.05
262192,0.02
262193,0.0
262194,0.02
262195,0.04
262196,0.0
262197,0.0
262198,0.03
262199,0.01
262200,0.02
262201,0.03
262202,0.03
262203,0.52
262204,0.0
262205,0.0
262206,0.08
262207,0.01
262208,0.01
262209,0.04
262210,0.01
262211,0.02
262212,0.31
262213,0.075
262214,0.0
262215,0.01
262216,0.04
262217,0.01
262218,0.01
262219,0.01
262220,0.06
262221,0.04
262222,0.02
262223,0.03
262224,0.0
262225,0.0
262226,0.13
262227,0.01
262228,0.0
262229,0.02
262230,0.0
262231,0.0
262232,0.07
262233,0.37
262234,0.02
262235,0.0
262236,0.03
262237,0.0
262238,0.12
262239,0.04
262240,0.01
262241,0.07
262242,0.0
262243,0.02
262244,0.0
262245,0.05
262246,0.11
262247,0.03
262248,0.03
262249,0.03
262250,0.01
262251,0.05
262252,0.14
262253,0.02
262254,0.0
262255,0.03
262256,0.0
262257,0.01
262258,0.01
262259,0.04
262260,0.01
262261,0.01
262262,0.01
262263,0.07
262264,0.92
262265,0.2
262266,0.0
262267,0.01
262268,0.01
262269,0.0
262270,0.06
262271,0.0
262272,0.13
262273,0.04
262274,0.02
262275,0.0
262276,0.03
262277,0.0
262278,0.02
262279,0.04333333333333333
262280,0.02
262281,0.02
262282,0.01
262283,0.0
262284,0.0
262285,0.01
262286,0.02
262287,0.11
262288,0.03
262289,0.0
262290,0.0
262291,0.01
262292,0.01
262293,0.0
262294,0.03
262295,0.04
262296,0.0
262297,0.03
262298,0.8
262299,0.0
262300,0.06
262301,0.01
262302,0.04
262303,0.02
262304,0.0
262305,0.04
262306,0.03
262307,0.01
262308,0.0
262309,0.0
262310,0.01
262311,0.0
262312,0.13
262313,0.0
262314,0.03
262315,0.03
262316,0.01
262317,0.0
262318,0.02
262319,0.08
262320,0.0
262321,0.0
262322,0.0
262323,0.03
262324,0.04
262325,0.04
262326,0.0
262327,0.08
262328,0.01
262329,0.0
262330,0.0
262331,0.0
262332,0.01
262333,0.03
262334,0.07
262335,0.03
262336,0.01
262337,0.16
262338,0.0
262339,0.01
262340,0.02
262341,0.01
262342,0.16
262343,0.0
262344,0.63
262345,0.01
262346,0.27
262347,0.0
262348,0.0
262349,0.01
262350,0.03
262351,0.07
262352,0.01
262353,0.0
262354,0.02
262355,0.35
262356,0.0
262357,0.05
262358,0.03
262359,0.0
262360,0.02
262361,0.01
262362,0.0
262363,0.02
262364,0.0
262365,0.06
262366,0.07
262367,0.01
262368,0.03
262369,0.06
262370,0.02
262371,0.02
262372,0.02
262373,0.01
262374,0.27
262375,0.02
262376,0.04
262377,0.0
262378,0.01
262379,0.18
262380,0.03
262381,0.0
262382,0.02
262383,0.03
262384,0.46
262385,0.0
262386,0.07
262387,0.07
262388,0.0
262389,0.0
262390,0.0
262391,0.01
262392,0.48
262393,0.01
262394,0.0
262395,0.01
262396,0.59
262397,0.15
262398,0.09
262399,0.02
262400,0.02
262401,0.0
262402,0.0
262403,0.11
262404,0.02
262405,0.0
262406,0.02
262407,0.22
262408,0.05
262409,0.0
262410,0.0
262411,0.0
262412,0.04
262413,0.0
262414,0.01
262415,0.04
262416,0.0
262417,0.0
262418,0.01
262419,0.01
262420,0.06
262421,0.01
262422,0.07
262423,0.22
262424,0.04
262425,0.0
262426,0.0
262427,0.0
262428,0.04
262429,0.03
262430,0.01
262431,0.16
262432,0.11
262433,0.0
262434,0.01
262435,0.02
262436,0.04
262437,0.0
262438,0.05
262439,0.0
262440,0.01
262441,0.0
262442,0.03
262443,0.01
262444,0.0
262445,0.01
262446,0.0
262447,0.21
262448,0.76
262449,0.02
262450,0.02
262451,0.05
262452,0.0
262453,0.0
262454,0.02
262455,0.01
262456,0.0
262457,0.02
262458,0.01
262459,0.01
262460,0.02
262461,0.0
262462,0.0
262463,0.0
262464,0.01
262465,0.66
262466,0.02
262467,0.01
262468,0.0
262469,0.07583333333333334
262470,0.02
262471,0.0
262472,0.01
262473,0.02
262474,0.0
262475,0.04
262476,0.01
262477,0.01
262478,0.0
262479,0.02
262480,0.03
262481,0.02
262482,0.02
262483,0.06
262484,0.02
262485,0.8
262486,0.02
262487,0.1
262488,0.02
262489,0.02
262490,0.02
262491,0.0
262492,0.03
262493,0.0
262494,0.05
262495,0.02
262496,0.0
262497,0.01
262498,0.1
262499,0.1
262500,0.0
262501,0.23
262502,0.02
262503,0.04
262504,0.04
262505,0.09
262506,0.0
262507,0.0
262508,0.0
262509,0.0
262510,0.67
262511,0.0
262512,0.0
262513,0.02
262514,0.0
262515,0.0
262516,0.0
262517,0.16
262518,0.0
262519,0.0
262520,0.04
262521,0.03
262522,0.01
262523,0.0
262524,0.44
262525,0.01
262526,0.0
262527,0.0
262528,0.04
262529,0.03
262530,0.01
262531,0.0
262532,0.02
262533,0.01
262534,0.03
262535,0.06
262536,0.02
262537,0.0
262538,0.0
262539,0.03
262540,0.86
262541,0.02
262542,0.01
262543,0.11
262544,0.02
262545,0.42
262546,0.01
262547,0.07
262548,0.01
262549,0.01
262550,0.02
262551,0.05
262552,0.0
262553,0.0
262554,0.04
262555,0.06
262556,0.0
262557,0.02
262558,0.49
262559,0.02
262560,0.0
262561,0.01
262562,0.0
262563,0.02
262564,0.03
262565,0.02
262566,0.26
262567,0.01
262568,0.01
262569,0.0
262570,0.0
262571,0.98
262572,0.87
262573,0.75
262574,0.0
262575,0.28
262576,0.09
262577,0.02
262578,0.05
262579,0.03
262580,0.0
262581,0.0
262582,0.02
262583,0.04
262584,0.04
262585,0.03
262586,0.91
262587,0.01
262588,0.0
262589,0.02
262590,0.0
262591,0.003333333333333333
262592,0.0
262593,0.04
262594,0.03
262595,0.01
262596,0.18
262597,0.04
262598,0.0
262599,0.0
262600,0.0
262601,0.01
262602,0.01
262603,0.0
262604,0.0
262605,0.06
262606,0.01
262607,0.0
262608,0.02
262609,0.08
262610,0.02
262611,0.0
262612,0.04
262613,0.0
262614,0.06
262615,0.03
262616,0.01
262617,0.0
262618,0.0
262619,0.0
262620,0.01
262621,0.02
262622,0.0
262623,0.0
262624,0.04
262625,0.0
262626,0.03
262627,0.05
262628,0.05
262629,0.01
262630,0.8
262631,0.07
262632,0.0
262633,0.05
262634,0.07
262635,0.01
262636,0.0
262637,0.03
262638,0.01
262639,0.39
262640,0.14
262641,0.0
262642,0.0
262643,0.03
262644,0.01
262645,0.07
262646,0.0
262647,0.05
262648,0.0
262649,0.01
262650,0.02
262651,0.0
262652,0.02
262653,0.0
262654,0.23
262655,0.0
262656,0.02
262657,0.0
262658,0.0
262659,0.0
262660,0.02
262661,0.0
262662,0.01
262663,0.01
262664,0.08
262665,0.03
262666,0.0
262667,0.0125
262668,0.0
262669,0.0
262670,0.03
262671,0.0
262672,0.02
262673,0.0
262674,0.0
262675,0.04
262676,0.02
262677,0.01
262678,0.01
262679,0.1
262680,0.0
262681,0.0
262682,0.04
262683,0.09
262684,0.29
262685,0.03
262686,0.0
262687,0.0
262688,0.05
262689,0.0
262690,0.03
262691,0.04
262692,0.0
262693,0.0
262694,0.01
262695,0.0
262696,0.0
262697,0.01
262698,0.01
262699,0.0
262700,0.01
262701,0.01
262702,0.05
262703,0.16
262704,0.1
262705,0.01
262706,0.01
262707,0.02
262708,0.02
262709,0.04
262710,0.0
262711,0.86
262712,0.74
262713,0.02
262714,0.0
262715,0.04
262716,0.03
262717,0.04
262718,0.06
262719,0.0
262720,0.0
262721,0.09
262722,0.74
262723,0.03
262724,0.03
262725,0.01
262726,0.0
262727,0.01
262728,0.07
262729,0.0
262730,0.4
262731,0.0
262732,0.64
262733,0.0
262734,0.01
262735,0.0
262736,0.02
262737,0.0
262738,0.0
262739,0.03
262740,0.35
262741,0.71
262742,0.03
262743,0.0
262744,0.0
262745,0.25
262746,0.04
262747,0.17
262748,0.03
262749,0.01
262750,0.01
262751,0.04
262752,0.0
262753,0.09
262754,0.0
262755,0.0
262756,0.02
262757,0.03
262758,0.06
262759,0.01
262760,0.0
262761,0.02
262762,0.01
262763,0.02
262764,0.04
262765,0.04
262766,0.0
262767,0.73
262768,0.01
262769,0.02
262770,0.04
262771,0.0
262772,0.0
262773,0.0
262774,0.01
262775,0.0
262776,0.05
262777,0.01
262778,0.01
262779,0.01
262780,0.03
262781,0.06
262782,0.0
262783,0.0
262784,0.0
262785,0.01
262786,0.0
262787,0.0
262788,0.03
262789,0.01
262790,0.03
262791,0.02
262792,0.0
262793,0.02
262794,0.2
262795,0.01
262796,0.0
262797,0.03
262798,0.19
262799,0.0
262800,0.23
262801,0.01
262802,0.01
262803,0.0
262804,0.01
262805,0.03
262806,0.02
262807,0.01
262808,0.04
262809,0.02
262810,0.36
262811,0.28
262812,0.02
262813,0.02
262814,0.01
262815,0.03
262816,0.0
262817,0.14
262818,0.0
262819,0.0
262820,0.0
262821,0.0
262822,0.07
262823,0.02
262824,0.97
262825,0.05
262826,0.07
262827,0.04
262828,0.02
262829,0.02
262830,0.01
262831,0.01
262832,0.01
262833,0.06
262834,0.04
262835,0.0
262836,0.0
262837,0.0
262838,0.0
262839,0.0
262840,0.1
262841,0.16
262842,0.0
262843,0.02
262844,0.0
262845,0.0
262846,0.01
262847,0.05
262848,0.03
262849,0.04
262850,0.03
262851,0.01
262852,0.04
262853,0.0
262854,0.02
262855,0.31
262856,0.91
262857,0.02
262858,0.01
262859,0.01
262860,0.01
262861,0.03
262862,0.0
262863,0.09
262864,0.01
262865,0.0
262866,0.01
262867,0.0
262868,0.01
262869,0.0
262870,0.02
262871,0.71
262872,0.0
262873,0.02
262874,0.01
262875,0.01
262876,0.0
262877,0.68
262878,0.01
262879,0.0
262880,0.03
262881,0.03
262882,0.0
262883,0.0
262884,0.01
262885,0.0
262886,0.07
262887,0.03
262888,0.01
262889,0.05
262890,0.08
262891,0.0
262892,0.01
262893,0.9
262894,0.0
262895,0.03
262896,0.0
262897,0.03
262898,0.0
262899,0.07
262900,0.0
262901,0.0
262902,0.01
262903,0.02
262904,0.0
262905,0.0
262906,0.01
262907,0.01
262908,0.0
262909,0.03
262910,0.28
262911,0.02
262912,0.0
262913,0.01
262914,0.0
262915,0.03
262916,0.01
262917,0.0
262918,0.01
262919,0.01
262920,0.01
262921,0.01
262922,0.05
262923,0.02
262924,0.05
262925,0.01
262926,0.03
262927,0.03
262928,0.01
262929,0.01
262930,0.08
262931,0.01
262932,0.0
262933,0.44
262934,0.0
262935,0.0
262936,0.02
262937,0.0
262938,0.0
262939,0.51
262940,0.83
262941,0.03
262942,0.01
262943,0.0
262944,0.13
262945,0.0
262946,0.01
262947,0.01
262948,0.0
262949,0.0
262950,0.0
262951,0.01
262952,0.0
262953,0.0
262954,0.63
262955,0.04
262956,0.2
262957,0.0
262958,0.01
262959,0.04
262960,0.7
262961,0.0
262962,0.0
262963,0.2
262964,0.0
262965,0.0
262966,0.03
262967,0.0
262968,0.01
262969,0.02
262970,0.08
262971,0.02
262972,0.01
262973,0.2
262974,0.0
262975,0.0
262976,0.01
262977,0.01
262978,0.0
262979,0.01
262980,0.0
262981,0.01
262982,0.01
262983,0.01
262984,0.0
262985,0.01
262986,0.0
262987,0.04
262988,0.0
262989,0.03
262990,0.01
262991,0.03
262992,0.24
262993,0.01
262994,0.0
262995,0.01
262996,0.01
262997,0.96
262998,0.0
262999,0.0
263000,0.0
263001,0.01
263002,0.01
263003,0.0
263004,0.03
263005,0.37
263006,0.01
263007,0.06
263008,0.0
263009,0.13
263010,0.01
263011,0.01
263012,0.01
263013,0.02
263014,0.03
263015,0.82
263016,0.0
263017,0.0
263018,0.01
263019,0.0
263020,0.02
263021,0.3
263022,0.0
263023,0.03
263024,0.72
263025,0.0
263026,0.0
263027,0.25
263028,0.04
263029,0.02
263030,0.04
263031,0.01
263032,0.0
263033,0.01
263034,0.05
263035,0.01
263036,0.37
263037,0.1
263038,0.14
263039,0.0
263040,0.01
263041,0.0
263042,0.03
263043,0.02
263044,0.0
263045,0.81
263046,0.06
263047,0.04
263048,0.02
263049,0.0
263050,0.0
263051,0.0
263052,0.01
263053,0.01
263054,0.09
263055,0.02
263056,0.03
263057,0.02
263058,0.02
263059,0.24
263060,0.02
263061,0.04
263062,0.0
263063,0.02
263064,0.0
263065,0.34
263066,0.02
263067,0.04
263068,0.03
263069,0.01
263070,0.0
263071,0.26
263072,0.2
263073,0.01
263074,0.01
263075,0.02
263076,0.08
263077,0.01
263078,0.0
263079,0.01
263080,0.01
263081,0.0
263082,0.0
263083,0.3
263084,0.0
263085,0.02
263086,0.01
263087,0.05
263088,0.0
263089,0.0
263090,0.09
263091,0.0
263092,0.0
263093,0.07
263094,0.27
263095,0.07
263096,0.0
263097,0.0
263098,0.02
263099,0.02
263100,0.01
263101,0.02
263102,0.03
263103,0.0
263104,0.0
263105,0.07
263106,0.02
263107,0.06
263108,0.03
263109,0.06
263110,0.47
263111,0.0
263112,0.0
263113,0.0
263114,0.02
263115,0.0
263116,0.01
263117,0.01
263118,0.0
263119,0.0
263120,0.06
263121,0.0
263122,0.62
263123,0.03
263124,0.02
263125,0.0
263126,0.02
263127,0.04
263128,0.03
263129,0.01
263130,0.05
263131,0.14
263132,0.01
263133,0.03
263134,0.02
263135,0.0
263136,0.09
263137,0.0
263138,0.0
263139,0.0
263140,0.0
263141,0.01
263142,0.54
263143,0.01
263144,0.09
263145,0.9
263146,0.01
263147,0.13
263148,0.05
263149,0.01
263150,0.0
263151,0.02
263152,0.0
263153,0.01
263154,0.0
263155,0.1
263156,0.01
263157,0.01
263158,0.14
263159,0.0
263160,0.0
263161,0.01
263162,0.04
263163,0.01
263164,0.06
263165,0.0
263166,0.16
263167,0.04
263168,0.07
263169,0.09
263170,0.0
263171,0.03
263172,0.0
263173,0.01
263174,0.02
263175,0.01
263176,0.01
263177,0.04
263178,0.0
263179,0.27
263180,0.15
263181,0.0
263182,0.04
263183,0.01
263184,0.02
263185,0.0
263186,0.04
263187,0.03
263188,0.03
263189,0.02
263190,0.0
263191,0.12
263192,0.01
263193,0.0
263194,0.01
263195,0.0
263196,0.01
263197,0.02
263198,0.0
263199,0.0
263200,0.02
263201,0.12
263202,0.27
263203,0.01
263204,0.0
263205,0.0
263206,0.0
263207,0.02
263208,0.02
263209,0.0
263210,0.43
263211,0.02
263212,0.03
263213,0.0
263214,0.05
263215,0.0
263216,0.0
263217,0.01
263218,0.04
263219,0.0
263220,0.0
263221,0.01
263222,0.0
263223,0.08
263224,0.0
263225,0.01
263226,0.0
263227,0.0
263228,0.05
263229,0.04
263230,0.46
263231,0.01
263232,0.02
263233,0.01
263234,0.02
263235,0.01
263236,0.02
263237,0.0
263238,0.0
263239,0.04
263240,0.19
263241,0.0
263242,0.03
263243,0.36
263244,0.02
263245,0.04
263246,0.04
263247,0.0
263248,0.02
263249,0.01
263250,0.22
263251,0.01
263252,0.01
263253,0.01
263254,0.1
263255,0.03
263256,0.05
263257,0.09
263258,0.0
263259,0.0
263260,0.03
263261,0.0
263262,0.01
263263,0.0
263264,0.02
263265,0.03
263266,0.0
263267,0.02
263268,0.03
263269,0.0
263270,0.02
263271,0.01
263272,0.03
263273,0.06
263274,0.64
263275,0.12
263276,0.0
263277,0.04
263278,0.0
263279,0.02
263280,0.11
263281,0.0
263282,0.04
263283,0.01
263284,0.21
263285,0.0
263286,0.0
263287,0.01
263288,0.0
263289,0.0
263290,0.46
263291,0.0
263292,0.02
263293,0.2
263294,0.0
263295,0.0
263296,0.01
263297,0.0
263298,0.01
263299,0.0
263300,0.0
263301,0.0
263302,0.01
263303,0.0
263304,0.02
263305,0.01
263306,0.04
263307,0.0
263308,0.04333333333333334
263309,0.01
263310,0.0
263311,0.0
263312,0.02
263313,0.0
263314,0.0
263315,0.03
263316,0.0
263317,0.0
263318,0.0
263319,0.05
263320,0.02
263321,0.0
263322,0.01
263323,0.0
263324,0.03
263325,0.03
263326,0.13
263327,0.0
263328,0.06
263329,0.0
263330,0.01
263331,0.0
263332,0.04
263333,0.51
263334,0.11
263335,0.02
263336,0.04
263337,0.0
263338,0.06
263339,0.04
263340,0.0
263341,0.0
263342,0.0
263343,0.03
263344,0.0
263345,0.01
263346,0.01
263347,0.01
263348,0.0
263349,0.04
263350,0.57
263351,0.11
263352,0.47
263353,0.0
263354,0.23
263355,0.0
263356,0.0
263357,0.14
263358,0.0
263359,0.02
263360,0.0
263361,0.0
263362,0.0
263363,0.02
263364,0.0
263365,0.01
263366,0.05
263367,0.01
263368,0.0
263369,0.02
263370,0.01
263371,0.0
263372,0.08
263373,0.01
263374,0.03
263375,0.24
263376,0.0
263377,0.0
263378,0.0
263379,0.01
263380,0.01
263381,0.0
263382,0.05
263383,0.0
263384,0.01
263385,0.0
263386,0.02
263387,0.04
263388,0.04
263389,0.02
263390,0.01
263391,0.02
263392,0.08
263393,0.04
263394,0.01
263395,0.0
263396,0.03
263397,0.02
263398,0.03
263399,0.02
263400,0.02
263401,0.02
263402,0.0
263403,0.0
263404,0.0
263405,0.02
263406,0.02
263407,0.0
263408,0.0
263409,0.01
263410,0.0
263411,0.01
263412,0.0
263413,0.07
263414,0.02
263415,0.0
263416,0.47
263417,0.0
263418,0.0
263419,0.02
263420,0.04
263421,0.0
263422,0.36
263423,0.36
263424,0.02
263425,0.03
263426,0.59
263427,0.03
263428,0.01
263429,0.07
263430,0.01
263431,0.12
263432,0.06
263433,0.04
263434,0.02
263435,0.23
263436,0.0
263437,0.0
263438,0.0
263439,0.0
263440,0.0
263441,0.35
263442,0.01
263443,0.04
263444,0.65
263445,0.0
263446,0.09
263447,0.0
263448,0.01
263449,0.0
263450,0.06
263451,0.01
263452,0.0
263453,0.01
263454,0.02
263455,0.62
263456,0.02
263457,0.0
263458,0.0
263459,0.0
263460,0.0
263461,0.0
263462,0.03
263463,0.04
263464,0.03
263465,0.01
263466,0.02
263467,0.0
263468,0.0
263469,0.0
263470,0.15
263471,0.0
263472,0.04
263473,0.01
263474,0.03
263475,0.15
263476,0.05
263477,0.04
263478,0.11
263479,0.0
263480,0.0
263481,0.0
263482,0.23
263483,0.0
263484,0.01
263485,0.02
263486,0.0
263487,0.01
263488,0.01
263489,0.01
263490,0.0
263491,0.04
263492,0.0
263493,0.06
263494,0.01
263495,0.02
263496,0.02
263497,0.0
263498,0.0
263499,0.0
263500,0.0
263501,0.01
263502,0.03
263503,0.02
263504,0.01
263505,0.46
263506,0.0
263507,0.12
263508,0.0
263509,0.06
263510,0.01
263511,0.01
263512,0.03
263513,0.01
263514,0.44
263515,0.01
263516,0.01
263517,0.33
263518,0.0
263519,0.96
263520,0.01
263521,0.09
263522,0.49
263523,0.02
263524,0.0
263525,0.01
263526,0.01
263527,0.02
263528,0.0
263529,0.63
263530,0.01
263531,0.03666666666666667
263532,0.0
263533,0.0
263534,0.05
263535,0.01
263536,0.01
263537,0.01
263538,0.07
263539,0.88
263540,0.08
263541,0.05
263542,0.0
263543,0.0
263544,0.0
263545,0.0
263546,0.01
263547,0.0
263548,0.01
263549,0.01
263550,0.27
263551,0.02
263552,0.0
263553,0.01
263554,0.83
263555,0.0
263556,0.1
263557,0.04
263558,0.01
263559,0.0
263560,0.0
263561,0.0
263562,0.016666666666666666
263563,0.01
263564,0.0
263565,0.01
263566,0.08
263567,0.03
263568,0.0
263569,0.04
263570,0.02
263571,0.04
263572,0.04
263573,0.01
263574,0.0
263575,0.0
263576,0.0
263577,0.0
263578,0.02
263579,0.04
263580,0.0
263581,0.03
263582,0.01
263583,0.04
263584,0.04
263585,0.01
263586,0.0
263587,0.01
263588,0.05
263589,0.0
263590,0.02
263591,0.04
263592,0.05
263593,0.0
263594,0.08
263595,0.0
263596,0.2
263597,0.0
263598,0.0
263599,0.0
263600,0.12
263601,0.0
263602,0.035
263603,0.08
263604,0.08
263605,0.0
263606,0.0
263607,0.06
263608,0.02
263609,0.01
263610,0.03
263611,0.0
263612,0.0
263613,0.0
263614,0.0
263615,0.0
263616,0.02
263617,0.0
263618,0.0
263619,0.0
263620,0.06
263621,0.01
263622,0.02
263623,0.09
263624,0.01
263625,0.0
263626,0.01
263627,0.0
263628,0.22
263629,0.08
263630,0.01
263631,0.01
263632,0.02
263633,0.0
263634,0.01
263635,0.1
263636,0.03
263637,0.08
263638,0.04
263639,0.0
263640,0.01
263641,0.07
263642,0.02
263643,0.0
263644,0.66
263645,0.0
263646,0.46
263647,0.02
263648,0.03
263649,0.02
263650,0.07
263651,0.01
263652,0.42
263653,0.02
263654,0.01
263655,0.69
263656,0.03
263657,0.0
263658,0.02
263659,0.0
263660,0.03
263661,0.04
263662,0.0
263663,0.04
263664,0.0
263665,0.9
263666,0.01
263667,0.05
263668,0.07
263669,0.1
263670,0.0
263671,0.03
263672,0.01
263673,0.0
263674,0.01
263675,0.0
263676,0.01
263677,0.03
263678,0.04
263679,0.02
263680,0.0
263681,0.01
263682,0.0
263683,0.0
263684,0.0
263685,0.18
263686,0.06
263687,0.0
263688,0.0
263689,0.06
263690,0.03
263691,0.02
263692,0.03
263693,0.0
263694,0.02
263695,0.02
263696,0.06
263697,0.0
263698,0.0
263699,0.23
263700,0.13
263701,0.04
263702,0.03
263703,0.03
263704,0.01
263705,0.0
263706,0.02
263707,0.05
263708,0.01
263709,0.08
263710,0.05
263711,0.0
263712,0.03
263713,0.01
263714,0.0
263715,0.0
263716,0.01
263717,0.01
263718,0.01
263719,0.01
263720,0.03
263721,0.04
263722,0.07
263723,0.06833333333333333
263724,0.32
263725,0.0
263726,0.13
263727,0.67
263728,0.0
263729,0.02
263730,0.02
263731,0.01
263732,0.0
263733,0.0
263734,0.29
263735,0.01
263736,0.0
263737,0.0
263738,0.0
263739,0.0
263740,0.02
263741,0.01
263742,0.0
263743,0.0
263744,0.05
263745,0.0
263746,0.01
263747,0.0
263748,0.09
263749,0.07
263750,0.01
263751,0.0
263752,0.0
263753,0.7
263754,0.0
263755,0.03
263756,0.02
263757,0.0
263758,0.0
263759,0.016
263760,0.04
263761,0.0
263762,0.0
263763,0.52
263764,0.0
263765,0.1
263766,0.06
263767,0.02
263768,0.0
263769,0.03
263770,0.0
263771,0.11
263772,0.02
263773,0.04
263774,0.0
263775,0.04
263776,0.0
263777,0.04
263778,0.03
263779,0.02
263780,0.1
263781,0.01
263782,0.0
263783,0.01
263784,0.02
263785,0.01
263786,0.05
263787,0.0
263788,0.01
263789,0.0
263790,0.01
263791,0.02
263792,0.05
263793,0.0
263794,0.0
263795,0.03
263796,0.01
263797,0.02
263798,0.01
263799,0.0
263800,0.0
263801,0.0
263802,0.89
263803,0.02
263804,0.01
263805,0.12
263806,0.0
263807,0.01
263808,0.45
263809,0.0
263810,0.01
263811,0.0
263812,0.02
263813,0.04
263814,0.0
263815,0.12
263816,0.0
263817,0.89
263818,0.01
263819,0.0
263820,0.01
263821,0.01
263822,0.02
263823,0.1
263824,0.0
263825,0.01
263826,0.04
263827,0.06
263828,0.0
263829,0.05
263830,0.01
263831,0.01
263832,0.05
263833,0.15
263834,0.72
263835,0.06
263836,0.0
263837,0.0
263838,0.01
263839,0.02
263840,0.02
263841,0.045
263842,0.07
263843,0.05
263844,0.0
263845,0.0
263846,0.03
263847,0.66
263848,0.0
263849,0.01
263850,0.0
263851,0.0
263852,0.0
263853,0.23
263854,0.0
263855,0.01
263856,0.01
263857,0.0
263858,0.01
263859,0.56
263860,0.02
263861,0.0
263862,0.01
263863,0.01
263864,0.0
263865,0.0
263866,0.0
263867,0.0
263868,0.0
263869,0.02
263870,0.0
263871,0.02
263872,0.0
263873,0.05
263874,0.01
263875,0.0
263876,0.02
263877,0.03
263878,0.4
263879,0.0
263880,0.02
263881,0.0
263882,0.0
263883,0.01
263884,0.01
263885,0.01
263886,0.02
263887,0.0
263888,0.01
263889,0.03
263890,0.07
263891,0.01
263892,0.01
263893,0.01
263894,0.05
263895,0.04
263896,0.01
263897,0.08
263898,0.01
263899,0.02
263900,0.11
263901,0.02
263902,0.0
263903,0.0
263904,0.04
263905,0.0
263906,0.01
263907,0.01
263908,0.0
263909,0.0
263910,0.0
263911,0.0
263912,0.7
263913,0.14
263914,0.14
263915,0.01
263916,0.0
263917,0.02
263918,0.0
263919,0.85
263920,0.11
263921,0.24
263922,0.0
263923,0.02
263924,0.06
263925,0.0
263926,0.03
263927,0.03
263928,0.01
263929,0.04
263930,0.01
263931,0.0
263932,0.03
263933,0.0225
263934,0.21
263935,0.0
263936,0.0
263937,0.02
263938,0.0
263939,0.0
263940,0.02
263941,0.0
263942,0.01
263943,0.03666666666666667
263944,0.04
263945,0.75
263946,0.05
263947,0.0
263948,0.0
263949,0.01
263950,0.04
263951,0.89
263952,0.69
263953,0.0
263954,0.0
263955,0.0
263956,0.83
263957,0.03
263958,0.02
263959,0.0
263960,0.08
263961,0.01
263962,0.01
263963,0.12
263964,0.05
263965,0.0
263966,0.1
263967,0.0
263968,0.02
263969,0.0
263970,0.02
263971,0.05
263972,0.16
263973,0.0
263974,0.06
263975,0.02
263976,0.02
263977,0.0
263978,0.76
263979,0.0
263980,0.03
263981,0.0
263982,0.07
263983,0.0
263984,0.01
263985,0.06
263986,0.0
263987,0.0
263988,0.0
263989,0.0
263990,0.04
263991,0.71
263992,0.01
263993,0.0
263994,0.0
263995,0.0
263996,0.0
263997,0.01
263998,0.01
263999,0.0
264000,0.01
264001,0.02
264002,0.0
264003,0.04
264004,0.01
264005,0.0
264006,0.02
264007,0.02
264008,0.04
264009,0.0
264010,0.01
264011,0.0
264012,0.0
264013,0.01
264014,0.0
264015,0.0
264016,0.05
264017,0.02
264018,0.03
264019,0.0
264020,0.0
264021,0.03
264022,0.0
264023,0.0
264024,0.01
264025,0.2
264026,0.02
264027,0.02
264028,0.0
264029,0.22
264030,0.0
264031,0.01
264032,0.11
264033,0.12
264034,0.0
264035,0.0
264036,0.0
264037,0.0
264038,0.0
264039,0.04
264040,0.01
264041,0.0
264042,0.0
264043,0.0
264044,0.0
264045,0.0
264046,0.07
264047,0.03
264048,0.0
264049,0.86
264050,0.01
264051,0.01
264052,0.0
264053,0.02
264054,0.0
264055,0.31
264056,0.0
264057,0.01
264058,0.0
264059,0.04
264060,0.0
264061,0.05
264062,0.01
264063,0.04
264064,0.0
264065,0.1
264066,0.0
264067,0.0
264068,0.02
264069,0.02
264070,0.03
264071,0.0
264072,0.09
264073,0.03
264074,0.0
264075,0.0
264076,0.07
264077,0.02
264078,0.0
264079,0.01
264080,0.0
264081,0.0
264082,0.01
264083,0.0
264084,0.08
264085,0.02
264086,0.03
264087,0.03
264088,0.24
264089,0.01
264090,0.0
264091,0.14
264092,0.09
264093,0.0
264094,0.01
264095,0.0
264096,0.0
264097,0.04
264098,0.03
264099,0.06
264100,0.02
264101,0.09
264102,0.07
264103,0.25
264104,0.0
264105,0.02
264106,0.0
264107,0.0
264108,0.01
264109,0.0
264110,0.98
264111,0.0
264112,0.25
264113,0.21
264114,0.01
264115,0.01
264116,0.02
264117,0.02
264118,0.02
264119,0.02
264120,0.03
264121,0.03
264122,0.02
264123,0.02
264124,0.0
264125,0.06
264126,0.33
264127,0.04
264128,0.11
264129,0.03
264130,0.13
264131,0.01
264132,0.0
264133,0.0
264134,0.0
264135,0.04
264136,0.01
264137,0.07
264138,0.0
264139,0.02
264140,0.0
264141,0.07
264142,0.01
264143,0.0
264144,0.03
264145,0.01
264146,0.47
264147,0.04
264148,0.0
264149,0.04
264150,0.0
264151,0.0
264152,0.0
264153,0.29
264154,0.07
264155,0.0
264156,0.0
264157,0.01
264158,0.03
264159,0.02
264160,0.08
264161,0.04
264162,0.77
264163,0.05
264164,0.02
264165,0.13
264166,0.06
264167,0.04
264168,0.02
264169,0.05
264170,0.02
264171,0.02
264172,0.53
264173,0.02
264174,0.01
264175,0.0
264176,0.03
264177,0.0
264178,0.01
264179,0.39
264180,0.2
264181,0.0
264182,0.01
264183,0.03
264184,0.0
264185,0.0
264186,0.8341666666666666
264187,0.03
264188,0.01
264189,0.0
264190,0.0
264191,0.01
264192,0.01
264193,0.02
264194,0.04
264195,0.06
264196,0.0
264197,0.02
264198,0.0
264199,0.0
264200,0.12
264201,0.05
264202,0.03
264203,0.0
264204,0.01
264205,0.01
264206,0.0
264207,0.03
264208,0.0
264209,0.0
264210,0.01
264211,0.0
264212,0.0
264213,0.0
264214,0.49
264215,0.02
264216,0.01
264217,0.02
264218,0.93
264219,0.0
264220,0.0
264221,0.0
264222,0.0
264223,0.03
264224,0.0
264225,0.0
264226,0.02
264227,0.0
264228,0.0
264229,0.0
264230,0.01
264231,0.01
264232,0.05
264233,0.1
264234,0.01
264235,0.03
264236,0.0
264237,0.04
264238,0.0
264239,0.01
264240,0.02
264241,0.0
264242,0.0
264243,0.02
264244,0.0
264245,0.01
264246,0.01
264247,0.06
264248,0.15
264249,0.01
264250,0.48
264251,0.0
264252,0.04
264253,0.0
264254,0.0
264255,0.01
264256,0.01
264257,0.68
264258,0.04
264259,0.0
264260,0.0
264261,0.01
264262,0.0
264263,0.01
264264,0.0
264265,0.0
264266,0.23
264267,0.0
264268,0.0
264269,0.04
264270,0.0
264271,0.16
264272,0.03
264273,0.0
264274,0.01
264275,0.0
264276,0.0
264277,0.06
264278,0.05
264279,0.02
264280,0.05
264281,0.05
264282,0.0
264283,0.0
264284,0.0
264285,0.0
264286,0.02
264287,0.4
264288,0.0
264289,0.0
264290,0.01
264291,0.08
264292,0.0
264293,0.0
264294,0.07
264295,0.0
264296,0.0
264297,0.0
264298,0.05
264299,0.02
264300,0.03
264301,0.39
264302,0.12
264303,0.56
264304,0.1
264305,0.01
264306,0.02
264307,0.01
264308,0.04
264309,0.02
264310,0.0
264311,0.0
264312,0.01
264313,0.0
264314,0.0
264315,0.0
264316,0.0
264317,0.01
264318,0.0
264319,0.06
264320,0.02
264321,0.02
264322,0.04
264323,0.06
264324,0.21
264325,0.0
264326,0.0
264327,0.0
264328,0.53
264329,0.0
264330,0.01
264331,0.0
264332,0.02
264333,0.02
264334,0.86
264335,0.01
264336,0.0
264337,0.0
264338,0.11
264339,0.0
264340,0.0
264341,0.02
264342,0.0
264343,0.0
264344,0.0
264345,0.02
264346,0.09
264347,0.04
264348,0.0
264349,0.0
264350,0.05
264351,0.01
264352,0.01
264353,0.01
264354,0.0
264355,0.07
264356,0.01
264357,0.12
264358,0.0
264359,0.02
264360,0.0
264361,0.01
264362,0.0
264363,0.0
264364,0.01
264365,0.02
264366,0.04
264367,0.03
264368,0.24
264369,0.08
264370,0.0
264371,0.01
264372,0.0
264373,0.0
264374,0.63
264375,0.02
264376,0.05
264377,0.02
264378,0.02
264379,0.03
264380,0.04
264381,0.01
264382,0.01
264383,0.0
264384,0.0
264385,0.0
264386,0.0
264387,0.0
264388,0.0
264389,0.0
264390,0.0
264391,0.0
264392,0.1
264393,0.03
264394,0.01
264395,0.01
264396,0.04
264397,0.01
264398,0.02
264399,0.0
264400,0.0
264401,0.06
264402,0.01
264403,0.01
264404,0.0
264405,0.09
264406,0.03
264407,0.01
264408,0.0
264409,0.0
264410,0.0
264411,0.0
264412,0.09
264413,0.0
264414,0.01
264415,0.05
264416,0.04
264417,0.01
264418,0.0
264419,0.0
264420,0.01
264421,0.0
264422,0.06
264423,0.0
264424,0.04
264425,0.0
264426,0.01
264427,0.18
264428,0.04
264429,0.01
264430,0.0
264431,0.03
264432,0.03
264433,0.02
264434,0.02
264435,0.01
264436,0.05
264437,0.05
264438,0.03
264439,0.05
264440,0.01
264441,0.04
264442,0.0
264443,0.03
264444,0.0
264445,0.01
264446,0.01
264447,0.1
264448,0.0
264449,0.0
264450,0.0
264451,0.0
264452,0.62
264453,0.03
264454,0.0
264455,0.0
264456,0.12
264457,0.03
264458,0.01
264459,0.01
264460,0.0
264461,0.0
264462,0.01
264463,0.03
264464,0.04
264465,0.01
264466,0.0
264467,0.02
264468,0.02
264469,0.09
264470,0.01
264471,0.01
264472,0.01
264473,0.05
264474,0.01
264475,0.0
264476,0.18
264477,0.01
264478,0.0
264479,0.03
264480,0.54
264481,0.0
264482,0.05
264483,0.0
264484,0.03
264485,0.0
264486,0.01
264487,0.02
264488,0.0
264489,0.25
264490,0.01
264491,0.0
264492,0.0
264493,0.0
264494,0.29
264495,0.0
264496,0.0
264497,0.0
264498,0.04
264499,0.0
264500,0.05
264501,0.0
264502,0.0
264503,0.03
264504,0.01
264505,0.02
264506,0.0
264507,0.39
264508,0.0
264509,0.04
264510,0.0
264511,0.01
264512,0.0
264513,0.01
264514,0.12
264515,0.02
264516,0.01
264517,0.0
264518,0.04
264519,0.0
264520,0.01
264521,0.02
264522,0.06
264523,0.06
264524,0.21
264525,0.0
264526,0.04
264527,0.0
264528,0.04
264529,0.01
264530,0.01
264531,0.0
264532,0.06
264533,0.0
264534,0.0
264535,0.16
264536,0.01
264537,0.02
264538,0.01
264539,0.1
264540,0.04
264541,0.0
264542,0.0
264543,0.02
264544,0.4
264545,0.01
264546,0.03
264547,0.0
264548,0.0
264549,0.02
264550,0.0
264551,0.0
264552,0.1
264553,0.0
264554,0.02
264555,0.0
264556,0.0
264557,0.04
264558,0.0
264559,0.04
264560,0.0
264561,0.0
264562,0.0
264563,0.0
264564,0.01
264565,0.0
264566,0.0
264567,0.03
264568,0.0
264569,0.01
264570,0.01
264571,0.13
264572,0.01
264573,0.01
264574,0.01
264575,0.03
264576,0.0
264577,0.1
264578,0.06
264579,0.02
264580,0.0
264581,0.02
264582,0.01
264583,0.03
264584,0.03
264585,0.03
264586,0.23
264587,0.0
264588,0.0
264589,0.1
264590,0.03
264591,0.02
264592,0.0
264593,0.01
264594,0.12
264595,0.38
264596,0.02
264597,0.0
264598,0.03
264599,0.0
264600,0.21
264601,0.02
264602,0.0
264603,0.03
264604,0.0
264605,0.01
264606,0.01
264607,0.0
264608,0.7341666666666667
264609,0.01
264610,0.11
264611,0.01
264612,0.01
264613,0.01
264614,0.01
264615,0.0
264616,0.08
264617,0.1
264618,0.0
264619,0.02
264620,0.16
264621,0.0
264622,0.07
264623,0.01
264624,0.01
264625,0.09
264626,0.01
264627,0.02
264628,0.795
264629,0.01
264630,0.02
264631,0.0
264632,0.01
264633,0.0
264634,0.03
264635,0.01
264636,0.26
264637,0.01
264638,0.16
264639,0.0
264640,0.13
264641,0.01
264642,0.01
264643,0.02
264644,0.31
264645,0.01
264646,0.02
264647,0.01
264648,0.28
264649,0.02
264650,0.0
264651,0.01
264652,0.01
264653,0.0
264654,0.0
264655,0.56
264656,0.01
264657,0.0
264658,0.01
264659,0.01
264660,0.02
264661,0.03
264662,0.0
264663,0.01
264664,0.0
264665,0.0
264666,0.01
264667,0.17
264668,0.0
264669,0.0
264670,0.04
264671,0.02
264672,0.01
264673,0.01
264674,0.03
264675,0.01
264676,0.0
264677,0.49
264678,0.05
264679,0.0
264680,0.0
264681,0.01
264682,0.14
264683,0.04
264684,0.01
264685,0.0
264686,0.01
264687,0.01
264688,0.07
264689,0.0
264690,0.04
264691,0.1
264692,0.01
264693,0.01
264694,0.1
264695,0.06
264696,0.0
264697,0.02
264698,0.15
264699,0.04
264700,0.0
264701,0.02
264702,0.0
264703,0.01
264704,0.02
264705,0.0
264706,0.44
264707,0.01
264708,0.01
264709,0.0
264710,0.01
264711,0.06
264712,0.02
264713,0.07
264714,0.0
264715,0.0
264716,0.3
264717,0.01
264718,0.01
264719,0.06
264720,0.04
264721,0.02
264722,0.1
264723,0.0
264724,0.93
264725,0.17
264726,0.1
264727,0.0
264728,0.01
264729,0.0
264730,0.0
264731,0.05
264732,0.02
264733,0.06
264734,0.01
264735,0.01
264736,0.16
264737,0.15
264738,0.0
264739,0.0
264740,0.01
264741,0.01
264742,0.08
264743,0.01
264744,0.07
264745,0.0
264746,0.01
264747,0.0
264748,0.01
264749,0.01
264750,0.0
264751,0.04
264752,0.04
264753,0.06
264754,0.0
264755,0.01
264756,0.06
264757,0.31
264758,0.0
264759,0.22
264760,0.0
264761,0.86
264762,0.0
264763,0.03
264764,0.0
264765,0.0
264766,0.64
264767,0.0
264768,0.03
264769,0.02
264770,0.55
264771,0.01
264772,0.6
264773,0.04
264774,0.01
264775,0.0
264776,0.01
264777,0.0
264778,0.02
264779,0.0
264780,0.12
264781,0.0
264782,0.01
264783,0.07
264784,0.08
264785,0.03
264786,0.04
264787,0.09
264788,0.0
264789,0.01
264790,0.0
264791,0.01
264792,0.02
264793,0.06
264794,0.0
264795,0.02
264796,0.01
264797,0.03
264798,0.0
264799,0.04
264800,0.01
264801,0.14
264802,0.01
264803,0.0
264804,0.01
264805,0.05
264806,0.0
264807,0.06
264808,0.0
264809,0.01
264810,0.01
264811,0.07
264812,0.02
264813,0.02
264814,0.01
264815,0.01
264816,0.02
264817,0.01
264818,0.14
264819,0.05
264820,0.02
264821,0.03
264822,0.2
264823,0.01
264824,0.04
264825,0.01
264826,0.0
264827,0.02
264828,0.0
264829,0.06
264830,0.03
264831,0.0
264832,0.05
264833,0.0
264834,0.02
264835,0.27
264836,0.01
264837,0.06
264838,0.02
264839,0.02
264840,0.02
264841,0.02
264842,0.05
264843,0.0
264844,0.0
264845,0.03
264846,0.06
264847,0.0
264848,0.01
264849,0.03
264850,0.0
264851,0.1
264852,0.0
264853,0.04
264854,0.08
264855,0.0
264856,0.01
264857,0.22
264858,0.33
264859,0.03
264860,0.01
264861,0.71
264862,0.02
264863,0.03
264864,0.0
264865,0.0
264866,0.17
264867,0.0
264868,0.0
264869,0.2818333333333333
264870,0.04
264871,0.46
264872,0.18
264873,0.81
264874,0.0
264875,0.17
264876,0.02
264877,0.01
264878,0.0
264879,0.01
264880,0.01
264881,0.0
264882,0.05
264883,0.08
264884,0.02
264885,0.0
264886,0.01
264887,0.12
264888,0.06
264889,0.03
264890,0.05
264891,0.08
264892,0.03
264893,0.05
264894,0.0
264895,0.02
264896,0.0
264897,0.01
264898,0.0
264899,0.195
264900,0.01
264901,0.01
264902,0.01
264903,0.96
264904,0.01
264905,0.0
264906,0.06
264907,0.01
264908,0.0
264909,0.02
264910,0.0
264911,0.0
264912,0.16
264913,0.09
264914,0.01
264915,0.01
264916,0.0
264917,0.09
264918,0.01
264919,0.07
264920,0.93
264921,0.0
264922,0.04
264923,0.02
264924,0.2
264925,0.03
264926,0.01
264927,0.13
264928,0.02
264929,0.0
264930,0.0
264931,0.0
264932,0.09
264933,0.11
264934,0.81
264935,0.03
264936,0.11
264937,0.02
264938,0.0
264939,0.12
264940,0.08
264941,0.01
264942,0.04
264943,0.02
264944,0.0
264945,0.0
264946,0.01
264947,0.0
264948,0.09
264949,0.0
264950,0.02
264951,0.0
264952,0.07
264953,0.08
264954,0.01
264955,0.0
264956,0.04
264957,0.0
264958,0.39
264959,0.02
264960,0.03
264961,0.02
264962,0.02
264963,0.05
264964,0.05
264965,0.01
264966,0.0
264967,0.0
264968,0.0
264969,0.0
264970,0.02
264971,0.0
264972,0.02
264973,0.0
264974,0.0
264975,0.0
264976,0.0
264977,0.01
264978,0.0
264979,0.02
264980,0.97
264981,0.02
264982,0.0
264983,0.79
264984,0.02
264985,0.05
264986,0.0
264987,0.0
264988,0.02
264989,0.01
264990,0.0
264991,0.01
264992,0.03
264993,0.03
264994,0.0
264995,0.14
264996,0.07
264997,0.0
264998,0.01
264999,0.0
265000,0.01
265001,0.0
265002,0.04
265003,0.07
265004,0.04
265005,0.01
265006,0.0
265007,0.0
265008,0.01
265009,0.74
265010,0.0
265011,0.0
265012,0.92
265013,0.0
265014,0.05
265015,0.04
265016,0.0
265017,0.0
265018,0.0
265019,0.0
265020,0.0
265021,0.01
265022,0.02
265023,0.06
265024,0.0
265025,0.01
265026,0.77
265027,0.04
265028,0.05
265029,0.12
265030,0.03
265031,0.04
265032,0.0
265033,0.01
265034,0.03
265035,0.16
265036,0.02
265037,0.05
265038,0.0
265039,0.0
265040,0.0
265041,0.24
265042,0.0
265043,0.01
265044,0.13
265045,0.01
265046,0.01
265047,0.0
265048,0.0
265049,0.01
265050,0.06
265051,0.0
265052,0.01
265053,0.05
265054,0.0
265055,0.0
265056,0.0
265057,0.0
265058,0.11
265059,0.0
265060,0.01
265061,0.0
265062,0.02
265063,0.01
265064,0.01
265065,0.0
265066,0.02
265067,0.03
265068,0.09
265069,0.01
265070,0.07
265071,0.0
265072,0.97
265073,0.63
265074,0.24
265075,0.0
265076,0.0
265077,0.0
265078,0.0
265079,0.0
265080,0.0
265081,0.0
265082,0.01
265083,0.06
265084,0.01
265085,0.02
265086,0.43
265087,0.02
265088,0.69
265089,0.02
265090,0.01
265091,0.03
265092,0.01
265093,0.01
265094,0.03
265095,0.01
265096,0.09
265097,0.0
265098,0.0
265099,0.01
265100,0.01
265101,0.01
265102,0.02
265103,0.01
265104,0.0
265105,0.04
265106,0.01
265107,0.01
265108,0.02
265109,0.0
265110,0.0
265111,0.03
265112,0.08
265113,0.0
265114,0.04
265115,0.03
265116,0.01
265117,0.11
265118,0.06
265119,0.01
265120,0.0
265121,0.0
265122,0.0
265123,0.06
265124,0.08
265125,0.87
265126,0.02
265127,0.0
265128,0.09
265129,0.01
265130,0.01
265131,0.0
265132,0.03
265133,0.02
265134,0.67
265135,0.19
265136,0.01
265137,0.07
265138,0.03
265139,0.0
265140,0.94
265141,0.0
265142,0.02
265143,0.01
265144,0.0
265145,0.06
265146,0.0
265147,0.03
265148,0.0
265149,0.0
265150,0.02
265151,0.02
265152,0.0
265153,0.05
265154,0.02
265155,0.02
265156,0.64
265157,0.0
265158,0.0
265159,0.0
265160,0.04
265161,0.0
265162,0.05
265163,0.0
265164,0.0
265165,0.01
265166,0.02
265167,0.03
265168,0.04
265169,0.93
265170,0.04
265171,0.03
265172,0.1
265173,0.05
265174,0.0
265175,0.02
265176,0.0
265177,0.07
265178,0.08
265179,0.25
265180,0.96
265181,0.0
265182,0.0
265183,0.01
265184,0.0
265185,0.17
265186,0.01
265187,0.32
265188,0.01
265189,0.01
265190,0.01
265191,0.0
265192,0.0
265193,0.0
265194,0.01
265195,0.63
265196,0.0
265197,0.08
265198,0.01
265199,0.02
265200,0.05
265201,0.04
265202,0.0
265203,0.02
265204,0.0
265205,0.38
265206,0.06333333333333332
265207,0.04
265208,0.01
265209,0.05
265210,0.02
265211,0.01
265212,0.94
265213,0.25
265214,0.02
265215,0.01
265216,0.06
265217,0.0
265218,0.06
265219,0.0
265220,0.01
265221,0.01
265222,0.04
265223,0.0
265224,0.0
265225,0.02
265226,0.24
265227,0.0
265228,0.0
265229,0.0
265230,0.02
265231,0.12
265232,0.04
265233,0.03
265234,0.0
265235,0.02
265236,0.0
265237,0.05
265238,0.01
265239,0.04
265240,0.09
265241,0.0
265242,0.01
265243,0.03
265244,0.0
265245,0.03
265246,0.01
265247,0.02
265248,0.0
265249,0.01
265250,0.0
265251,0.02
265252,0.0
265253,0.01
265254,0.03
265255,0.0
265256,0.02
265257,0.01
265258,0.0
265259,0.02
265260,0.01
265261,0.0
265262,0.02
265263,0.0
265264,0.01
265265,0.69
265266,0.02
265267,0.0
265268,0.02
265269,0.02
265270,0.0
265271,0.0
265272,0.01
265273,0.02
265274,0.08
265275,0.01
265276,0.05
265277,0.0
265278,0.14
265279,0.08
265280,0.0
265281,0.08
265282,0.01
265283,0.04
265284,0.06
265285,0.0
265286,0.01
265287,0.01
265288,0.0
265289,0.0
265290,0.05
265291,0.04
265292,0.02
265293,0.02
265294,0.03
265295,0.02
265296,0.0
265297,0.0
265298,0.01
265299,0.11
265300,0.01
265301,0.0
265302,0.03
265303,0.01
265304,0.02
265305,0.0
265306,0.0
265307,0.03
265308,0.15
265309,0.04
265310,0.01
265311,0.0
265312,0.0
265313,0.0
265314,0.0
265315,0.0
265316,0.04
265317,0.0
265318,0.01
265319,0.04
265320,0.04
265321,0.0
265322,0.01
265323,0.05
265324,0.02
265325,0.0
265326,0.02
265327,0.04
265328,0.01
265329,0.03
265330,0.03
265331,0.0
265332,0.05
265333,0.03
265334,0.01
265335,0.05
265336,0.39
265337,0.0
265338,0.02
265339,0.59
265340,0.0
265341,0.0
265342,0.0
265343,0.03
265344,0.06
265345,0.0
265346,0.03
265347,0.01
265348,0.05
265349,0.01
265350,0.01
265351,0.04
265352,0.03
265353,0.01
265354,0.82
265355,0.0
265356,0.03
265357,0.0
265358,0.05
265359,0.01
265360,0.02
265361,0.01
265362,0.03
265363,0.0
265364,0.2
265365,0.02
265366,0.02
265367,0.02
265368,0.0
265369,0.02
265370,0.01
265371,0.25
265372,0.01
265373,0.02
265374,0.0
265375,0.0
265376,0.0
265377,0.02
265378,0.02
265379,0.03
265380,0.0
265381,0.03
265382,0.01
265383,0.02
265384,0.04
265385,0.01
265386,0.0
265387,0.01
265388,0.04
265389,0.27
265390,0.7
265391,0.0
265392,0.49
265393,0.0
265394,0.01
265395,0.0
265396,0.01
265397,0.01
265398,0.6
265399,0.54
265400,0.01
265401,0.04
265402,0.01
265403,0.03
265404,0.01
265405,0.0
265406,0.01
265407,0.0
265408,0.14
265409,0.03
265410,0.03
265411,0.0
265412,0.0
265413,0.02
265414,0.07
265415,0.0
265416,0.01
265417,0.01
265418,0.01
265419,0.13
265420,0.07
265421,0.0
265422,0.81
265423,0.02
265424,0.0
265425,0.0
265426,0.06
265427,0.0
265428,0.01
265429,0.02
265430,0.0
265431,0.03
265432,0.04
265433,0.05
265434,0.0
265435,0.06
265436,0.02
265437,0.0
265438,0.01
265439,0.12
265440,0.0
265441,0.02
265442,0.32
265443,0.0
265444,0.0
265445,0.0
265446,0.0
265447,0.0
265448,0.04
265449,0.0
265450,0.0
265451,0.01
265452,0.01
265453,0.0
265454,0.95
265455,0.02
265456,0.01
265457,0.0
265458,0.03
265459,0.07
265460,0.0
265461,0.03
265462,0.0
265463,0.01
265464,0.01
265465,0.0
265466,0.015
265467,0.0
265468,0.02
265469,0.06
265470,0.12
265471,0.0
265472,0.01
265473,0.0
265474,0.04
265475,0.02
265476,0.03
265477,0.03
265478,0.0
265479,0.0
265480,0.02
265481,0.05
265482,0.0
265483,0.03
265484,0.0
265485,0.0
265486,0.0
265487,0.0
265488,0.0
265489,0.0
265490,0.02
265491,0.01
265492,0.0
265493,0.01
265494,0.02
265495,0.22
265496,0.09
265497,0.52
265498,0.06
265499,0.01
265500,0.0
265501,0.06
265502,0.01
265503,0.01
265504,0.02
265505,0.03
265506,0.07
265507,0.01
265508,0.02
265509,0.01
265510,0.02
265511,0.0
265512,0.02
265513,0.0
265514,0.22
265515,0.03
265516,0.06
265517,0.03
265518,0.0
265519,0.0
265520,0.04
265521,0.0
265522,0.0
265523,0.03
265524,0.08
265525,0.07
265526,0.8
265527,0.0
265528,0.0
265529,0.0
265530,0.0
265531,0.01
265532,0.03
265533,0.0
265534,0.09
265535,0.04
265536,0.0
265537,0.0
265538,0.03
265539,0.0
265540,0.02
265541,0.0
265542,0.0
265543,0.8
265544,0.0
265545,0.04
265546,0.02
265547,0.01
265548,0.0
265549,0.01
265550,0.01
265551,0.01
265552,0.0
265553,0.0
265554,0.82
265555,0.08
265556,0.01
265557,0.0
265558,0.01
265559,0.09
265560,0.03
265561,0.0
265562,0.15
265563,0.02
265564,0.0
265565,0.01
265566,0.0
265567,0.46
265568,0.0
265569,0.0
265570,0.28
265571,0.27
265572,0.01
265573,0.04
265574,0.0
265575,0.0
265576,0.0
265577,0.03
265578,0.11
265579,0.07
265580,0.0
265581,0.15
265582,0.0
265583,0.01
265584,0.0
265585,0.98
265586,0.0
265587,0.0
265588,0.21
265589,0.01
265590,0.06
265591,0.84
265592,0.02
265593,0.0
265594,0.01
265595,0.0
265596,0.01
265597,0.07
265598,0.03
265599,0.03
265600,0.0
265601,0.01
265602,0.1
265603,0.12
265604,0.13
265605,0.85
265606,0.03
265607,0.0
265608,0.0
265609,0.04666666666666667
265610,0.01
265611,0.07
265612,0.06
265613,0.86
265614,0.04
265615,0.01
265616,0.7
265617,0.0
265618,0.71
265619,0.01
265620,0.02
265621,0.01
265622,0.0
265623,0.05
265624,0.0235
265625,0.01
265626,0.01
265627,0.0
265628,0.29
265629,0.07
265630,0.01
265631,0.1
265632,0.01
265633,0.01
265634,0.0
265635,0.0
265636,0.04
265637,0.27
265638,0.03
265639,0.02
265640,0.03
265641,0.0
265642,0.0
265643,0.01
265644,0.78
265645,0.81
265646,0.03
265647,0.02
265648,0.0
265649,0.38
265650,0.0
265651,0.13
265652,0.05
265653,0.01
265654,0.0
265655,0.01
265656,0.41
265657,0.01
265658,0.01
265659,0.04
265660,0.0
265661,0.0
265662,0.0
265663,0.0
265664,0.01
265665,0.0
265666,0.0
265667,0.02
265668,0.0
265669,0.0
265670,0.03
265671,0.03
265672,0.0
265673,0.0
265674,0.0
265675,0.01
265676,0.03
265677,0.01
265678,0.04
265679,0.0
265680,0.03
265681,0.0
265682,0.0
265683,0.0
265684,0.04
265685,0.03
265686,0.05
265687,0.0
265688,0.03
265689,0.05
265690,0.23
265691,0.0
265692,0.02
265693,0.02
265694,0.0
265695,0.03
265696,0.01
265697,0.01
265698,0.04
265699,0.0
265700,0.0
265701,0.01
265702,0.41
265703,0.01
265704,0.01
265705,0.03
265706,0.01
265707,0.0
265708,0.0
265709,0.0
265710,0.0
265711,0.06
265712,0.0
265713,0.02
265714,0.03
265715,0.02
265716,0.0025
265717,0.09
265718,0.01
265719,0.0
265720,0.02
265721,0.0
265722,0.05
265723,0.01
265724,0.0
265725,0.01
265726,0.01
265727,0.0
265728,0.01
265729,0.01
265730,0.0
265731,0.07
265732,0.03
265733,0.01
265734,0.0
265735,0.03
265736,0.03
265737,0.04
265738,0.0
265739,0.01
265740,0.0
265741,0.0
265742,0.01
265743,0.0
265744,0.01
265745,0.0
265746,0.0
265747,0.02
265748,0.24
265749,0.08
265750,0.04
265751,0.0
265752,0.0
265753,0.01
265754,0.09
265755,0.02
265756,0.02
265757,0.19
265758,0.0
265759,0.03
265760,0.18
265761,0.0
265762,0.0
265763,0.01
265764,0.55
265765,0.0
265766,0.02
265767,0.01
265768,0.02
265769,0.05
265770,0.0
265771,0.02
265772,0.0
265773,0.72
265774,0.04
265775,0.0
265776,0.03
265777,0.02
265778,0.01
265779,0.0
265780,0.02
265781,0.0
265782,0.0
265783,0.0
265784,0.0
265785,0.01
265786,0.03
265787,0.01
265788,0.0
265789,0.04
265790,0.14
265791,0.27
265792,0.02
265793,0.03
265794,0.08
265795,0.03
265796,0.01
265797,0.01
265798,0.01
265799,0.0
265800,0.02
265801,0.0
265802,0.03
265803,0.02
265804,0.0
265805,0.03
265806,0.0
265807,0.04
265808,0.04
265809,0.07
265810,0.03
265811,0.06
265812,0.11
265813,0.02
265814,0.05
265815,0.03
265816,0.13
265817,0.09
265818,0.04
265819,0.04
265820,0.14
265821,0.0
265822,0.04
265823,0.0
265824,0.0
265825,0.01
265826,0.02
265827,0.02
265828,0.03
265829,0.05
265830,0.53
265831,0.01
265832,0.0
265833,0.21
265834,0.01
265835,0.02
265836,0.04
265837,0.01
265838,0.0
265839,0.02
265840,0.03
265841,0.0
265842,0.0
265843,0.08
265844,0.02
265845,0.11
265846,0.01
265847,0.01
265848,0.01
265849,0.0
265850,0.06
265851,0.0
265852,0.02
265853,0.0
265854,0.02
265855,0.0
265856,0.19
265857,0.0
265858,0.04
265859,0.0
265860,0.06
265861,0.0
265862,0.0
265863,0.03
265864,0.02
265865,0.0
265866,0.0
265867,0.0
265868,0.01
265869,0.01
265870,0.02
265871,0.01
265872,0.0
265873,0.01
265874,0.0
265875,0.01
265876,0.0
265877,0.03
265878,0.01
265879,0.01
265880,0.0
265881,0.0
265882,0.0
265883,0.04
265884,0.07
265885,0.08
265886,0.0
265887,0.24
265888,0.01
265889,0.0
265890,0.0
265891,0.0
265892,0.01
265893,0.01
265894,0.13
265895,0.09
265896,0.21
265897,0.02
265898,0.01
265899,0.0
265900,0.05
265901,0.01
265902,0.0
265903,0.03
265904,0.01
265905,0.04
265906,0.06
265907,0.02
265908,0.04
265909,0.0
265910,0.01
265911,0.0
265912,0.03
265913,0.05
265914,0.0
265915,0.0
265916,0.01
265917,0.0
265918,0.03
265919,0.0
265920,0.01
265921,0.1
265922,0.03
265923,0.15
265924,0.02
265925,0.0
265926,0.03
265927,0.0
265928,0.0
265929,0.12
265930,0.0
265931,0.08
265932,0.01
265933,0.02
265934,0.0
265935,0.01
265936,0.0
265937,0.02
265938,0.04
265939,0.013333333333333332
265940,0.69
265941,0.0
265942,0.02
265943,0.0
265944,0.0
265945,0.07
265946,0.0
265947,0.0
265948,0.06
265949,0.01
265950,0.04
265951,0.05
265952,0.03
265953,0.11
265954,0.04
265955,0.02
265956,0.0
265957,0.04
265958,0.0
265959,0.02
265960,0.17
265961,0.03
265962,0.05
265963,0.01
265964,0.06
265965,0.03
265966,0.03
265967,0.01
265968,0.02
265969,0.0
265970,0.0
265971,0.0
265972,0.0
265973,0.06
265974,0.04
265975,0.1
265976,0.01
265977,0.05
265978,0.01
265979,0.04
265980,0.02
265981,0.04
265982,0.0
265983,0.0
265984,0.03
265985,0.05
265986,0.07
265987,0.01
265988,0.09
265989,0.0
265990,0.0
265991,0.22
265992,0.01
265993,0.02
265994,0.06
265995,0.0
265996,0.0
265997,0.22
265998,0.0
265999,0.01
266000,0.0
266001,0.03
266002,0.0
266003,0.06
266004,0.0
266005,0.0
266006,0.01
266007,0.0
266008,0.0
266009,0.01
266010,0.0
266011,0.01
266012,0.03
266013,0.01
266014,0.01
266015,0.0
266016,0.05
266017,0.0
266018,0.0
266019,0.09
266020,0.04
266021,0.04
266022,0.03
266023,0.0
266024,0.02
266025,0.0
266026,0.01
266027,0.03
266028,0.0
266029,0.0
266030,0.01
266031,0.01
266032,0.0
266033,0.07
266034,0.01
266035,0.03
266036,0.04
266037,0.03
266038,0.15
266039,0.0
266040,0.16
266041,0.23
266042,0.0
266043,0.03
266044,0.03
266045,0.0
266046,0.0
266047,0.0
266048,0.03
266049,0.01
266050,0.0
266051,0.01
266052,0.01
266053,0.0
266054,0.0
266055,0.09
266056,0.03
266057,0.01
266058,0.04
266059,0.02
266060,0.09
266061,0.0
266062,0.08
266063,0.01
266064,0.44
266065,0.0
266066,0.01
266067,0.15
266068,0.02
266069,0.02
266070,0.02
266071,0.02
266072,0.02
266073,0.4
266074,0.0
266075,0.64
266076,0.0
266077,0.0
266078,0.0
266079,0.01
266080,0.0
266081,0.03
266082,0.03
266083,0.12
266084,0.0
266085,0.03
266086,0.32
266087,0.02
266088,0.0
266089,0.02
266090,0.02
266091,0.0
266092,0.01
266093,0.05083333333333333
266094,0.03
266095,0.0
266096,0.03
266097,0.07
266098,0.0
266099,0.0
266100,0.02
266101,0.0
266102,0.92
266103,0.05
266104,0.02
266105,0.09
266106,0.04
266107,0.0
266108,0.01
266109,0.2
266110,0.03
266111,0.0
266112,0.0
266113,0.0
266114,0.01
266115,0.0
266116,0.0
266117,0.0
266118,0.02
266119,0.07
266120,0.02
266121,0.04
266122,0.01
266123,0.02
266124,0.01
266125,0.0
266126,0.0
266127,0.0
266128,0.8
266129,0.0
266130,0.0
266131,0.04
266132,0.02
266133,0.06
266134,0.04
266135,0.35
266136,0.0
266137,0.02
266138,0.01
266139,0.8025
266140,0.06
266141,0.0
266142,0.07
266143,0.0
266144,0.68
266145,0.03
266146,0.9
266147,0.0
266148,0.02
266149,0.05
266150,0.07
266151,0.02
266152,0.0
266153,0.02
266154,0.05
266155,0.01
266156,0.01
266157,0.01
266158,0.02
266159,0.0
266160,0.0
266161,0.03
266162,0.0
266163,0.0
266164,0.05
266165,0.05
266166,0.01
266167,0.0
266168,0.03
266169,0.02
266170,0.02
266171,0.0
266172,0.0
266173,0.02
266174,0.02
266175,0.0
266176,0.02
266177,0.12066666666666666
266178,0.02
266179,0.02
266180,0.04
266181,0.01
266182,0.01
266183,0.02
266184,0.0
266185,0.0
266186,0.0
266187,0.0
266188,0.01
266189,0.02
266190,0.03
266191,0.01
266192,0.0
266193,0.0
266194,0.01
266195,0.04
266196,0.02
266197,0.02
266198,0.0
266199,0.04
266200,0.0
266201,0.03
266202,0.01
266203,0.05
266204,0.02
266205,0.0
266206,0.14
266207,0.0
266208,0.0
266209,0.02
266210,0.0
266211,0.01
266212,0.0
266213,0.01
266214,0.05
266215,0.0
266216,0.03
266217,0.02
266218,0.01
266219,0.0
266220,0.35
266221,0.0
266222,0.06
266223,0.06
266224,0.01
266225,0.01
266226,0.01
266227,0.54
266228,0.0
266229,0.01
266230,0.01
266231,0.0
266232,0.0
266233,0.01
266234,0.01
266235,0.51
266236,0.02
266237,0.0
266238,0.06
266239,0.03
266240,0.06
266241,0.0
266242,0.21
266243,0.01
266244,0.03
266245,0.0
266246,0.16
266247,0.06
266248,0.03
266249,0.01
266250,0.04
266251,0.0
266252,0.01
266253,0.01
266254,0.0
266255,0.03
266256,0.01
266257,0.0
266258,0.01
266259,0.055
266260,0.03
266261,0.01
266262,0.03
266263,0.09
266264,0.04
266265,0.0
266266,0.0
266267,0.0
266268,0.01
266269,0.0
266270,0.04
266271,0.02
266272,0.02
266273,0.04
266274,0.01
266275,0.04
266276,0.06
266277,0.05
266278,0.0
266279,0.01
266280,0.0
266281,0.03
266282,0.01
266283,0.29
266284,0.01
266285,0.26
266286,0.0
266287,0.02
266288,0.0
266289,0.0
266290,0.79
266291,0.02
266292,0.02
266293,0.01
266294,0.0
266295,0.0
266296,0.04
266297,0.0
266298,0.01
266299,0.01
266300,0.28
266301,0.03
266302,0.37
266303,0.08
266304,0.9
266305,0.0
266306,0.13
266307,0.0
266308,0.0
266309,0.0
266310,0.04
266311,0.03
266312,0.03
266313,0.04
266314,0.01
266315,0.03
266316,0.03
266317,0.0175
266318,0.09
266319,0.01
266320,0.08
266321,0.02
266322,0.01
266323,0.01
266324,0.0
266325,0.02
266326,0.0
266327,0.04
266328,0.03
266329,0.01
266330,0.12
266331,0.61
266332,0.0
266333,0.84
266334,0.11
266335,0.02
266336,0.05
266337,0.0
266338,0.44
266339,0.0
266340,0.01
266341,0.0
266342,0.0
266343,0.01
266344,0.01
266345,0.02
266346,0.02
266347,0.0
266348,0.0
266349,0.01
266350,0.06
266351,0.0
266352,0.02
266353,0.02
266354,0.01
266355,0.02
266356,0.04
266357,0.02
266358,0.0
266359,0.04
266360,0.0
266361,0.0
266362,0.01
266363,0.06
266364,0.025
266365,0.02
266366,0.01
266367,0.03
266368,0.02
266369,0.0
266370,0.04
266371,0.02
266372,0.06
266373,0.03
266374,0.02
266375,0.0
266376,0.94
266377,0.0
266378,0.01
266379,0.02
266380,0.03
266381,0.04
266382,0.01
266383,0.0
266384,0.06
266385,0.05
266386,0.0
266387,0.01
266388,0.0
266389,0.0
266390,0.01
266391,0.04
266392,0.05
266393,0.0
266394,0.0
266395,0.0
266396,0.1
266397,0.0
266398,0.02
266399,0.0
266400,0.0
266401,0.03
266402,0.02
266403,0.01
266404,0.02
266405,0.0
266406,0.13
266407,0.0
266408,0.07
266409,0.0
266410,0.0
266411,0.04
266412,0.01
266413,0.05
266414,0.01
266415,0.01
266416,0.01
266417,0.0
266418,0.05
266419,0.0
266420,0.05
266421,0.02
266422,0.05
266423,0.09
266424,0.01
266425,0.04
266426,0.03
266427,0.0
266428,0.06
266429,0.02
266430,0.01
266431,0.03
266432,0.0
266433,0.085
266434,0.02
266435,0.0
266436,0.0
266437,0.0
266438,0.01
266439,0.0
266440,0.02
266441,0.0
266442,0.02
266443,0.0
266444,0.0
266445,0.0
266446,0.05
266447,0.01
266448,0.03
266449,0.02
266450,0.03
266451,0.01
266452,0.0
266453,0.06
266454,0.0
266455,0.01
266456,0.02
266457,0.0
266458,0.05
266459,0.23
266460,0.28
266461,0.67
266462,0.02
266463,0.01
266464,0.0
266465,0.09
266466,0.01
266467,0.0
266468,0.0
266469,0.07
266470,0.0
266471,0.05
266472,0.01
266473,0.08
266474,0.0
266475,0.0
266476,0.08
266477,0.14666666666666667
266478,0.0
266479,0.0
266480,0.02
266481,0.01
266482,0.0
266483,0.0
266484,0.0
266485,0.01
266486,0.03
266487,0.0
266488,0.01
266489,0.02
266490,0.08
266491,0.04
266492,0.01
266493,0.16
266494,0.0
266495,0.13
266496,0.09
266497,0.0
266498,0.03
266499,0.0
266500,0.0
266501,0.0
266502,0.04
266503,0.09
266504,0.06
266505,0.02
266506,0.0
266507,0.01
266508,0.0
266509,0.03
266510,0.0
266511,0.08
266512,0.48
266513,0.0
266514,0.04
266515,0.0
266516,0.0
266517,0.0
266518,0.0
266519,0.01
266520,0.01
266521,0.07
266522,0.0
266523,0.0
266524,0.0
266525,0.34
266526,0.04
266527,0.34
266528,0.01
266529,0.02
266530,0.05
266531,0.0
266532,0.01
266533,0.01
266534,0.0
266535,0.01
266536,0.0
266537,0.01
266538,0.0
266539,0.88
266540,0.02
266541,0.0
266542,0.04
266543,0.0
266544,0.05
266545,0.0
266546,0.0
266547,0.01
266548,0.0
266549,0.02
266550,0.03
266551,0.05
266552,0.075
266553,0.025
266554,0.0
266555,0.0
266556,0.07
266557,0.02
266558,0.02
266559,0.0
266560,0.02
266561,0.06
266562,0.02
266563,0.0
266564,0.0
266565,0.01
266566,0.0
266567,0.02
266568,0.03
266569,0.0
266570,0.0
266571,0.0
266572,0.0
266573,0.0
266574,0.01
266575,0.04
266576,0.0
266577,0.0
266578,0.0
266579,0.11
266580,0.06
266581,0.0
266582,0.01
266583,0.02
266584,0.02
266585,0.02
266586,0.93
266587,0.03
266588,0.0
266589,0.04
266590,0.02
266591,0.01
266592,0.0
266593,0.02
266594,0.02
266595,0.06
266596,0.0
266597,0.05
266598,0.21
266599,0.0
266600,0.0
266601,0.0
266602,0.04
266603,0.03
266604,0.0
266605,0.03
266606,0.0
266607,0.02
266608,0.28
266609,0.24
266610,0.01
266611,0.01
266612,0.01
266613,0.01
266614,0.16
266615,0.0
266616,0.0
266617,0.0
266618,0.01
266619,0.02
266620,0.0
266621,0.0
266622,0.01
266623,0.02
266624,0.12
266625,0.0
266626,0.0
266627,0.1
266628,0.95
266629,0.0
266630,0.0
266631,0.15
266632,0.01
266633,0.0
266634,0.01
266635,0.01
266636,0.03
266637,0.01
266638,0.1
266639,0.0
266640,0.04
266641,0.01
266642,0.0
266643,0.0
266644,0.05
266645,0.01
266646,0.0
266647,0.01
266648,0.01
266649,0.0
266650,0.02
266651,0.02
266652,0.03
266653,0.0
266654,0.05
266655,0.01
266656,0.01
266657,0.05
266658,0.01
266659,0.0
266660,0.0
266661,0.13
266662,0.02
266663,0.01
266664,0.01
266665,0.03
266666,0.03
266667,0.0
266668,0.02
266669,0.02
266670,0.08
266671,0.01
266672,0.02
266673,0.02
266674,0.12
266675,0.02
266676,0.01
266677,0.0
266678,0.0
266679,0.03
266680,0.0
266681,0.01
266682,0.02
266683,0.06
266684,0.04
266685,0.02
266686,0.01
266687,0.0
266688,0.04
266689,0.0
266690,0.23
266691,0.62
266692,0.01
266693,0.01
266694,0.03
266695,0.04
266696,0.05
266697,0.01
266698,0.01
266699,0.05
266700,0.0
266701,0.0
266702,0.0
266703,0.09
266704,0.16
266705,0.04
266706,0.04
266707,0.0
266708,0.02
266709,0.0
266710,0.0
266711,0.0
266712,0.01
266713,0.38
266714,0.15
266715,0.02
266716,0.0
266717,0.0
266718,0.15
266719,0.03
266720,0.02
266721,0.01
266722,0.0
266723,0.22
266724,0.0
266725,0.01
266726,0.0
266727,0.02
266728,0.02
266729,0.06
266730,0.0
266731,0.03
266732,0.01
266733,0.0
266734,0.01
266735,0.06
266736,0.02
266737,0.0
266738,0.01
266739,0.0
266740,0.15
266741,0.01
266742,0.9
266743,0.03
266744,0.01
266745,0.08
266746,0.04
266747,0.0
266748,0.01
266749,0.0
266750,0.0
266751,0.0
266752,0.02
266753,0.95
266754,0.0
266755,0.43
266756,0.01
266757,0.77
266758,0.05
266759,0.0
266760,0.0
266761,0.07
266762,0.0
266763,0.03
266764,0.03
266765,0.02
266766,0.0
266767,0.0
266768,0.01
266769,0.0
266770,0.05
266771,0.01
266772,0.01
266773,0.11
266774,0.06
266775,0.06
266776,0.01
266777,0.11
266778,0.0
266779,0.04
266780,0.03
266781,0.04
266782,0.02
266783,0.07
266784,0.04
266785,0.01
266786,0.0
266787,0.04
266788,0.02
266789,0.0
266790,0.09
266791,0.02
266792,0.21
266793,0.01
266794,0.0
266795,0.0
266796,0.0
266797,0.72
266798,0.0
266799,0.0
266800,0.73
266801,0.02
266802,0.01
266803,0.0
266804,0.01
266805,0.03
266806,0.02
266807,0.01
266808,0.02
266809,0.02
266810,0.05
266811,0.02
266812,0.02
266813,0.09
266814,0.09
266815,0.0
266816,0.02
266817,0.62
266818,0.01
266819,0.0
266820,0.55
266821,0.0
266822,0.0
266823,0.0
266824,0.04
266825,0.0
266826,0.01
266827,0.01
266828,0.01
266829,0.01
266830,0.0
266831,0.0
266832,0.01
266833,0.01
266834,0.0
266835,0.33
266836,0.03
266837,0.08
266838,0.03
266839,0.0
266840,0.01
266841,0.0
266842,0.0
266843,0.0
266844,0.0
266845,0.01
266846,0.01
266847,0.0
266848,0.0
266849,0.0
266850,0.02
266851,0.01
266852,0.0
266853,0.0
266854,0.01
266855,0.04
266856,0.07
266857,0.04
266858,0.06
266859,0.02
266860,0.01
266861,0.21
266862,0.01
266863,0.05
266864,0.08
266865,0.0
266866,0.0
266867,0.01
266868,0.06
266869,0.0
266870,0.08
266871,0.01
266872,0.0
266873,0.0
266874,0.06
266875,0.01
266876,0.0
266877,0.01
266878,0.0
266879,0.0
266880,0.05
266881,0.34
266882,0.03
266883,0.0
266884,0.0
266885,0.0
266886,0.04
266887,0.0
266888,0.0
266889,0.04
266890,0.0
266891,0.01
266892,0.01
266893,0.0
266894,0.02
266895,0.04
266896,0.05
266897,0.29
266898,0.05
266899,0.0
266900,0.0
266901,0.01
266902,0.02
266903,0.04
266904,0.01
266905,0.01
266906,0.01
266907,0.02
266908,0.0
266909,0.02
266910,0.0
266911,0.12
266912,0.0
266913,0.06
266914,0.04
266915,0.0
266916,0.0
266917,0.02
266918,0.0
266919,0.01
266920,0.0
266921,0.02
266922,0.0
266923,0.1
266924,0.04
266925,0.03
266926,0.01
266927,0.01
266928,0.05
266929,0.0
266930,0.01
266931,0.0
266932,0.06
266933,0.02
266934,0.04
266935,0.03
266936,0.0
266937,0.01
266938,0.02
266939,0.01
266940,0.04
266941,0.01
266942,0.02
266943,0.01
266944,0.14
266945,0.03
266946,0.0
266947,0.0
266948,0.19
266949,0.0
266950,0.07
266951,0.01
266952,0.13
266953,0.0
266954,0.05
266955,0.0
266956,0.21
266957,0.0
266958,0.0
266959,0.01
266960,0.0
266961,0.0
266962,0.85
266963,0.0
266964,0.02
266965,0.0
266966,0.84
266967,0.01
266968,0.36
266969,0.01
266970,0.0
266971,0.08
266972,0.01
266973,0.26
266974,0.04
266975,0.0
266976,0.0
266977,0.01
266978,0.0
266979,0.03
266980,0.0
266981,0.01
266982,0.07
266983,0.68
266984,0.06
266985,0.0
266986,0.01
266987,0.01
266988,0.01
266989,0.08
266990,0.0
266991,0.26
266992,0.01
266993,0.03
266994,0.0
266995,0.0
266996,0.01
266997,0.0
266998,0.03
266999,0.01
267000,0.01
267001,0.01
267002,0.02
267003,0.02
267004,0.01
267005,0.0
267006,0.01
267007,0.02
267008,0.02
267009,0.17
267010,0.0
267011,0.04
267012,0.0
267013,0.01
267014,0.17
267015,0.05
267016,0.06
267017,0.06
267018,0.81
267019,0.08
267020,0.02
267021,0.01
267022,0.0
267023,0.03
267024,0.09
267025,0.01
267026,0.013333333333333332
267027,0.0
267028,0.01
267029,0.0
267030,0.51
267031,0.01
267032,0.13
267033,0.0
267034,0.0
267035,0.01
267036,0.01
267037,0.04
267038,0.0
267039,0.06
267040,0.0
267041,0.02
267042,0.0
267043,0.0
267044,0.01
267045,0.0
267046,0.0
267047,0.0
267048,0.03
267049,0.01
267050,0.74
267051,0.0
267052,0.0
267053,0.26
267054,0.01
267055,0.08
267056,0.03
267057,0.03
267058,0.01
267059,0.02
267060,0.0
267061,0.01
267062,0.02
267063,0.0
267064,0.04
267065,0.01
267066,0.01
267067,0.01
267068,0.01
267069,0.12
267070,0.04
267071,0.01
267072,0.01
267073,0.08
267074,0.0
267075,0.43
267076,0.53
267077,0.01
267078,0.0
267079,0.02
267080,0.12
267081,0.02
267082,0.03
267083,0.86
267084,0.03
267085,0.0
267086,0.04
267087,0.0
267088,0.29
267089,0.04
267090,0.03
267091,0.01
267092,0.0
267093,0.0
267094,0.28
267095,0.01
267096,0.01
267097,0.04
267098,0.01
267099,0.0
267100,0.0
267101,0.0
267102,0.02
267103,0.05
267104,0.0
267105,0.09
267106,0.0
267107,0.01
267108,0.02
267109,0.01
267110,0.04
267111,0.0
267112,0.0
267113,0.02
267114,0.07
267115,0.15
267116,0.46
267117,0.0
267118,0.67
267119,0.17
267120,0.05
267121,0.03
267122,0.05
267123,0.0
267124,0.0
267125,0.01
267126,0.7
267127,0.0
267128,0.06
267129,0.0
267130,0.0
267131,0.0
267132,0.07
267133,0.04
267134,0.0
267135,0.03
267136,0.19
267137,0.01
267138,0.06
267139,0.0
267140,0.2
267141,0.01
267142,0.02
267143,0.06
267144,0.05
267145,0.0
267146,0.05
267147,0.0
267148,0.01
267149,0.0
267150,0.04
267151,0.03
267152,0.06
267153,0.02
267154,0.03
267155,0.0
267156,0.0
267157,0.02
267158,0.0
267159,0.07
267160,0.01
267161,0.09
267162,0.09
267163,0.0
267164,0.86
267165,0.0
267166,0.07
267167,0.01
267168,0.0
267169,0.02
267170,0.0
267171,0.01
267172,0.0
267173,0.0
267174,0.02
267175,0.01
267176,0.01
267177,0.01
267178,0.01
267179,0.0
267180,0.4
267181,0.04
267182,0.01
267183,0.02
267184,0.02
267185,0.02
267186,0.0
267187,0.03
267188,0.01
267189,0.53
267190,0.14
267191,0.02
267192,0.01
267193,0.01
267194,0.02
267195,0.0
267196,0.03
267197,0.01
267198,0.05
267199,0.01
267200,0.02
267201,0.08
267202,0.02
267203,0.0
267204,0.0
267205,0.03
267206,0.04
267207,0.03
267208,0.0
267209,0.05
267210,0.34
267211,0.02
267212,0.01
267213,0.04
267214,0.02
267215,0.0
267216,0.04
267217,0.13
267218,0.0
267219,0.0
267220,0.0
267221,0.01
267222,0.12
267223,0.0
267224,0.01
267225,0.05
267226,0.0
267227,0.01
267228,0.0
267229,0.13
267230,0.01
267231,0.05
267232,0.0
267233,0.0
267234,0.0
267235,0.01
267236,0.0
267237,0.0
267238,0.0
267239,0.0
267240,0.04
267241,0.05
267242,0.05
267243,0.07
267244,0.01
267245,0.01
267246,0.03
267247,0.0
267248,0.0
267249,0.06
267250,0.0
267251,0.0
267252,0.02
267253,0.05
267254,0.0
267255,0.0
267256,0.01
267257,0.02
267258,0.0
267259,0.0
267260,0.02
267261,0.01
267262,0.1
267263,0.01
267264,0.0
267265,0.0
267266,0.02
267267,0.21
267268,0.02
267269,0.0
267270,0.0
267271,0.03
267272,0.0
267273,0.02
267274,0.01
267275,0.05
267276,0.0
267277,0.0
267278,0.04
267279,0.02
267280,0.0
267281,0.08
267282,0.02
267283,0.04
267284,0.03
267285,0.04
267286,0.7
267287,0.02
267288,0.0
267289,0.0
267290,0.0
267291,0.0
267292,0.01
267293,0.0
267294,0.01
267295,0.0
267296,0.06
267297,0.0
267298,0.0
267299,0.05
267300,0.0
267301,0.31
267302,0.01
267303,0.03
267304,0.0
267305,0.0
267306,0.03
267307,0.0
267308,0.0
267309,0.06
267310,0.01
267311,0.81
267312,0.0
267313,0.0
267314,0.01
267315,0.0
267316,0.0
267317,0.01
267318,0.0
267319,0.23
267320,0.05
267321,0.0
267322,0.04
267323,0.01
267324,0.97
267325,0.05
267326,0.03
267327,0.0
267328,0.0
267329,0.06
267330,0.01
267331,0.02
267332,0.0
267333,0.02
267334,0.13
267335,0.02
267336,0.0
267337,0.02
267338,0.0
267339,0.65
267340,0.02
267341,0.0
267342,0.87
267343,0.01
267344,0.01
267345,0.022222222222222223
267346,0.13
267347,0.02
267348,0.09
267349,0.02
267350,0.93
267351,0.06
267352,0.47
267353,0.03
267354,0.0
267355,0.0
267356,0.0
267357,0.01
267358,0.02
267359,0.03
267360,0.04
267361,0.01
267362,0.66
267363,0.03
267364,0.04
267365,0.01
267366,0.0
267367,0.0
267368,0.03
267369,0.01
267370,0.02
267371,0.32
267372,0.05666666666666667
267373,0.0
267374,0.02
267375,0.0
267376,0.01
267377,0.01
267378,0.12
267379,0.0
267380,0.03
267381,0.02
267382,0.0
267383,0.06
267384,0.0
267385,0.0
267386,0.03
267387,0.01
267388,0.09
267389,0.0
267390,0.01
267391,0.01
267392,0.47
267393,0.0
267394,0.785
267395,0.17
267396,0.0
267397,0.01
267398,0.07
267399,0.0
267400,0.0
267401,0.02
267402,0.05
267403,0.09
267404,0.04
267405,0.0
267406,0.0
267407,0.01
267408,0.04
267409,0.0
267410,0.02
267411,0.01
267412,0.08
267413,0.06
267414,0.02
267415,0.0
267416,0.0
267417,0.0
267418,0.08
267419,0.0
267420,0.0
267421,0.02
267422,0.06
267423,0.86
267424,0.06
267425,0.01
267426,0.04
267427,0.01
267428,0.01
267429,0.08
267430,0.09
267431,0.02
267432,0.02
267433,0.07
267434,0.02
267435,0.01
267436,0.04
267437,0.01
267438,0.0
267439,0.06
267440,0.0
267441,0.03
267442,0.01
267443,0.02
267444,0.01
267445,0.0
267446,0.01
267447,0.05
267448,0.0
267449,0.19
267450,0.01
267451,0.02
267452,0.02
267453,0.0
267454,0.0
267455,0.01
267456,0.05
267457,0.0
267458,0.02
267459,0.03
267460,0.0
267461,0.0
267462,0.3
267463,0.01
267464,0.0
267465,0.0
267466,0.0
267467,0.0
267468,0.04
267469,0.01
267470,0.03
267471,0.08
267472,0.0
267473,0.04
267474,0.06
267475,0.13
267476,0.02
267477,0.03
267478,0.0
267479,0.0
267480,0.08
267481,0.02
267482,0.02
267483,0.01
267484,0.11
267485,0.04
267486,0.02
267487,0.02
267488,0.74
267489,0.0
267490,0.14
267491,0.0
267492,0.0
267493,0.0
267494,0.44
267495,0.04
267496,0.84
267497,0.05
267498,0.0
267499,0.02
267500,0.03
267501,0.0
267502,0.01
267503,0.0
267504,0.02
267505,0.01
267506,0.0
267507,0.0
267508,0.0
267509,0.03
267510,0.04
267511,0.01
267512,0.05
267513,0.01
267514,0.0
267515,0.01
267516,0.01
267517,0.0
267518,0.06333333333333332
267519,0.05
267520,0.03
267521,0.01
267522,0.01
267523,0.02
267524,0.32
267525,0.03
267526,0.01
267527,0.0
267528,0.04
267529,0.0
267530,0.09
267531,0.21
267532,0.02
267533,0.02
267534,0.02
267535,0.06
267536,0.22
267537,0.0
267538,0.0
267539,0.0
267540,0.01
267541,0.01
267542,0.03
267543,0.05
267544,0.01
267545,0.68
267546,0.03
267547,0.01
267548,0.02
267549,0.01
267550,0.06
267551,0.0
267552,0.07
267553,0.01
267554,0.01
267555,0.01
267556,0.07
267557,0.02
267558,0.0
267559,0.09
267560,0.09
267561,0.04
267562,0.0
267563,0.0
267564,0.01
267565,0.02
267566,0.04
267567,0.03
267568,0.02
267569,0.0
267570,0.0
267571,0.01
267572,0.0
267573,0.02
267574,0.0
267575,0.0
267576,0.01
267577,0.02
267578,0.02
267579,0.07
267580,0.03
267581,0.14
267582,0.03
267583,0.55
267584,0.15
267585,0.02
267586,0.02
267587,0.0
267588,0.0
267589,0.0
267590,0.0
267591,0.01
267592,0.01
267593,0.07
267594,0.0
267595,0.05
267596,0.02
267597,0.0
267598,0.01
267599,0.04
267600,0.0
267601,0.01
267602,0.03
267603,0.03
267604,0.0
267605,0.0
267606,0.04
267607,0.01
267608,0.0
267609,0.06
267610,0.02
267611,0.04
267612,0.03
267613,0.0
267614,0.02
267615,0.11
267616,0.01
267617,0.02
267618,0.0
267619,0.01
267620,0.02
267621,0.03
267622,0.01
267623,0.18
267624,0.02
267625,0.04
267626,0.01
267627,0.01
267628,0.01
267629,0.44
267630,0.02
267631,0.24
267632,0.0
267633,0.03
267634,0.0
267635,0.03
267636,0.02
267637,0.0
267638,0.03
267639,0.08
267640,0.01
267641,0.0
267642,0.02
267643,0.01
267644,0.02
267645,0.04
267646,0.04
267647,0.0
267648,0.63
267649,0.14
267650,0.0
267651,0.0
267652,0.01
267653,0.01
267654,0.54
267655,0.0
267656,0.01
267657,0.03
267658,0.0
267659,0.0
267660,0.98
267661,0.01
267662,0.0
267663,0.0
267664,0.01
267665,0.01
267666,0.07
267667,0.03
267668,0.0
267669,0.95
267670,0.0
267671,0.05
267672,0.03
267673,0.02
267674,0.0
267675,0.01
267676,0.03
267677,0.0
267678,0.05
267679,0.0
267680,0.07
267681,0.21
267682,0.01
267683,0.05
267684,0.06
267685,0.01
267686,0.02
267687,0.0
267688,0.0
267689,0.0
267690,0.0
267691,0.02
267692,0.0
267693,0.01
267694,0.0
267695,0.21
267696,0.02
267697,0.01
267698,0.01
267699,0.0
267700,0.78
267701,0.0
267702,0.0
267703,0.01
267704,0.01
267705,0.04
267706,0.0
267707,0.02
267708,0.1
267709,0.02
267710,0.01
267711,0.45
267712,0.0
267713,0.02
267714,0.33
267715,0.0
267716,0.02
267717,0.97
267718,0.0
267719,0.01
267720,0.02
267721,0.01
267722,0.0
267723,0.03
267724,0.03
267725,0.0
267726,0.01
267727,0.01
267728,0.0
267729,0.0
267730,0.0
267731,0.0
267732,0.0
267733,0.0
267734,0.01
267735,0.01
267736,0.02
267737,0.0
267738,0.0
267739,0.14
267740,0.02
267741,0.01
267742,0.02
267743,0.1
267744,0.12
267745,0.0
267746,0.0
267747,0.0
267748,0.01
267749,0.02
267750,0.01
267751,0.02
267752,0.03
267753,0.37
267754,0.0
267755,0.0
267756,0.01
267757,0.0
267758,0.0
267759,0.07
267760,0.05
267761,0.03
267762,0.01
267763,0.05
267764,0.01
267765,0.02
267766,0.01
267767,0.02
267768,0.0
267769,0.02
267770,0.0
267771,0.0
267772,0.0
267773,0.01
267774,0.34
267775,0.01
267776,0.0
267777,0.02
267778,0.0
267779,0.01
267780,0.0
267781,0.01
267782,0.02
267783,0.08
267784,0.06
267785,0.04
267786,0.0
267787,0.59
267788,0.01
267789,0.01
267790,0.0
267791,0.01
267792,0.01
267793,0.03
267794,0.01
267795,0.03
267796,0.11
267797,0.03
267798,0.0
267799,0.22
267800,0.05
267801,0.07
267802,0.01
267803,0.0
267804,0.0
267805,0.01
267806,0.0
267807,0.0
267808,0.05
267809,0.0
267810,0.0
267811,0.0
267812,0.01
267813,0.01
267814,0.09
267815,0.02
267816,0.03
267817,0.04
267818,0.01
267819,0.04
267820,0.04
267821,0.0
267822,0.02
267823,0.0
267824,0.0
267825,0.47
267826,0.03
267827,0.12
267828,0.01
267829,0.0
267830,0.0
267831,0.0
267832,0.0
267833,0.02
267834,0.01
267835,0.0
267836,0.06
267837,0.02
267838,0.0
267839,0.24
267840,0.0
267841,0.0
267842,0.01
267843,0.0
267844,0.01
267845,0.0
267846,0.0
267847,0.07
267848,0.06
267849,0.01
267850,0.52
267851,0.0
267852,0.03
267853,0.0
267854,0.09
267855,0.0
267856,0.24
267857,0.06
267858,0.02
267859,0.01
267860,0.02
267861,0.0
267862,0.0
267863,0.02
267864,0.01
267865,0.02
267866,0.0
267867,0.02
267868,0.01
267869,0.03
267870,0.01
267871,0.11
267872,0.05
267873,0.0
267874,0.0
267875,0.51
267876,0.01
267877,0.02
267878,0.87
267879,0.01
267880,0.01
267881,0.77
267882,0.02
267883,0.01
267884,0.0
267885,0.02
267886,0.03
267887,0.0
267888,0.01
267889,0.0
267890,0.04
267891,0.06
267892,0.0
267893,0.01
267894,0.0
267895,0.03
267896,0.04
267897,0.68
267898,0.03
267899,0.01
267900,0.04
267901,0.0
267902,0.0
267903,0.01
267904,0.27
267905,0.78
267906,0.0
267907,0.0
267908,0.04
267909,0.0
267910,0.02
267911,0.03
267912,0.0
267913,0.02
267914,0.02
267915,0.0
267916,0.01
267917,0.03
267918,0.15
267919,0.22
267920,0.01
267921,0.02
267922,0.02
267923,0.02
267924,0.01
267925,0.01
267926,0.0
267927,0.09
267928,0.0
267929,0.02
267930,0.01
267931,0.0
267932,0.0
267933,0.01
267934,0.01
267935,0.03
267936,0.0
267937,0.25
267938,0.02
267939,0.01
267940,0.01
267941,0.0
267942,0.01
267943,0.08
267944,0.01
267945,0.02
267946,0.01
267947,0.02
267948,0.09
267949,0.0
267950,0.01
267951,0.0
267952,0.71
267953,0.28
267954,0.0
267955,0.0
267956,0.0
267957,0.0
267958,0.0
267959,0.0525
267960,0.1
267961,0.0
267962,0.19
267963,0.01
267964,0.01
267965,0.08
267966,0.0
267967,0.03
267968,0.01
267969,0.01
267970,0.56
267971,0.12
267972,0.006666666666666666
267973,0.01
267974,0.29
267975,0.02
267976,0.57
267977,0.0
267978,0.01
267979,0.01
267980,0.0
267981,0.06
267982,0.01
267983,0.04
267984,0.0
267985,0.0
267986,0.04
267987,0.0
267988,0.01
267989,0.01
267990,0.02
267991,0.02
267992,0.01
267993,0.01
267994,0.03
267995,0.01
267996,0.01
267997,0.01
267998,0.18
267999,0.02
268000,0.0
268001,0.02
268002,0.055
268003,0.01
268004,0.0
268005,0.04
268006,0.57
268007,0.0
268008,0.0
268009,0.05
268010,0.013333333333333332
268011,0.0
268012,0.03
268013,0.85
268014,0.04
268015,0.0
268016,0.0
268017,0.01
268018,0.01
268019,0.01
268020,0.01
268021,0.0
268022,0.0
268023,0.02
268024,0.18
268025,0.0
268026,0.0
268027,0.23
268028,0.01
268029,0.79
268030,0.01
268031,0.01
268032,0.04
268033,0.05
268034,0.11
268035,0.01
268036,0.02
268037,0.03
268038,0.0
268039,0.0
268040,0.0
268041,0.0
268042,0.01
268043,0.0
268044,0.885
268045,0.01
268046,0.02
268047,0.01
268048,0.45
268049,0.02
268050,0.03
268051,0.0
268052,0.01
268053,0.02
268054,0.28
268055,0.02
268056,0.02
268057,0.02
268058,0.0
268059,0.02
268060,0.0
268061,0.59
268062,0.0
268063,0.01
268064,0.01
268065,0.65
268066,0.1
268067,0.05
268068,0.0
268069,0.03
268070,0.01
268071,0.01
268072,0.39
268073,0.0
268074,0.02
268075,0.0
268076,0.0
268077,0.02
268078,0.0
268079,0.01
268080,0.03
268081,0.03
268082,0.01
268083,0.02
268084,0.01
268085,0.02
268086,0.06
268087,0.01
268088,0.15
268089,0.01
268090,0.95
268091,0.0
268092,0.02
268093,0.0
268094,0.15
268095,0.45
268096,0.02
268097,0.0
268098,0.04
268099,0.01
268100,0.01
268101,0.0
268102,0.03
268103,0.05
268104,0.02
268105,0.04
268106,0.0
268107,0.0
268108,0.01
268109,0.01
268110,0.02
268111,0.02
268112,0.0
268113,0.08
268114,0.0
268115,0.03
268116,0.02
268117,0.48
268118,0.03
268119,0.26
268120,0.0
268121,0.01
268122,0.0
268123,0.0
268124,0.0
268125,0.0
268126,0.01
268127,0.0
268128,0.03
268129,0.23
268130,0.0
268131,0.02
268132,0.01
268133,0.0
268134,0.01
268135,0.01
268136,0.0
268137,0.02
268138,0.0
268139,0.1
268140,0.0
268141,0.05
268142,0.04
268143,0.0
268144,0.0
268145,0.0
268146,0.05
268147,0.0
268148,0.28
268149,0.7
268150,0.02
268151,0.01
268152,0.06
268153,0.03
268154,0.01
268155,0.4
268156,0.01
268157,0.0
268158,0.04
268159,0.03
268160,0.01
268161,0.01
268162,0.0
268163,0.0
268164,0.02
268165,0.91
268166,0.74
268167,0.0
268168,0.01
268169,0.0
268170,0.02
268171,0.01
268172,0.0
268173,0.0
268174,0.0
268175,0.03
268176,0.0
268177,0.01
268178,0.02
268179,0.19
268180,0.01
268181,0.02
268182,0.15
268183,0.1
268184,0.0
268185,0.24
268186,0.05
268187,0.0
268188,0.0
268189,0.01
268190,0.75
268191,0.76
268192,0.01
268193,0.0
268194,0.0
268195,0.0
268196,0.0
268197,0.03
268198,0.0
268199,0.02
268200,0.0
268201,0.05
268202,0.35
268203,0.87
268204,0.01
268205,0.06
268206,0.05
268207,0.02
268208,0.01
268209,0.15
268210,0.0
268211,0.0
268212,0.93
268213,0.02
268214,0.0
268215,0.05
268216,0.0
268217,0.03
268218,0.05
268219,0.01
268220,0.03
268221,0.01
268222,0.02
268223,0.0
268224,0.11
268225,0.01
268226,0.19
268227,0.0
268228,0.01
268229,0.0
268230,0.04
268231,0.0
268232,0.0
268233,0.03
268234,0.01
268235,0.04
268236,0.03
268237,0.0
268238,0.03
268239,0.01
268240,0.03
268241,0.02
268242,0.02
268243,0.01
268244,0.01
268245,0.01
268246,0.0
268247,0.0
268248,0.0
268249,0.0
268250,0.03
268251,0.01
268252,0.01
268253,0.02
268254,0.01
268255,0.05
268256,0.31
268257,0.02
268258,0.01
268259,0.02
268260,0.04
268261,0.01
268262,0.0
268263,0.01
268264,0.06
268265,0.01
268266,0.97
268267,0.02
268268,0.01
268269,0.01
268270,0.03
268271,0.13
268272,0.0
268273,0.01
268274,0.03
268275,0.03
268276,0.0
268277,0.7
268278,0.01
268279,0.05
268280,0.0
268281,0.01
268282,0.04
268283,0.03
268284,0.0
268285,0.0
268286,0.0
268287,0.01
268288,0.03
268289,0.0
268290,0.03
268291,0.01
268292,0.02
268293,0.67
268294,0.21
268295,0.0
268296,0.26
268297,0.01
268298,0.0
268299,0.03
268300,0.01
268301,0.0
268302,0.0
268303,0.01
268304,0.01
268305,0.05
268306,0.01
268307,0.02
268308,0.12
268309,0.0
268310,0.08
268311,0.0
268312,0.02
268313,0.94
268314,0.0
268315,0.0
268316,0.07
268317,0.07
268318,0.01
268319,0.01
268320,0.03
268321,0.0
268322,0.03
268323,0.23
268324,0.22
268325,0.03
268326,0.0
268327,0.04
268328,0.01
268329,0.0
268330,0.25
268331,0.04
268332,0.01
268333,0.02
268334,0.01
268335,0.01
268336,0.01
268337,0.03
268338,0.2
268339,0.01
268340,0.0
268341,0.01
268342,0.06
268343,0.01
268344,0.04
268345,0.18
268346,0.0
268347,0.03
268348,0.01
268349,0.0
268350,0.0
268351,0.02
268352,0.07
268353,0.01
268354,0.03
268355,0.01
268356,0.0
268357,0.15
268358,0.12
268359,0.04
268360,0.03
268361,0.01
268362,0.01
268363,0.0
268364,0.0
268365,0.07
268366,0.01
268367,0.0
268368,0.0
268369,0.0
268370,0.17
268371,0.01
268372,0.24
268373,0.06
268374,0.01
268375,0.01
268376,0.03
268377,0.02
268378,0.18
268379,0.0
268380,0.0
268381,0.03
268382,0.01
268383,0.01
268384,0.01
268385,0.05
268386,0.0
268387,0.05
268388,0.04
268389,0.0
268390,0.01
268391,0.01
268392,0.0
268393,0.26
268394,0.03
268395,0.02
268396,0.01
268397,0.34
268398,0.01
268399,0.0
268400,0.02
268401,0.0
268402,0.03
268403,0.0
268404,0.02
268405,0.08
268406,0.08
268407,0.02
268408,0.0
268409,0.0
268410,0.04
268411,0.01
268412,0.04
268413,0.0
268414,0.0
268415,0.0
268416,0.04
268417,0.05
268418,0.75
268419,0.01
268420,0.01
268421,0.28
268422,0.06
268423,0.04
268424,0.0
268425,0.0
268426,0.12
268427,0.01
268428,0.02
268429,0.02
268430,0.06
268431,0.0
268432,0.9
268433,0.13
268434,0.0
268435,0.01
268436,0.07
268437,0.0
268438,0.03
268439,0.0
268440,0.0
268441,0.0
268442,0.0
268443,0.0
268444,0.03
268445,0.01
268446,0.06
268447,0.05
268448,0.01
268449,0.01
268450,0.01
268451,0.01
268452,0.01
268453,0.02
268454,0.0
268455,0.0
268456,0.0
268457,0.02
268458,0.02
268459,0.0
268460,0.01
268461,0.0
268462,0.02
268463,0.01
268464,0.0
268465,0.04
268466,0.03
268467,0.03
268468,0.01
268469,0.0
268470,0.01
268471,0.0
268472,0.01
268473,0.0
268474,0.58
268475,0.01
268476,0.83
268477,0.04
268478,0.0
268479,0.14
268480,0.0
268481,0.479
268482,0.08
268483,0.28
268484,0.02
268485,0.01
268486,0.02
268487,0.12
268488,0.02
268489,0.02
268490,0.1
268491,0.0
268492,0.01
268493,0.06
268494,0.01
268495,0.03
268496,0.19
268497,0.0
268498,0.09
268499,0.01
268500,0.19
268501,0.02
268502,0.01
268503,0.02
268504,0.02
268505,0.02
268506,0.01
268507,0.04
268508,0.0
268509,0.02
268510,0.0
268511,0.0
268512,0.0
268513,0.03
268514,0.01
268515,0.02
268516,0.03
268517,0.01
268518,1.0
268519,0.01
268520,0.01
268521,0.0
268522,0.01
268523,0.04
268524,0.18
268525,0.02
268526,0.0
268527,0.0
268528,0.01
268529,0.87
268530,0.01
268531,0.01
268532,0.04
268533,0.01
268534,0.02
268535,0.01
268536,0.0
268537,0.05
268538,0.01
268539,0.0
268540,0.71
268541,0.02
268542,0.06
268543,0.0
268544,0.01
268545,0.02
268546,0.07
268547,0.0
268548,0.03
268549,0.0
268550,0.06
268551,0.08
268552,0.06
268553,0.0
268554,0.01
268555,0.41
268556,0.0
268557,0.0
268558,0.01
268559,0.0
268560,0.04
268561,0.03
268562,0.02
268563,0.02
268564,0.01
268565,0.06
268566,0.01
268567,0.04
268568,0.08
268569,0.0
268570,0.0
268571,0.0
268572,0.13
268573,0.0
268574,0.03
268575,0.0
268576,0.01
268577,0.0
268578,0.82
268579,0.05
268580,0.0
268581,0.01
268582,0.01
268583,0.67
268584,0.0
268585,0.01
268586,0.0
268587,0.0
268588,0.0
268589,0.02
268590,0.06
268591,0.02
268592,0.03
268593,0.01
268594,0.01
268595,0.03
268596,0.0
268597,0.04
268598,0.0
268599,0.0
268600,0.05
268601,0.0
268602,0.01
268603,0.02
268604,0.02
268605,0.92
268606,0.0
268607,0.0
268608,0.0
268609,0.01
268610,0.01
268611,0.02
268612,0.03
268613,0.0
268614,0.03
268615,0.03
268616,0.0
268617,0.23
268618,0.07
268619,0.01
268620,0.01
268621,0.0
268622,0.01
268623,0.12
268624,0.03
268625,0.0
268626,0.0
268627,0.04
268628,0.04
268629,0.76
268630,0.0
268631,0.0
268632,0.03
268633,0.0
268634,0.02
268635,0.02
268636,0.04
268637,0.12
268638,0.14
268639,0.05
268640,0.02
268641,0.04
268642,0.01
268643,0.16166666666666665
268644,0.0
268645,0.01
268646,0.0
268647,0.03
268648,0.03
268649,0.01
268650,0.0
268651,0.05
268652,0.0
268653,0.0
268654,0.0
268655,0.04
268656,0.08
268657,0.03
268658,0.01
268659,0.03
268660,0.04
268661,0.0
268662,0.07
268663,0.0
268664,0.01
268665,0.08
268666,0.27
268667,0.37
268668,0.06
268669,0.03
268670,0.0
268671,0.03
268672,0.05
268673,0.03
268674,0.81
268675,0.03
268676,0.0
268677,0.0
268678,0.0
268679,0.0
268680,0.0
268681,0.01
268682,0.0
268683,0.03
268684,0.71
268685,0.01
268686,0.08
268687,0.0
268688,0.0
268689,0.01
268690,0.0
268691,0.02
268692,0.05
268693,0.0
268694,0.85
268695,0.01
268696,0.02
268697,0.16
268698,0.03
268699,0.01
268700,0.0
268701,0.03
268702,0.02
268703,0.0
268704,0.07
268705,0.02
268706,0.0
268707,0.02
268708,0.02
268709,0.0
268710,0.03
268711,0.0
268712,0.06
268713,0.02
268714,0.0
268715,0.01
268716,0.0
268717,0.01
268718,0.0
268719,0.0
268720,0.07
268721,0.02
268722,0.0
268723,0.01
268724,0.0
268725,0.01
268726,0.03
268727,0.0
268728,0.02
268729,0.02
268730,0.01
268731,0.04
268732,0.0
268733,0.01
268734,0.01
268735,0.0
268736,0.22
268737,0.01
268738,0.0
268739,0.04
268740,0.02
268741,0.01
268742,0.0
268743,0.01
268744,0.0
268745,0.02
268746,0.0
268747,0.12
268748,0.0
268749,0.04
268750,0.0
268751,0.0
268752,0.06
268753,0.1
268754,0.01
268755,0.01
268756,0.01
268757,0.03
268758,0.0
268759,0.0
268760,0.0
268761,0.03
268762,0.01
268763,0.05
268764,0.0
268765,0.1
268766,0.03
268767,0.06
268768,0.0
268769,0.02
268770,0.01
268771,0.0
268772,0.0
268773,0.0
268774,0.01
268775,0.0
268776,0.01
268777,0.0
268778,0.06
268779,0.0
268780,0.05
268781,0.03
268782,0.05
268783,0.0
268784,0.0
268785,0.0
268786,0.01
268787,0.06
268788,0.115
268789,0.02
268790,0.02
268791,0.0
268792,0.01
268793,0.0
268794,0.0
268795,0.01
268796,0.02
268797,0.01
268798,0.01
268799,0.0
268800,0.01
268801,0.07
268802,0.01
268803,0.0
268804,0.02
268805,0.92
268806,0.0
268807,0.03
268808,0.03
268809,0.01
268810,0.05
268811,0.02
268812,0.0
268813,0.0
268814,0.0
268815,0.0
268816,0.0
268817,0.01
268818,0.04
268819,0.02
268820,0.02
268821,0.0
268822,0.04
268823,0.04
268824,0.02
268825,0.02
268826,0.03
268827,0.0
268828,0.02
268829,0.03
268830,0.2
268831,0.0
268832,0.04
268833,0.78
268834,0.01
268835,0.0
268836,0.08
268837,0.0
268838,0.87
268839,0.03
268840,0.06
268841,0.0
268842,0.01
268843,0.0
268844,0.0
268845,0.39
268846,0.01
268847,0.0
268848,0.06
268849,0.01
268850,0.02
268851,0.0
268852,0.0
268853,0.01
268854,0.23
268855,0.1
268856,0.0
268857,0.0
268858,0.02
268859,0.0
268860,0.01
268861,0.55
268862,0.0
268863,0.02
268864,0.03
268865,0.0
268866,0.06
268867,0.0
268868,0.03
268869,0.0
268870,0.0
268871,0.0
268872,0.0
268873,0.0
268874,0.02
268875,0.03
268876,0.01
268877,0.01
268878,0.01
268879,0.02
268880,0.0
268881,0.04
268882,0.0
268883,0.06
268884,0.01
268885,0.05
268886,0.45
268887,0.01
268888,0.07
268889,0.21
268890,0.0
268891,0.0
268892,0.03
268893,0.0
268894,0.29
268895,0.0
268896,0.0
268897,0.07
268898,0.0
268899,0.01
268900,0.0
268901,0.04
268902,0.01
268903,0.025
268904,0.02
268905,0.07
268906,0.03
268907,0.0
268908,0.0
268909,0.03
268910,0.0
268911,0.0
268912,0.04
268913,0.01
268914,0.0
268915,0.07
268916,0.01
268917,0.0
268918,0.0
268919,0.02
268920,0.01
268921,0.77
268922,0.94
268923,0.13
268924,0.0
268925,0.0
268926,0.0
268927,0.01
268928,0.02
268929,0.0
268930,0.0
268931,0.01
268932,0.0
268933,0.02
268934,0.01
268935,0.02
268936,0.01
268937,0.0
268938,0.0
268939,0.0
268940,0.01
268941,0.06
268942,0.05
268943,0.0
268944,0.01
268945,0.0
268946,0.04
268947,0.05
268948,0.03
268949,0.02
268950,0.01
268951,0.0
268952,0.01
268953,0.81
268954,0.02
268955,0.04
268956,0.04
268957,0.67
268958,0.02
268959,0.0
268960,0.02333333333333333
268961,0.13
268962,0.0
268963,0.01
268964,0.0
268965,0.0
268966,0.0
268967,0.0
268968,0.0
268969,0.01
268970,0.0
268971,0.01
268972,0.03
268973,0.02
268974,0.0
268975,0.35
268976,0.0
268977,0.01
268978,0.01
268979,0.0
268980,0.0
268981,0.02
268982,0.01
268983,0.02
268984,0.01
268985,0.0
268986,0.01
268987,0.01
268988,0.0
268989,0.01
268990,0.0
268991,0.05
268992,0.02
268993,0.05
268994,0.0
268995,0.0
268996,0.06
268997,0.04
268998,0.01
268999,0.0
269000,0.04
269001,0.02
269002,0.04
269003,0.01
269004,0.0
269005,0.0
269006,0.0
269007,0.02
269008,0.01
269009,0.0
269010,0.0
269011,0.03
269012,0.01
269013,0.01
269014,0.03
269015,0.02
269016,0.04
269017,0.0
269018,0.01
269019,0.0
269020,0.0
269021,0.01
269022,0.0
269023,0.0
269024,0.0
269025,0.02
269026,0.0
269027,0.01
269028,0.08
269029,0.11
269030,0.03
269031,0.02
269032,0.02
269033,0.03
269034,0.0
269035,0.28
269036,0.02
269037,0.06
269038,0.03
269039,0.0
269040,0.01
269041,0.02
269042,0.03
269043,0.01
269044,0.0
269045,0.0
269046,0.01
269047,0.0
269048,0.0
269049,0.01
269050,0.4
269051,0.71
269052,0.0
269053,0.0
269054,0.06
269055,0.03
269056,0.0
269057,0.0
269058,0.01
269059,0.0
269060,0.0
269061,0.0
269062,0.02
269063,0.0
269064,0.1
269065,0.0
269066,0.05
269067,0.06
269068,0.01
269069,0.0
269070,0.03
269071,0.01
269072,0.14
269073,0.0
269074,0.01
269075,0.0
269076,0.0
269077,0.07
269078,0.03
269079,0.04
269080,0.01
269081,0.0
269082,0.06
269083,0.08
269084,0.01
269085,0.0
269086,0.0
269087,0.01
269088,0.02
269089,0.02
269090,0.04
269091,0.89
269092,0.47
269093,0.0
269094,0.0
269095,0.07
269096,0.03
269097,0.0
269098,0.04
269099,0.89
269100,0.0
269101,0.0
269102,0.04
269103,0.01
269104,0.05
269105,0.03
269106,0.34
269107,0.01
269108,0.24
269109,0.0
269110,0.0
269111,0.0
269112,0.0
269113,0.04
269114,0.03
269115,0.0
269116,0.05
269117,0.05
269118,0.04
269119,0.01
269120,0.01
269121,0.0
269122,0.03
269123,0.04
269124,0.0
269125,0.0
269126,0.0
269127,0.02
269128,0.03
269129,0.0
269130,0.0
269131,0.05
269132,0.03
269133,0.02
269134,0.0
269135,0.01
269136,0.01
269137,0.05
269138,0.0
269139,0.01
269140,0.02
269141,0.01
269142,0.05
269143,0.0
269144,0.07
269145,0.0
269146,0.0
269147,0.08
269148,0.01
269149,0.01
269150,0.01
269151,0.02
269152,0.01
269153,0.01
269154,0.03
269155,0.75
269156,0.01
269157,0.01
269158,0.01
269159,0.0
269160,0.01
269161,0.03
269162,0.04
269163,0.04
269164,0.43
269165,0.04
269166,0.64
269167,0.0
269168,0.01
269169,0.03
269170,0.0
269171,0.03
269172,0.03
269173,0.0
269174,0.02
269175,0.06
269176,0.26
269177,0.11
269178,0.0
269179,0.03
269180,0.05
269181,0.0
269182,0.0
269183,0.06
269184,0.03
269185,0.0
269186,0.01
269187,0.02
269188,0.01
269189,0.01
269190,0.01
269191,0.0
269192,0.49
269193,0.02
269194,0.0
269195,0.06
269196,0.01
269197,0.71
269198,0.03
269199,0.0
269200,0.04
269201,0.0
269202,0.03
269203,0.0
269204,0.01
269205,0.0
269206,0.99
269207,0.0
269208,0.0
269209,0.0
269210,0.06
269211,0.01
269212,0.0
269213,0.0325
269214,0.0
269215,0.0
269216,0.0
269217,0.0
269218,0.04
269219,0.72
269220,0.0
269221,0.01
269222,0.06
269223,0.08
269224,0.0
269225,0.02
269226,0.0
269227,0.0
269228,0.0
269229,0.01
269230,0.0
269231,0.0
269232,0.01
269233,0.0
269234,0.01
269235,0.62
269236,0.01
269237,0.0
269238,0.95
269239,0.03
269240,0.0
269241,0.03
269242,0.06
269243,0.0
269244,0.0
269245,0.01
269246,0.02
269247,0.05
269248,0.04
269249,0.01
269250,0.0
269251,0.03
269252,0.0
269253,0.02
269254,0.0
269255,0.82
269256,0.0
269257,0.03
269258,0.15
269259,0.07
269260,0.03
269261,0.06
269262,0.05
269263,0.02
269264,0.03
269265,0.0
269266,0.01
269267,0.02
269268,0.0
269269,0.0
269270,0.03
269271,0.14
269272,0.0
269273,0.0
269274,0.01
269275,0.0
269276,0.0
269277,0.85
269278,0.0
269279,0.03
269280,0.0
269281,0.2
269282,0.0
269283,0.0
269284,0.0
269285,0.01
269286,0.01
269287,0.0
269288,0.0
269289,0.14
269290,0.0
269291,0.0
269292,0.025
269293,0.13
269294,0.0
269295,0.0
269296,0.0
269297,0.01
269298,0.01
269299,0.01
269300,0.05
269301,0.3183333333333333
269302,0.05
269303,0.02
269304,0.03
269305,0.42
269306,0.01
269307,0.08
269308,0.03
269309,0.01
269310,0.02
269311,0.02
269312,0.02
269313,0.0
269314,0.0
269315,0.0
269316,0.0
269317,0.28
269318,0.0
269319,0.02
269320,0.01
269321,0.02
269322,0.0
269323,0.01
269324,0.2
269325,0.01
269326,0.0
269327,0.0
269328,0.01
269329,0.03
269330,0.03
269331,0.0
269332,0.01
269333,0.04
269334,0.01
269335,0.04
269336,0.28
269337,0.01
269338,0.0
269339,0.27
269340,0.0
269341,0.14
269342,0.0
269343,0.0
269344,0.0
269345,0.01
269346,0.0
269347,0.0
269348,0.02
269349,0.0
269350,0.04
269351,0.01
269352,0.01
269353,0.0
269354,0.04
269355,0.0
269356,0.03
269357,0.08
269358,0.0
269359,0.02
269360,0.05
269361,0.01
269362,0.0
269363,0.01
269364,0.04
269365,0.04
269366,0.03
269367,0.13
269368,0.01
269369,0.04
269370,0.0
269371,0.0
269372,0.39
269373,0.01
269374,0.03
269375,0.0
269376,0.0
269377,0.05
269378,0.0
269379,0.0
269380,0.0
269381,0.05
269382,0.03
269383,0.0
269384,0.0
269385,0.04
269386,0.01
269387,0.0
269388,0.0
269389,0.01
269390,0.0
269391,0.95
269392,0.0
269393,0.08
269394,0.0
269395,0.02
269396,0.0
269397,0.01
269398,0.04
269399,0.22
269400,0.0
269401,0.0
269402,0.0
269403,0.0
269404,0.01
269405,0.0
269406,0.02
269407,0.02
269408,0.04
269409,0.03
269410,0.05
269411,0.08
269412,0.01
269413,0.0
269414,0.0
269415,0.03
269416,0.0
269417,0.0
269418,0.02
269419,0.0
269420,0.035
269421,0.0
269422,0.33
269423,0.0
269424,0.01
269425,0.21
269426,0.03
269427,0.04
269428,0.0
269429,0.12
269430,0.045
269431,0.01
269432,0.02
269433,0.04
269434,0.08
269435,0.34
269436,0.0
269437,0.06
269438,0.0
269439,0.27
269440,0.01
269441,0.03
269442,0.0
269443,0.14
269444,0.02
269445,0.0
269446,0.08
269447,0.02
269448,0.02
269449,0.01
269450,0.01
269451,0.16
269452,0.0
269453,0.05
269454,0.02
269455,0.11
269456,0.01
269457,0.01
269458,0.0
269459,0.03
269460,0.0
269461,0.02
269462,0.08
269463,0.02
269464,0.02
269465,0.0
269466,0.03
269467,0.0
269468,0.02
269469,0.0
269470,0.04
269471,0.06
269472,0.33
269473,0.01
269474,0.0
269475,0.17
269476,0.03
269477,0.03
269478,0.0
269479,0.12
269480,0.06
269481,0.03
269482,0.02
269483,0.05
269484,0.0
269485,0.08
269486,0.03
269487,0.0
269488,0.04
269489,0.0
269490,0.0
269491,0.06
269492,0.71
269493,0.01
269494,0.01
269495,0.02
269496,0.0
269497,0.01
269498,0.01
269499,0.01
269500,0.0
269501,0.0
269502,0.06
269503,0.0
269504,0.0
269505,0.01
269506,0.0
269507,0.02
269508,0.02
269509,0.17
269510,0.04
269511,0.01
269512,0.01
269513,0.0
269514,0.02
269515,0.0
269516,0.01
269517,0.03
269518,0.01
269519,0.01
269520,0.02
269521,0.01
269522,0.08
269523,0.04
269524,0.0
269525,0.01
269526,0.01
269527,0.0
269528,0.04
269529,0.38
269530,0.0
269531,0.0
269532,0.0
269533,0.02
269534,0.0
269535,0.0
269536,0.03
269537,0.0
269538,0.01
269539,0.01
269540,0.01
269541,0.18
269542,0.03
269543,0.05
269544,0.04
269545,0.09
269546,0.23
269547,0.01
269548,0.0
269549,0.02
269550,0.03
269551,0.0
269552,0.01
269553,0.04
269554,0.0
269555,0.02
269556,0.01
269557,0.03
269558,0.01
269559,0.1
269560,0.01
269561,0.0
269562,0.0
269563,0.01
269564,0.07
269565,0.07
269566,0.0
269567,0.27
269568,0.06
269569,0.0
269570,0.01
269571,0.06
269572,0.07333333333333333
269573,0.01
269574,0.02
269575,0.24
269576,0.04
269577,0.02
269578,0.01
269579,0.0
269580,0.02
269581,0.03
269582,0.0
269583,0.01
269584,0.0
269585,0.01
269586,0.01
269587,0.05
269588,0.0
269589,0.02
269590,0.0
269591,0.01
269592,0.25
269593,0.01
269594,0.01
269595,0.04
269596,0.01
269597,0.0
269598,0.0
269599,0.04
269600,0.01
269601,0.01
269602,0.94
269603,0.0
269604,0.03
269605,0.0
269606,0.33
269607,0.02
269608,0.0
269609,0.01
269610,0.0
269611,0.2
269612,0.01
269613,0.06
269614,0.13
269615,0.0
269616,0.01
269617,0.01
269618,0.0
269619,0.03
269620,0.02
269621,0.04
269622,0.01
269623,0.04
269624,0.04
269625,0.0
269626,0.06
269627,0.02
269628,0.17
269629,0.19
269630,0.01
269631,0.01
269632,0.01
269633,0.01
269634,0.02
269635,0.0
269636,0.0
269637,0.01
269638,0.01
269639,0.01
269640,0.27
269641,0.03
269642,0.0
269643,0.01
269644,0.13
269645,0.15
269646,0.02
269647,0.04
269648,0.0
269649,0.01
269650,0.0
269651,0.01
269652,0.12
269653,0.0
269654,0.18
269655,0.59
269656,0.0
269657,0.07
269658,0.02
269659,0.01
269660,0.01
269661,0.02
269662,0.0
269663,0.02
269664,0.0
269665,0.01
269666,0.22
269667,0.11
269668,0.01
269669,0.01
269670,0.0
269671,0.03
269672,0.0
269673,0.01
269674,0.03
269675,0.68
269676,0.64
269677,0.02
269678,0.0
269679,0.02
269680,0.01
269681,0.02
269682,0.02
269683,0.02
269684,0.05
269685,0.04
269686,0.0
269687,0.01
269688,0.0
269689,0.0
269690,0.02
269691,0.01
269692,0.01
269693,0.04
269694,0.06
269695,0.06
269696,0.0
269697,0.0
269698,0.0
269699,0.0
269700,0.03
269701,0.0
269702,0.0
269703,0.0
269704,0.01
269705,0.0
269706,0.04
269707,0.04
269708,0.01
269709,0.0
269710,0.01
269711,0.0
269712,0.0
269713,0.04
269714,0.01
269715,0.02
269716,0.0
269717,0.18
269718,0.22
269719,0.02
269720,0.01
269721,0.01
269722,0.04
269723,0.04
269724,0.05
269725,0.01
269726,0.01
269727,0.02
269728,0.03
269729,0.02
269730,0.01
269731,0.0
269732,0.01
269733,0.18
269734,0.8
269735,0.01
269736,0.02
269737,0.01
269738,0.03
269739,0.01
269740,0.0
269741,0.01
269742,0.01
269743,0.05
269744,0.0
269745,0.02
269746,0.0
269747,0.01
269748,0.04
269749,0.04
269750,0.25
269751,0.01
269752,0.0
269753,0.02
269754,0.08
269755,0.02
269756,0.0
269757,0.02
269758,0.0
269759,0.01
269760,0.0
269761,0.0
269762,0.03
269763,0.06
269764,0.01
269765,0.01
269766,0.0
269767,0.01
269768,0.01
269769,0.01
269770,0.06
269771,0.07
269772,0.03
269773,0.0
269774,0.04
269775,0.01
269776,0.02
269777,0.58
269778,0.01
269779,0.36
269780,0.04
269781,0.01
269782,0.07
269783,0.01
269784,0.0
269785,0.0
269786,0.0
269787,0.04
269788,0.01
269789,0.79
269790,0.01
269791,0.07
269792,0.0
269793,0.03
269794,0.05
269795,0.03
269796,0.74
269797,0.0
269798,0.08
269799,0.12
269800,0.01
269801,0.0
269802,0.04
269803,0.01
269804,0.07
269805,0.02
269806,0.0
269807,0.06
269808,0.03
269809,0.01
269810,0.04
269811,0.0
269812,0.03
269813,0.01
269814,0.02
269815,0.0
269816,0.0
269817,0.02
269818,0.0
269819,0.02
269820,0.0
269821,0.0
269822,0.01
269823,0.04
269824,0.02
269825,0.0
269826,0.0
269827,0.01
269828,0.05
269829,0.01
269830,0.01
269831,0.04
269832,0.0
269833,0.02
269834,0.0
269835,0.09
269836,0.0
269837,0.04
269838,0.59
269839,0.0
269840,0.19
269841,0.02
269842,0.02
269843,0.24
269844,0.01
269845,0.04
269846,0.01
269847,0.04
269848,0.02
269849,0.01
269850,0.03
269851,0.01
269852,0.01
269853,0.02
269854,0.02
269855,0.01
269856,0.04
269857,0.29
269858,0.0
269859,0.63
269860,0.01
269861,0.0
269862,0.04
269863,0.02
269864,0.01
269865,0.05
269866,0.05
269867,0.0
269868,0.1
269869,0.04
269870,0.98
269871,0.01
269872,0.01
269873,0.04
269874,0.01
269875,0.01
269876,0.0
269877,0.38
269878,0.01
269879,0.0
269880,0.0
269881,0.02
269882,0.0
269883,0.01
269884,0.77
269885,0.02
269886,0.01
269887,0.02
269888,0.02
269889,0.02
269890,0.03
269891,0.0
269892,0.03
269893,0.0
269894,0.03
269895,0.01
269896,0.0
269897,0.0
269898,0.0
269899,0.01
269900,0.01
269901,0.08
269902,0.04
269903,0.01
269904,0.02
269905,0.04
269906,0.01
269907,0.01
269908,0.02
269909,0.0
269910,0.02
269911,0.04
269912,0.0
269913,0.03
269914,0.01
269915,0.01
269916,0.1
269917,0.01
269918,0.0
269919,0.0
269920,0.01
269921,0.0
269922,0.02
269923,0.05
269924,0.0
269925,0.02
269926,0.0
269927,0.02
269928,0.04
269929,0.0
269930,0.0
269931,0.0
269932,0.01
269933,0.0
269934,0.01
269935,0.02
269936,0.03
269937,0.86
269938,0.02
269939,0.01
269940,0.01
269941,0.01
269942,0.02
269943,0.1
269944,0.0
269945,0.02
269946,0.0
269947,0.03
269948,0.02
269949,0.02
269950,0.07
269951,0.01
269952,0.02
269953,0.01
269954,0.01
269955,0.0
269956,0.02
269957,0.01
269958,0.01
269959,0.01
269960,0.0
269961,0.04
269962,0.03
269963,0.03
269964,0.0
269965,0.01
269966,0.02
269967,0.0
269968,0.01
269969,0.89
269970,0.01
269971,0.01
269972,0.0
269973,0.02
269974,0.02
269975,0.0
269976,0.04
269977,0.01
269978,0.14
269979,0.01
269980,0.0
269981,0.0
269982,0.01
269983,0.03
269984,0.0
269985,0.0
269986,0.02
269987,0.01
269988,0.0
269989,0.0
269990,0.0
269991,0.06
269992,0.01
269993,0.04
269994,0.03
269995,0.0
269996,0.01
269997,0.01
269998,0.02
269999,0.02
270000,0.03
270001,0.0
270002,0.01
270003,0.0
270004,0.0
270005,0.0
270006,0.07
270007,0.02
270008,0.03
270009,0.0
270010,0.0
270011,0.0
270012,0.07
270013,0.01
270014,0.03
270015,0.0
270016,0.01
270017,0.0
270018,0.02
270019,0.01
270020,0.0
270021,0.17666666666666664
270022,0.0
270023,0.08
270024,0.0
270025,0.0
270026,0.0
270027,0.02
270028,0.0
270029,0.01
270030,0.0425
270031,0.04
270032,0.02
270033,0.01
270034,0.02
270035,0.0
270036,0.0
270037,0.04
270038,0.13
270039,0.21
270040,0.04
270041,0.0
270042,0.01
270043,0.01
270044,0.0
270045,0.04
270046,0.03
270047,0.0
270048,0.01
270049,0.01
270050,0.01
270051,0.0
270052,0.0
270053,0.19
270054,0.03
270055,0.0
270056,0.02
270057,0.06
270058,0.0
270059,0.02
270060,0.05
270061,0.04
270062,0.01
270063,0.0
270064,0.02
270065,0.01
270066,0.03
270067,0.0
270068,0.03
270069,0.08
270070,0.02
270071,0.03
270072,0.02
270073,0.0
270074,0.04
270075,0.0
270076,0.02
270077,0.02
270078,0.01
270079,0.0
270080,0.0
270081,0.11
270082,0.03
270083,0.01
270084,0.01
270085,0.01
270086,0.09
270087,0.02
270088,0.04
270089,0.01
270090,0.48
270091,0.34
270092,0.04
270093,0.0
270094,0.05
270095,0.0
270096,0.02
270097,0.04
270098,0.01
270099,0.05
270100,0.03
270101,0.0
270102,0.13
270103,0.02
270104,0.05
270105,0.01
270106,0.48
270107,0.0
270108,0.0
270109,0.01
270110,0.0
270111,0.01
270112,0.0
270113,0.04
270114,0.01
270115,0.06
270116,0.0
270117,0.09
270118,0.07
270119,0.04
270120,0.03
270121,0.01
270122,0.07
270123,0.01
270124,0.35
270125,0.0
270126,0.0
270127,0.29
270128,0.01
270129,0.01
270130,0.02
270131,0.01
270132,0.02
270133,0.04
270134,0.01
270135,0.04
270136,0.02
270137,0.0
270138,0.12
270139,0.05
270140,0.01
270141,0.53
270142,0.01
270143,0.52
270144,0.24
270145,0.0
270146,0.64
270147,0.01
270148,0.06
270149,0.01
270150,0.02
270151,0.0
270152,0.05
270153,0.04
270154,0.01
270155,0.0
270156,0.0
270157,0.07
270158,0.0
270159,0.0
270160,0.0
270161,0.06
270162,0.0
270163,0.0
270164,0.0
270165,0.02
270166,0.02
270167,0.47
270168,0.22
270169,0.03
270170,0.06
270171,0.03
270172,0.0
270173,0.0
270174,0.0
270175,0.0
270176,0.02
270177,0.9
270178,0.01
270179,0.0
270180,0.03
270181,0.02
270182,0.02
270183,0.0
270184,0.0
270185,0.01
270186,0.03
270187,0.0
270188,0.02
270189,0.0
270190,0.025
270191,0.01
270192,0.0
270193,0.04
270194,0.0
270195,0.0
270196,0.01
270197,0.02
270198,0.0
270199,0.0
270200,0.04
270201,0.02
270202,0.69
270203,0.0
270204,0.03
270205,0.01
270206,0.0
270207,0.01
270208,0.0
270209,0.0
270210,0.0
270211,0.26
270212,0.0
270213,0.44
270214,0.01
270215,0.02
270216,0.07
270217,0.03
270218,0.03
270219,0.01
270220,0.0
270221,0.05
270222,0.46
270223,0.02
270224,0.01
270225,0.02
270226,0.05
270227,0.02
270228,0.0
270229,0.04
270230,0.02
270231,0.0
270232,0.01
270233,0.77
270234,0.02
270235,0.02
270236,0.01
270237,0.09
270238,0.03
270239,0.04
270240,0.04
270241,0.0
270242,0.02
270243,0.0
270244,0.02
270245,0.01
270246,0.26
270247,0.09
270248,0.0
270249,0.0
270250,0.09
270251,0.02
270252,0.0
270253,0.05
270254,0.01
270255,0.0
270256,0.01
270257,0.0
270258,0.0
270259,0.0
270260,0.01
270261,0.09
270262,0.02
270263,0.04
270264,0.02
270265,0.02
270266,0.0
270267,0.0
270268,0.05
270269,0.0
270270,0.06
270271,0.45
270272,0.03
270273,0.0
270274,0.0
270275,0.0
270276,0.13
270277,0.05
270278,0.0
270279,0.43
270280,0.01
270281,0.03
270282,0.03
270283,0.0
270284,0.0
270285,0.0
270286,0.01
270287,0.07
270288,0.07
270289,0.46
270290,0.0
270291,0.0
270292,0.0
270293,0.01
270294,0.0
270295,0.04
270296,0.0
270297,0.0
270298,0.03
270299,0.02
270300,0.0
270301,0.05
270302,0.0
270303,0.7289999999999999
270304,0.0
270305,0.03
270306,0.09
270307,0.02
270308,0.27
270309,0.01
270310,0.0
270311,0.0
270312,0.02
270313,0.0
270314,0.05
270315,0.01
270316,0.0
270317,0.0
270318,0.0
270319,0.01
270320,0.01
270321,0.37
270322,0.09
270323,0.0
270324,0.11
270325,0.0
270326,0.0
270327,0.07
270328,0.06
270329,0.0
270330,0.83
270331,0.07
270332,0.01
270333,0.02
270334,0.02
270335,0.04
270336,0.01
270337,0.02
270338,0.0
270339,0.06
270340,0.01
270341,0.02
270342,0.02
270343,0.05
270344,0.0
270345,0.02
270346,0.01
270347,0.0
270348,0.0
270349,0.0
270350,0.0
270351,0.01
270352,0.01
270353,0.0
270354,0.0
270355,0.01
270356,0.02
270357,0.03
270358,0.13
270359,0.0
270360,0.8
270361,0.02
270362,0.08
270363,0.01
270364,0.01
270365,0.01
270366,0.03
270367,0.01
270368,0.03
270369,0.0
270370,0.01
270371,0.01
270372,0.02
270373,0.01
270374,0.03
270375,0.0
270376,0.04
270377,0.0
270378,0.04
270379,0.02
270380,0.0
270381,0.0
270382,0.05
270383,0.03
270384,0.09
270385,0.06
270386,0.01
270387,0.02
270388,0.04
270389,0.0
270390,0.04
270391,0.0
270392,0.04
270393,0.03
270394,0.11
270395,0.01
270396,0.11
270397,0.1
270398,0.04
270399,0.0
270400,0.0
270401,0.0
270402,0.04
270403,0.01
270404,0.25
270405,0.56
270406,0.01
270407,0.02
270408,0.04
270409,0.02
270410,0.17
270411,0.53
270412,0.02
270413,0.0
270414,0.0
270415,0.0
270416,0.01
270417,0.0
270418,0.04
270419,0.0
270420,0.01
270421,0.0
270422,0.0
270423,0.0
270424,0.0
270425,0.02
270426,0.0
270427,0.02
270428,0.0
270429,0.03
270430,0.01
270431,0.02
270432,0.0
270433,0.01
270434,0.02
270435,0.01
270436,0.0
270437,0.06
270438,0.0
270439,0.01
270440,0.0
270441,0.0
270442,0.0
270443,0.01
270444,0.0
270445,0.02
270446,0.03
270447,0.0
270448,0.28
270449,0.0
270450,0.02
270451,0.03
270452,0.1
270453,0.0
270454,0.03
270455,0.01
270456,0.03
270457,0.27
270458,0.0
270459,0.02
270460,0.0
270461,0.15
270462,0.19
270463,0.0
270464,0.11
270465,0.03
270466,0.0
270467,0.02
270468,0.0
270469,0.0
270470,0.0
270471,0.0
270472,0.05
270473,0.03
270474,0.0
270475,0.88
270476,0.0
270477,0.05
270478,0.0
270479,0.01
270480,0.02
270481,0.06
270482,0.04
270483,0.05
270484,0.05
270485,0.0
270486,0.0
270487,0.18
270488,0.0
270489,0.02
270490,0.05
270491,0.0
270492,0.0
270493,0.0
270494,0.0
270495,0.0
270496,0.12
270497,0.02
270498,0.0
270499,0.01
270500,0.01
270501,0.02
270502,0.01
270503,0.06
270504,0.01
270505,0.04
270506,0.0
270507,0.02
270508,0.01
270509,0.2
270510,0.0
270511,0.01
270512,0.03
270513,0.0
270514,0.07
270515,0.01
270516,0.0
270517,0.02
270518,0.04
270519,0.06
270520,0.03
270521,0.02
270522,0.01
270523,0.02
270524,0.15
270525,0.88
270526,0.01
